date,价值100,自由现金流,沪深300,中证全指,300价值,中证红利,红利低波,红利质量
2012-12-31,1000.0,1000.0,2522.95,2749.85,2654.41,2530.56,4197.87,6745.43
2013-01-04,1000.6886,996.8178,2524.41,2745.76,2672.94,2533.88,4199.04,6652.51
2013-01-07,1006.4233,1002.3926,2535.99,2766.23,2692.73,2557.83,4236.21,6716.5
2013-01-08,998.8736,1002.7489,2525.33,2773.17,2659.55,2539.62,4228.52,6806.47
2013-01-09,1000.4799,1009.6756,2526.13,2775.96,2652.05,2536.05,4221.51,6879.88
2013-01-10,1003.9027,1010.125,2530.57,2786.29,2653.08,2539.1,4226.75,6877.47
2013-01-11,984.1628,988.5663,2483.23,2729.87,2604.05,2488.88,4154.61,6800.68
2013-01-14,1017.4429,1013.3235,2577.73,2829.59,2709.02,2589.42,4294.32,6971.15
2013-01-15,1023.0358,1021.78,2595.86,2862.97,2715.36,2595.64,4335.18,7026.87
2013-01-16,1007.8881,1014.3441,2577.09,2849.66,2678.55,2563.55,4291.51,7010.76
2013-01-17,1006.145,1007.9313,2552.76,2820.92,2656.37,2545.13,4261.16,6983.66
2013-01-18,1026.7913,1021.9398,2595.44,2867.3,2710.34,2585.71,4325.63,7071.2
2013-01-21,1036.7162,1033.5111,2610.9,2886.81,2742.54,2610.98,4357.38,7055.59
2013-01-22,1028.6883,1019.2718,2596.9,2857.39,2744.82,2604.44,4328.68,6950.13
2013-01-23,1028.6156,1018.0477,2607.46,2866.98,2754.4,2617.53,4343.97,6987.29
2013-01-24,1016.8407,999.5949,2582.76,2824.58,2741.52,2602.12,4312.85,6863.55
2013-01-25,1010.2773,999.9956,2571.67,2815.89,2728.34,2590.99,4298.89,6845.5
2013-01-28,1040.5516,1023.0857,2651.86,2896.96,2830.49,2691.19,4417.3,6904.1
2013-01-29,1049.0071,1027.7197,2675.87,2923.65,2852.09,2725.57,4433.1,6945.22
2013-01-30,1058.2522,1031.0249,2688.71,2935.02,2872.41,2737.06,4474.41,6998.4
2013-01-31,1050.5158,1031.7184,2686.88,2926.96,2870.42,2747.54,4472.77,6950.59
2013-02-01,1063.4294,1040.0931,2743.32,2971.19,2948.02,2827.14,4552.31,6994.65
2013-02-04,1056.8713,1047.4696,2748.03,2965.34,2963.31,2838.89,4576.55,6922.67
2013-02-05,1076.0728,1061.7338,2771.68,2992.21,2977.11,2846.05,4629.23,7085.85
2013-02-06,1069.1183,1059.333,2775.84,3002.05,2978.52,2849.3,4616.07,7140.52
2013-02-07,1070.4891,1057.4265,2759.87,2996.61,2932.74,2802.76,4579.58,7212.71
2013-02-08,1086.4914,1069.5993,2771.73,3021.59,2934.4,2792.69,4602.1,7319.86
2013-02-18,1080.3989,1071.753,2737.47,3008.44,2903.7,2770.0,4592.61,7262.4
2013-02-19,1051.2211,1047.9929,2685.61,2954.18,2851.92,2736.57,4543.92,7140.16
2013-02-20,1062.9792,1061.2918,2702.64,2989.72,2852.97,2736.21,4570.63,7321.2
2013-02-21,1027.6333,1030.1055,2610.55,2906.31,2743.54,2628.51,4434.26,7254.22
2013-02-22,1021.5693,1028.1121,2596.6,2894.49,2711.99,2600.31,4395.16,7246.82
2013-02-25,1023.8613,1033.9542,2604.96,2913.19,2725.2,2620.09,4452.18,7250.73
2013-02-26,1004.9815,1013.6843,2567.6,2872.45,2689.86,2588.94,4388.99,7163.77
2013-02-27,1016.6353,1015.6095,2594.68,2890.58,2723.63,2624.58,4415.42,7151.02
2013-02-28,1048.7077,1040.0854,2673.33,2965.17,2821.56,2712.25,4523.87,7273.98
2013-03-01,1050.178,1043.1935,2668.84,2978.12,2805.94,2704.47,4545.52,7354.97
2013-03-04,1000.7594,1003.9598,2545.72,2857.58,2649.02,2575.15,4414.07,7152.32
2013-03-05,1015.4238,1017.2798,2622.81,2934.54,2743.6,2685.24,4557.12,7328.87
2013-03-06,1026.8017,1033.8527,2650.2,2972.8,2774.73,2712.17,4623.87,7429.0
2013-03-07,1017.5906,1029.4722,2619.48,2938.91,2736.96,2673.23,4559.61,7384.75
2013-03-08,1011.7046,1023.393,2606.93,2918.76,2733.92,2667.83,4572.39,7303.85
2013-03-11,1008.9405,1019.9848,2592.37,2909.62,2707.56,2638.26,4550.05,7260.1
2013-03-12,994.632,1002.3571,2555.62,2854.86,2670.5,2592.09,4461.82,7092.08
2013-03-13,979.6195,991.4603,2527.49,2826.4,2637.67,2567.68,4406.92,7072.66
2013-03-14,980.2486,1004.6394,2534.27,2835.13,2644.89,2577.33,4417.51,7128.29
2013-03-15,983.1796,1007.2966,2539.87,2840.83,2653.2,2589.29,4438.72,7148.68
2013-03-18,967.6149,991.4125,2502.49,2802.65,2617.51,2555.56,4416.79,7014.3
2013-03-19,973.9588,997.0085,2525.1,2819.67,2652.39,2586.03,4461.79,6972.26
2013-03-20,999.3719,1017.3925,2610.17,2904.72,2751.11,2680.1,4594.91,7147.89
2013-03-21,1001.4727,1017.6182,2614.99,2921.36,2748.66,2679.44,4663.56,7216.3
2013-03-22,1006.0645,1025.926,2618.31,2927.39,2752.71,2680.53,4682.31,7247.55
2013-03-25,1000.0231,1018.6743,2613.1,2923.44,2746.97,2672.03,4714.65,7234.66
2013-03-26,991.4636,1005.5266,2575.05,2890.98,2697.13,2620.31,4652.23,7238.61
2013-03-27,993.0407,1002.647,2583.53,2899.8,2711.32,2629.94,4652.98,7266.56
2013-03-28,975.1254,984.3487,2499.3,2810.36,2606.12,2519.02,4498.69,7143.15
2013-03-29,973.2092,980.5696,2495.08,2807.68,2610.54,2522.29,4518.55,7101.6
2013-04-01,975.9432,979.1278,2493.19,2814.73,2605.51,2515.21,4556.49,7070.06
2013-04-02,975.3908,978.7107,2486.39,2793.55,2605.45,2509.64,4530.92,6919.03
2013-04-03,974.2644,976.5191,2483.55,2780.52,2612.6,2515.17,4511.67,6872.66
2013-04-08,968.777,971.4236,2472.3,2778.87,2590.65,2497.34,4522.29,6931.89
2013-04-09,976.1622,975.889,2489.43,2800.91,2611.8,2512.94,4544.06,6916.07
2013-04-10,975.7629,974.8294,2485.31,2794.06,2603.43,2503.3,4529.27,6888.12
2013-04-11,968.75,972.3301,2477.88,2785.08,2600.19,2500.0,4510.48,6852.29
2013-04-12,961.3805,967.178,2462.11,2765.45,2582.03,2483.29,4472.84,6843.57
2013-04-15,955.9012,953.3524,2436.82,2733.45,2564.71,2461.53,4423.94,6760.26
2013-04-16,968.8739,952.0325,2459.59,2759.7,2588.06,2466.09,4442.62,6774.29
2013-04-17,974.3655,956.7553,2458.47,2770.14,2572.17,2446.4,4437.21,6871.93
2013-04-18,976.8825,959.7364,2464.85,2777.63,2582.49,2458.15,4477.59,6867.23
2013-04-19,995.3074,979.6076,2533.83,2845.67,2664.2,2546.2,4612.61,7015.54
2013-04-22,987.1112,977.5507,2530.67,2851.75,2659.77,2551.28,4613.71,6991.31
2013-04-23,957.7135,952.5654,2449.47,2766.06,2570.7,2474.72,4461.03,6836.77
2013-04-24,972.2463,963.9041,2495.58,2820.86,2615.09,2520.55,4564.63,6942.7
2013-04-25,961.1976,952.0436,2467.88,2783.02,2585.85,2496.1,4496.76,6903.51
2013-04-26,954.6782,940.9741,2447.31,2747.91,2567.77,2474.5,4446.57,6809.17
2013-05-02,951.1124,937.2826,2449.64,2756.81,2574.77,2481.07,4480.6,6806.47
2013-05-03,965.6952,950.9419,2492.91,2807.88,2619.73,2523.52,4544.46,6946.87
2013-05-06,977.2769,965.5706,2525.98,2850.85,2644.53,2549.82,4583.72,7065.34
2013-05-07,985.1467,973.3065,2529.94,2856.48,2646.94,2547.79,4614.86,7096.33
2013-05-08,987.9805,975.1101,2542.8,2876.9,2661.03,2553.75,4633.18,7153.36
2013-05-09,979.3868,971.7687,2527.79,2869.45,2635.26,2539.82,4650.44,7161.85
2013-05-10,986.6918,975.3333,2540.84,2885.84,2654.72,2554.39,4689.16,7178.22
2013-05-13,980.5619,974.1365,2530.77,2885.67,2640.35,2547.48,4686.73,7132.34
2013-05-14,963.0011,960.5446,2493.34,2847.5,2603.96,2522.44,4605.14,6996.09
2013-05-15,966.3663,964.3989,2506.93,2873.6,2609.78,2536.5,4635.22,7049.72
2013-05-16,977.8361,972.42,2552.71,2913.58,2656.55,2574.46,4692.57,7125.91
2013-05-17,994.0836,991.3443,2592.05,2956.85,2694.96,2606.19,4733.55,7243.68
2013-05-20,1004.1096,995.4081,2609.61,2987.07,2717.46,2629.8,4764.68,7204.1
2013-05-21,1009.1523,997.9839,2614.85,3007.96,2712.71,2623.32,4802.01,7255.53
2013-05-22,1009.5749,990.8519,2618.03,2996.78,2715.37,2625.85,4759.93,7229.93
2013-05-23,994.4516,981.9077,2582.85,2965.26,2664.89,2579.44,4688.92,7173.32
2013-05-24,995.1975,984.8597,2597.23,2994.76,2669.32,2589.42,4713.45,7253.39
2013-05-27,991.864,985.7529,2599.59,3009.88,2663.18,2591.84,4738.41,7253.17
2013-05-28,1010.4933,996.6474,2644.36,3035.99,2723.73,2639.61,4799.35,7300.22
2013-05-29,1012.7361,999.8425,2642.56,3044.28,2716.21,2632.81,4801.8,7351.4
2013-05-30,1009.1117,996.4566,2634.32,3042.46,2705.66,2632.26,4801.64,7316.6
2013-05-31,999.2855,987.3637,2606.43,3017.23,2681.37,2613.04,4781.48,7312.67
2013-06-03,999.9659,987.208,2602.62,3004.29,2674.87,2603.85,4762.65,7297.7
2013-06-04,981.6016,969.4489,2565.67,2953.44,2643.5,2573.51,4677.65,7141.34
2013-06-05,978.145,965.6172,2560.54,2956.44,2625.83,2557.73,4661.39,7168.04
2013-06-06,966.3696,955.2774,2527.85,2913.96,2591.41,2522.91,4574.2,7056.68
2013-06-07,944.253,938.3801,2484.16,2865.33,2552.05,2489.33,4496.59,6950.17
2013-06-13,912.0678,902.5963,2399.94,2777.61,2462.57,2405.33,4357.63,6812.61
2013-06-14,913.9201,904.3582,2416.77,2813.83,2467.8,2413.09,4384.18,6914.85
2013-06-17,902.1934,896.395,2403.84,2810.44,2449.97,2399.7,4377.53,6979.47
2013-06-18,909.655,894.0382,2418.75,2823.22,2464.59,2406.49,4424.2,7000.63
2013-06-19,903.8578,892.8391,2400.77,2805.03,2432.86,2378.69,4380.36,6990.91
2013-06-20,882.9871,869.2076,2321.47,2713.98,2349.43,2300.6,4241.42,6761.79
2013-06-21,881.3256,865.6683,2317.39,2704.65,2347.64,2294.82,4211.67,6792.45
2013-06-24,838.0789,820.2018,2171.21,2537.95,2192.43,2147.48,3961.98,6513.3
2013-06-25,834.667,816.497,2165.42,2530.91,2191.23,2143.5,3939.05,6529.25
2013-06-26,835.8115,812.7621,2168.3,2558.25,2175.28,2126.25,3952.37,6613.6
2013-06-27,834.4902,810.0583,2160.74,2534.05,2185.61,2130.0,3935.69,6543.88
2013-06-28,846.2573,814.3937,2200.64,2557.2,2245.51,2182.98,3970.56,6568.0
2013-07-01,843.8172,815.0151,2213.32,2590.97,2241.97,2187.5,4001.02,6664.11
2013-07-02,843.3579,820.5898,2221.98,2617.4,2232.24,2188.53,4017.43,6805.19
2013-07-03,839.3949,817.2522,2203.83,2607.74,2205.54,2166.89,3985.54,6826.47
2013-07-04,855.5702,828.3682,2221.98,2626.45,2227.91,2178.01,4022.35,6825.47
2013-07-05,860.5222,827.5297,2226.85,2620.47,2241.35,2182.86,4033.07,6790.66
2013-07-08,838.3947,800.3849,2163.62,2535.79,2189.6,2127.63,3922.52,6609.59
2013-07-09,839.6195,807.0171,2162.67,2543.03,2189.73,2137.57,3937.38,6657.13
2013-07-10,864.8698,828.8728,2224.07,2615.2,2244.82,2186.99,4039.04,6805.17
2013-07-11,889.475,857.3506,2326.69,2710.37,2359.07,2309.52,4202.37,6947.07
2013-07-12,869.1661,842.2616,2275.37,2671.82,2297.88,2250.82,4124.47,6886.73
2013-07-15,874.9672,846.3377,2307.3,2719.19,2313.19,2276.72,4164.64,6990.06
2013-07-16,879.5498,851.7096,2317.85,2739.98,2317.6,2282.26,4179.93,7049.41
2013-07-17,872.3066,846.0915,2282.84,2700.01,2294.71,2249.85,4123.95,6951.08
2013-07-18,858.2104,835.4893,2245.33,2675.37,2249.07,2206.85,4062.31,6873.35
2013-07-19,834.908,812.5543,2190.48,2613.58,2197.42,2158.99,3954.36,6703.91
2013-07-22,839.6677,819.8053,2202.19,2645.86,2192.75,2163.49,4001.37,6781.55
2013-07-23,860.0362,837.8232,2265.85,2716.08,2247.63,2215.47,4084.96,6940.58
2013-07-24,854.2383,833.3972,2249.15,2715.14,2216.82,2196.64,4082.57,6961.86
2013-07-25,852.0744,831.2014,2237.68,2681.4,2210.3,2189.7,4049.91,6906.18
2013-07-26,855.4866,831.3013,2224.01,2672.79,2203.77,2179.26,4030.64,6872.29
2013-07-29,839.6776,817.6131,2175.97,2619.84,2156.66,2130.96,3946.77,6779.01
2013-07-30,844.8842,822.8175,2189.39,2623.5,2178.53,2154.58,3984.61,6739.51
2013-07-31,854.3464,824.9191,2193.02,2632.49,2183.81,2153.9,3984.84,6774.66
2013-08-01,869.7486,841.5452,2245.36,2701.69,2225.75,2198.35,4074.82,6907.99
2013-08-02,872.9435,842.6832,2247.26,2707.5,2225.29,2193.63,4062.92,6907.73
2013-08-05,880.6268,854.4648,2278.33,2747.29,2247.67,2215.02,4101.99,7034.23
2013-08-06,889.4018,866.2558,2293.64,2770.21,2252.87,2219.65,4136.37,7112.16
2013-08-07,885.8231,861.3099,2280.62,2747.08,2245.67,2205.56,4104.42,7059.1
2013-08-08,883.5347,859.1934,2276.78,2749.01,2239.26,2195.76,4101.95,7086.82
2013-08-09,885.0448,863.0852,2286.01,2757.32,2239.19,2200.1,4097.53,7108.48
2013-08-12,908.6464,889.6585,2352.79,2815.57,2315.36,2277.05,4209.5,7223.49
2013-08-13,907.0476,888.3884,2359.07,2828.36,2330.47,2291.72,4225.9,7241.34
2013-08-14,907.3677,882.9837,2349.08,2819.04,2322.37,2281.63,4218.46,7211.97
2013-08-15,906.1434,879.5016,2321.58,2786.79,2300.98,2261.88,4194.45,7121.66
2013-08-16,898.7894,869.8105,2304.14,2747.39,2298.59,2258.74,4161.15,6998.98
2013-08-19,906.5303,878.1108,2331.43,2789.96,2325.07,2282.08,4218.84,7090.86
2013-08-20,901.1342,873.0127,2312.47,2778.13,2311.57,2271.93,4205.31,7046.13
2013-08-21,898.4246,874.6461,2308.59,2784.15,2296.84,2264.84,4202.36,7053.61
2013-08-22,896.4775,869.3803,2303.93,2785.15,2291.65,2258.25,4189.74,7069.91
2013-08-23,891.9189,863.8346,2286.93,2773.28,2268.59,2235.38,4159.65,7081.13
2013-08-26,911.0967,882.6117,2335.62,2831.0,2311.56,2283.49,4249.06,7260.2
2013-08-27,915.163,890.1282,2340.88,2845.87,2314.21,2287.42,4262.85,7319.44
2013-08-28,913.8665,894.3917,2328.06,2825.69,2303.17,2276.86,4252.9,7290.26
2013-08-29,912.3363,892.4839,2318.31,2819.86,2296.99,2270.21,4258.77,7266.85
2013-08-30,917.8335,901.9614,2313.91,2799.24,2306.99,2271.29,4269.5,7192.04
2013-09-02,912.8374,904.1433,2320.34,2812.89,2309.32,2278.92,4245.26,7214.38
2013-09-03,925.0284,908.826,2354.5,2855.01,2350.43,2312.03,4297.57,7287.83
2013-09-04,925.824,918.4526,2350.7,2855.86,2348.74,2313.87,4296.22,7305.61
2013-09-05,923.8783,916.2329,2341.74,2855.1,2341.37,2309.52,4261.52,7310.59
2013-09-06,931.0645,924.454,2357.78,2876.2,2361.6,2334.44,4310.76,7378.68
2013-09-09,950.0863,943.212,2440.61,2939.44,2478.24,2452.8,4444.56,7400.99
2013-09-10,971.7117,965.5488,2474.89,2971.76,2510.02,2486.61,4510.2,7420.17
2013-09-11,976.9249,971.1834,2482.89,2961.37,2521.8,2488.3,4503.09,7364.91
2013-09-12,982.3815,971.183,2507.46,2979.32,2560.44,2529.42,4584.61,7373.58
2013-09-13,975.457,959.8592,2488.9,2972.44,2526.28,2491.18,4543.32,7463.29
2013-09-16,966.2831,955.389,2478.39,2972.23,2510.88,2479.95,4539.37,7501.91
2013-09-17,947.4557,929.859,2427.32,2917.22,2455.44,2425.65,4444.25,7350.66
2013-09-18,949.4986,937.0345,2432.51,2933.5,2456.19,2428.38,4470.33,7383.67
2013-09-23,964.6886,952.5602,2472.29,2987.09,2482.7,2452.33,4535.44,7524.72
2013-09-24,958.2949,953.6185,2443.89,2972.43,2430.32,2406.8,4533.56,7546.35
2013-09-25,959.141,957.9864,2429.03,2956.96,2417.22,2390.45,4526.66,7548.65
2013-09-26,934.8266,931.5373,2384.44,2902.39,2363.58,2347.96,4398.0,7441.73
2013-09-27,936.185,930.4506,2394.97,2913.18,2373.72,2360.04,4412.57,7506.29
2013-09-30,940.5596,933.5372,2409.04,2942.85,2381.02,2368.54,4463.19,7578.34
2013-10-08,951.9451,942.9914,2441.81,2987.54,2409.65,2386.91,4522.76,7617.36
2013-10-09,957.5329,944.4588,2453.58,3013.55,2419.78,2398.35,4570.52,7684.79
2013-10-10,965.1797,943.1913,2429.32,2987.01,2392.13,2357.41,4512.5,7552.23
2013-10-11,984.1911,959.3642,2468.51,3033.06,2438.43,2405.47,4628.65,7723.23
2013-10-14,995.1883,971.096,2472.54,3051.61,2438.47,2401.93,4686.87,7866.79
2013-10-15,995.3305,976.5521,2467.52,3048.28,2423.73,2389.82,4696.93,7907.25
2013-10-16,969.8278,959.0281,2421.37,2976.25,2385.53,2353.48,4612.19,7765.75
2013-10-17,964.3436,954.1617,2413.33,2969.99,2376.93,2349.47,4605.63,7740.09
2013-10-18,968.0602,956.5251,2426.05,2986.39,2383.75,2357.62,4605.81,7810.86
2013-10-21,992.6083,976.672,2471.32,3051.97,2419.71,2393.2,4753.98,8018.56
2013-10-22,978.4485,967.6095,2445.89,3019.58,2395.94,2371.29,4697.04,7890.66
2013-10-23,962.9918,946.5357,2418.49,2965.48,2386.59,2358.86,4635.96,7709.22
2013-10-24,967.3076,944.1651,2400.51,2944.28,2375.16,2336.71,4597.43,7674.69
2013-10-25,948.2159,929.4368,2368.56,2897.5,2365.98,2322.35,4559.88,7490.73
2013-10-28,951.1677,933.791,2365.95,2893.3,2371.08,2320.84,4558.49,7460.06
2013-10-29,946.5946,930.4551,2372.05,2860.94,2399.78,2346.5,4516.98,7349.46
2013-10-30,968.8017,956.2098,2407.47,2905.02,2440.63,2375.87,4598.79,7491.56
2013-10-31,961.738,944.7931,2373.72,2865.65,2410.28,2343.25,4551.81,7369.44
2013-11-01,968.2387,945.6379,2384.96,2866.14,2431.34,2362.66,4562.71,7381.37
2013-11-04,974.1365,948.8834,2380.45,2871.91,2423.37,2354.87,4586.71,7399.1
2013-11-05,973.1757,951.6134,2383.77,2893.99,2415.44,2349.8,4609.02,7453.77
2013-11-06,961.56,942.2645,2353.57,2862.25,2383.55,2321.5,4553.3,7377.29
2013-11-07,951.0504,933.5544,2340.55,2835.46,2382.38,2321.38,4529.05,7276.65
2013-11-08,940.8118,923.2408,2307.95,2795.87,2358.88,2293.03,4482.27,7169.34
2013-11-11,940.8801,921.6777,2315.89,2808.51,2364.3,2298.48,4488.79,7225.13
2013-11-12,951.6721,929.3596,2340.0,2836.47,2391.61,2321.29,4516.2,7328.33
2013-11-13,931.4749,908.394,2288.12,2779.23,2330.83,2259.54,4399.19,7183.48
2013-11-14,941.197,915.0711,2304.5,2809.2,2332.63,2257.9,4413.59,7267.64
2013-11-15,959.3102,931.197,2350.73,2865.33,2374.23,2297.48,4481.47,7400.95
2013-11-18,988.3815,955.538,2428.9,2946.82,2462.58,2387.37,4628.48,7530.85
2013-11-19,987.1882,953.9746,2412.16,2941.95,2445.0,2368.06,4636.86,7535.82
2013-11-20,994.9394,960.2205,2424.85,2962.5,2454.54,2376.08,4670.66,7558.65
2013-11-21,991.3044,960.5533,2409.99,2949.04,2436.48,2367.19,4668.03,7520.46
2013-11-22,986.6271,954.0443,2397.96,2935.14,2425.4,2359.4,4655.53,7509.3
2013-11-25,982.913,950.9864,2388.63,2929.89,2416.45,2343.85,4624.67,7509.56
2013-11-26,982.7802,953.7261,2387.42,2933.35,2415.79,2340.9,4622.73,7481.25
2013-11-27,987.8659,960.9291,2414.48,2968.9,2432.53,2363.18,4667.27,7534.59
2013-11-28,1000.5361,970.297,2439.53,2995.76,2456.62,2381.88,4707.19,7649.43
2013-11-29,997.9743,969.7421,2438.94,3008.75,2450.9,2379.23,4716.78,7704.83
2013-12-02,982.436,951.5773,2418.79,2918.94,2456.88,2403.25,4651.44,7419.62
2013-12-03,999.2822,969.7563,2442.78,2960.49,2469.72,2409.97,4726.41,7603.79
2013-12-04,1020.9877,986.4558,2475.14,3000.6,2505.74,2431.09,4820.14,7693.2
2013-12-05,1024.3847,988.9446,2468.2,2991.01,2495.95,2423.7,4818.62,7657.93
2013-12-06,1021.089,986.9955,2452.29,2977.32,2481.08,2409.67,4790.73,7645.95
2013-12-09,1025.7483,990.9456,2450.87,2991.35,2476.38,2403.98,4817.35,7699.4
2013-12-10,1043.9419,999.806,2453.32,2993.85,2484.51,2408.32,4838.86,7747.66
2013-12-11,1030.0011,985.1067,2412.76,2955.24,2438.51,2364.87,4785.17,7667.04
2013-12-12,1023.8107,980.4096,2410.02,2962.43,2429.87,2356.75,4779.69,7746.4
2013-12-13,1026.2779,983.4327,2406.64,2964.94,2425.23,2345.69,4785.74,7766.12
2013-12-16,1009.7128,965.738,2367.92,2920.04,2395.35,2324.41,4721.06,7643.76
2013-12-17,997.2035,957.2174,2356.38,2903.89,2380.32,2311.25,4693.82,7552.4
2013-12-18,994.9245,954.0208,2357.23,2902.26,2378.83,2309.8,4691.98,7535.56
2013-12-19,987.3321,946.6315,2332.41,2874.12,2350.72,2290.56,4650.81,7519.82
2013-12-20,965.2833,928.0358,2278.14,2823.69,2284.71,2249.01,4529.74,7397.09
2013-12-23,970.6604,931.6932,2284.6,2823.99,2294.01,2250.55,4565.07,7491.5
2013-12-24,976.4539,938.0266,2288.25,2838.26,2296.0,2259.25,4579.66,7574.51
2013-12-25,979.6297,940.6323,2305.11,2868.54,2306.72,2273.16,4611.18,7689.9
2013-12-26,959.2224,922.1927,2265.33,2819.03,2267.56,2227.46,4528.7,7519.07
2013-12-27,976.08,935.0178,2303.48,2866.68,2308.0,2263.49,4604.8,7659.13
2013-12-30,971.4867,932.4943,2299.46,2871.45,2302.97,2254.5,4591.6,7695.89
2013-12-31,984.4922,940.4824,2330.03,2893.21,2340.63,2273.68,4637.5,7729.29
2014-01-02,976.2779,936.1346,2321.98,2900.63,2319.73,2270.2,4617.92,7805.31
2014-01-03,960.0167,921.3825,2290.78,2874.32,2279.05,2241.65,4556.92,7723.23
2014-01-06,931.3272,897.3008,2238.64,2803.29,2231.25,2189.62,4470.93,7517.79
2014-01-07,928.7022,895.759,2238.0,2814.1,2227.23,2190.44,4467.58,7546.7
2014-01-08,925.2529,894.7305,2241.91,2825.83,2228.69,2183.66,4470.5,7597.28
2014-01-09,916.3227,882.7531,2222.22,2793.5,2218.42,2159.87,4436.54,7482.81
2014-01-10,913.2582,877.2943,2204.85,2758.99,2215.46,2139.32,4394.89,7398.17
2014-01-13,906.7188,873.2868,2193.68,2748.42,2208.25,2135.31,4386.69,7382.42
2014-01-14,922.3832,885.9603,2212.85,2788.85,2223.21,2163.46,4435.41,7575.65
2014-01-15,923.1112,882.0334,2208.94,2797.39,2209.46,2159.0,4420.92,7625.53
2014-01-16,924.3316,885.5448,2211.84,2798.91,2213.64,2166.07,4428.7,7577.36
2014-01-17,911.3287,872.0261,2178.49,2764.64,2184.9,2144.96,4368.97,7506.55
2014-01-20,915.764,872.308,2165.99,2746.05,2175.83,2134.88,4370.77,7446.96
2014-01-21,924.5716,881.7644,2187.41,2781.52,2193.45,2155.97,4411.22,7530.95
2014-01-22,954.2922,901.7701,2243.8,2849.94,2244.41,2205.19,4508.21,7713.58
2014-01-23,954.382,901.5212,2231.89,2854.23,2223.24,2197.73,4492.03,7782.8
2014-01-24,964.5268,907.1658,2245.68,2882.48,2227.87,2215.62,4516.16,7909.22
2014-01-27,955.2871,897.7332,2215.92,2860.21,2198.68,2196.82,4486.01,7899.05
2014-01-28,954.0671,895.9731,2219.86,2859.09,2212.5,2205.05,4501.13,7892.1
2014-01-29,954.3514,901.503,2227.78,2879.79,2221.12,2226.97,4537.26,7968.08
2014-01-30,943.3579,895.0595,2202.45,2856.84,2197.08,2208.28,4512.02,7926.73
2014-02-07,950.2264,899.1577,2212.48,2890.7,2197.14,2231.44,4553.62,8034.66
2014-02-10,970.8088,919.3474,2267.53,2965.07,2237.99,2293.5,4648.61,8240.1
2014-02-11,972.664,924.0033,2285.56,2977.54,2267.02,2309.5,4674.34,8186.64
2014-02-12,978.0604,930.3287,2291.25,2999.06,2267.05,2322.9,4686.13,8254.76
2014-02-13,973.6568,925.2133,2279.55,2964.7,2272.8,2306.39,4655.35,8093.68
2014-02-14,986.0569,932.2005,2295.58,3002.93,2279.3,2331.39,4698.54,8252.31
2014-02-17,994.1431,940.2832,2311.65,3044.69,2284.13,2363.46,4755.46,8402.42
2014-02-18,988.6441,935.3766,2282.44,3024.97,2252.06,2359.61,4741.43,8356.53
2014-02-19,997.4686,941.7453,2308.66,3042.6,2292.78,2375.03,4791.71,8404.38
2014-02-20,991.2058,941.8163,2287.44,3005.35,2277.86,2367.49,4766.25,8286.02
2014-02-21,975.6457,928.6427,2264.29,2984.67,2254.62,2338.2,4709.11,8224.9
2014-02-24,939.9384,907.901,2214.51,2955.74,2193.39,2308.62,4644.37,8066.77
2014-02-25,918.1778,888.5066,2157.91,2860.97,2153.79,2244.06,4532.1,7760.21
2014-02-26,921.7109,892.9804,2163.41,2873.72,2157.86,2255.98,4537.52,7752.59
2014-02-27,916.2775,891.7883,2154.11,2846.49,2167.65,2259.42,4539.66,7640.42
2014-02-28,928.8868,904.4406,2178.97,2877.26,2174.71,2276.91,4558.54,7729.14
2014-03-03,943.4751,921.21,2190.37,2915.71,2177.34,2306.77,4611.29,7853.79
2014-03-04,939.8005,914.9303,2184.27,2912.23,2179.15,2293.36,4598.17,7799.6
2014-03-05,932.0881,908.6616,2163.98,2895.41,2154.5,2277.64,4575.0,7735.14
2014-03-06,940.2181,904.0359,2173.63,2901.32,2174.3,2276.16,4578.05,7775.13
2014-03-07,938.2346,900.5794,2168.36,2893.16,2165.46,2266.78,4567.1,7779.32
2014-03-10,906.2962,872.544,2097.79,2792.69,2098.17,2183.05,4428.28,7564.93
2014-03-11,916.6815,878.2309,2108.66,2797.95,2106.65,2186.9,4441.2,7550.37
2014-03-12,919.3995,880.433,2114.13,2799.26,2119.47,2199.33,4430.66,7505.67
2014-03-13,931.3948,891.4499,2140.33,2834.67,2144.18,2236.44,4528.86,7666.66
2014-03-14,925.6511,885.0383,2122.84,2819.06,2127.78,2227.85,4526.83,7663.38
2014-03-17,940.8476,892.9472,2143.04,2863.74,2142.43,2260.83,4566.5,7909.7
2014-03-18,941.3467,898.2461,2138.13,2869.03,2135.13,2272.47,4582.02,7917.84
2014-03-19,937.024,894.5529,2120.87,2856.79,2124.74,2262.61,4566.58,7843.6
2014-03-20,921.0826,878.1853,2086.97,2795.26,2106.73,2216.31,4483.54,7623.21
2014-03-21,949.5374,901.3324,2158.8,2866.0,2189.11,2269.93,4599.69,7746.38
2014-03-24,961.2084,908.2432,2176.55,2884.39,2210.51,2289.06,4625.19,7703.88
2014-03-25,962.7478,917.597,2174.44,2883.67,2205.2,2293.29,4640.58,7700.25
2014-03-26,956.4092,911.5117,2171.05,2887.8,2200.2,2297.36,4635.78,7715.32
2014-03-27,950.658,901.9761,2155.71,2851.41,2200.73,2267.34,4609.78,7528.33
2014-03-28,950.3908,903.0116,2151.97,2815.04,2215.92,2245.66,4595.04,7442.02
2014-03-31,953.2224,903.0067,2146.31,2801.24,2212.77,2244.32,4588.86,7463.94
2014-04-01,967.4193,909.4479,2163.12,2834.97,2220.36,2276.69,4656.43,7592.56
2014-04-02,979.1872,917.3116,2180.73,2841.92,2250.35,2295.76,4681.79,7555.89
2014-04-03,968.3934,905.4093,2165.01,2831.17,2224.56,2267.89,4632.15,7537.16
2014-04-04,974.2809,913.8089,2185.47,2860.84,2241.35,2282.76,4654.64,7634.31
2014-04-08,988.3264,929.6307,2237.32,2906.99,2300.58,2317.36,4728.73,7764.48
2014-04-09,988.2772,932.0205,2238.62,2922.67,2296.69,2327.57,4739.04,7857.0
2014-04-10,998.6579,943.6459,2273.76,2951.85,2337.38,2356.33,4807.51,7924.67
2014-04-11,1009.7892,948.2991,2270.67,2943.27,2333.88,2355.59,4828.21,7925.81
2014-04-14,1007.8631,948.5581,2268.61,2952.68,2323.27,2363.55,4832.08,7953.23
2014-04-15,989.6959,933.7273,2229.46,2918.78,2276.87,2321.47,4748.19,7848.33
2014-04-16,990.9334,935.2008,2232.53,2921.63,2283.44,2321.45,4754.87,7794.63
2014-04-17,989.1978,931.2731,2224.8,2916.66,2271.87,2315.49,4738.94,7796.73
2014-04-18,988.4869,928.8036,2224.48,2922.43,2267.06,2315.23,4737.4,7796.62
2014-04-21,970.9723,915.5109,2187.25,2876.06,2232.73,2274.79,4648.1,7707.97
2014-04-22,973.1173,916.697,2196.8,2871.33,2255.38,2272.02,4649.54,7619.44
2014-04-23,980.8729,919.1278,2194.67,2864.56,2255.8,2259.77,4642.9,7601.99
2014-04-24,981.0639,913.905,2190.47,2848.01,2259.96,2253.87,4636.48,7558.51
2014-04-25,966.0762,904.7264,2167.83,2803.59,2249.74,2220.52,4571.85,7410.6
2014-04-28,954.3961,891.8618,2134.97,2737.39,2230.72,2179.49,4517.17,7209.59
2014-04-29,966.0318,902.45,2158.47,2770.01,2248.01,2204.48,4559.93,7323.1
2014-04-30,962.402,904.1998,2158.66,2782.73,2243.89,2215.1,4575.46,7445.92
2014-05-05,958.0597,905.0758,2156.47,2795.58,2230.95,2219.36,4573.93,7503.72
2014-05-06,954.8894,905.2109,2157.33,2805.43,2227.47,2223.85,4575.31,7498.89
2014-05-07,948.0485,894.9126,2137.32,2768.45,2215.13,2196.71,4529.46,7374.57
2014-05-08,944.0812,895.5381,2135.5,2768.01,2212.35,2195.76,4532.39,7330.78
2014-05-09,940.1962,894.2637,2133.91,2752.85,2208.53,2185.54,4513.96,7237.01
2014-05-12,954.4224,914.533,2180.05,2814.11,2246.3,2243.14,4614.79,7428.29
2014-05-13,955.7285,911.9078,2174.85,2809.57,2243.2,2239.21,4609.29,7389.92
2014-05-14,953.2589,910.16,2172.37,2807.94,2242.33,2235.18,4604.8,7382.78
2014-05-15,944.036,901.3228,2144.08,2763.5,2225.23,2201.86,4556.67,7260.57
2014-05-16,948.0642,905.1794,2145.95,2760.31,2232.32,2196.81,4557.93,7187.55
2014-05-19,936.6261,901.4292,2115.14,2734.65,2201.56,2174.46,4512.78,7185.45
2014-05-20,933.7122,899.7639,2115.77,2740.79,2204.17,2174.07,4509.34,7193.01
2014-05-21,942.6343,906.0246,2135.91,2765.51,2221.98,2193.59,4538.02,7261.97
2014-05-22,941.9607,904.1623,2130.87,2763.34,2219.7,2185.12,4530.67,7288.22
2014-05-23,950.5207,906.7252,2148.41,2789.86,2237.56,2198.75,4551.87,7355.62
2014-05-26,954.7101,909.7784,2155.98,2812.25,2240.34,2218.11,4573.71,7446.76
2014-05-27,952.525,907.2732,2147.28,2801.61,2236.21,2210.85,4556.35,7408.89
2014-05-28,964.0947,914.4074,2169.35,2833.39,2254.86,2225.1,4588.93,7571.52
2014-05-29,961.0324,910.8578,2155.16,2807.8,2247.44,2205.06,4559.54,7511.92
2014-05-30,961.2184,913.8593,2156.46,2812.16,2244.46,2204.89,4542.18,7505.25
2014-06-03,957.8874,914.0671,2149.92,2805.94,2239.84,2198.36,4535.03,7432.35
2014-06-04,945.6284,904.6761,2128.27,2781.95,2218.83,2175.24,4491.79,7330.37
2014-06-05,956.9751,912.9201,2150.6,2814.33,2243.07,2194.35,4537.58,7435.82
2014-06-06,947.8057,903.1176,2134.72,2800.26,2224.45,2181.37,4513.37,7378.17
2014-06-09,949.6464,903.5045,2134.28,2791.17,2229.32,2174.48,4506.72,7303.19
2014-06-10,962.4924,911.4278,2161.27,2826.07,2256.86,2201.63,4557.41,7416.88
2014-06-11,963.0989,912.7111,2160.77,2834.22,2253.02,2209.18,4568.84,7447.53
2014-06-12,957.4895,908.856,2153.41,2827.94,2243.4,2198.45,4540.98,7402.91
2014-06-13,966.2181,912.5214,2176.24,2858.13,2270.65,2226.23,4583.93,7474.3
2014-06-16,972.295,917.7306,2191.86,2877.47,2290.48,2248.84,4620.42,7532.47
2014-06-17,960.7524,908.8662,2169.67,2850.28,2266.06,2230.04,4583.33,7431.62
2014-06-18,956.1305,905.2591,2160.24,2834.03,2254.56,2208.66,4542.53,7388.91
2014-06-19,945.5293,893.1392,2126.91,2773.13,2232.25,2163.07,4469.04,7194.94
2014-06-20,948.2714,896.0185,2136.73,2793.45,2240.61,2180.25,4476.14,7268.43
2014-06-23,941.1675,891.8283,2134.11,2806.46,2226.13,2179.51,4468.5,7335.13
2014-06-24,949.7806,896.8006,2144.82,2823.21,2229.24,2189.65,4494.32,7384.61
2014-06-25,943.8588,894.1308,2133.37,2809.01,2219.51,2182.07,4472.86,7349.58
2014-06-26,951.1242,901.5712,2149.08,2839.68,2232.33,2202.67,4510.55,7451.14
2014-06-27,955.4999,904.7262,2150.26,2851.29,2226.68,2212.92,4516.08,7480.35
2014-06-30,963.4326,912.1125,2165.12,2875.34,2239.69,2232.08,4547.04,7590.92
2014-07-01,956.3922,912.7748,2164.56,2884.27,2232.74,2238.46,4541.75,7634.89
2014-07-02,962.0537,918.5077,2170.87,2897.54,2239.96,2258.17,4575.01,7677.43
2014-07-03,968.8282,926.073,2180.19,2914.8,2249.03,2275.2,4595.7,7725.64
2014-07-04,970.3896,925.6279,2178.7,2911.08,2253.32,2267.22,4589.37,7661.36
2014-07-07,970.5965,924.8292,2176.29,2909.62,2254.76,2266.72,4589.39,7628.04
2014-07-08,975.0772,931.4695,2180.47,2923.69,2260.31,2277.43,4606.77,7707.06
2014-07-09,961.6644,915.7857,2148.71,2880.61,2230.49,2243.19,4543.17,7574.79
2014-07-10,964.4462,923.0729,2142.85,2876.9,2228.07,2238.56,4524.24,7557.39
2014-07-11,971.0925,927.1659,2148.01,2892.87,2225.69,2247.16,4531.16,7603.39
2014-07-14,991.089,945.6854,2171.76,2927.8,2247.46,2284.32,4589.41,7762.68
2014-07-15,993.2977,946.2401,2174.98,2925.13,2249.1,2288.45,4591.61,7749.49
2014-07-16,996.2844,955.0413,2170.87,2907.06,2255.45,2278.06,4594.67,7660.38
2014-07-17,994.2206,953.0797,2157.07,2890.52,2240.93,2264.92,4571.38,7623.48
2014-07-18,1002.8065,956.2124,2164.14,2897.0,2249.06,2272.45,4587.09,7650.72
2014-07-21,1003.6205,952.264,2166.3,2894.52,2249.94,2265.66,4577.76,7636.81
2014-07-22,1014.8562,964.9149,2192.7,2931.31,2275.68,2305.31,4618.1,7747.06
2014-07-23,1021.1225,968.634,2197.83,2919.56,2292.48,2304.73,4635.33,7656.37
2014-07-24,1039.9798,978.5281,2237.02,2938.45,2346.8,2331.59,4691.37,7666.46
2014-07-25,1046.4732,987.8674,2260.45,2967.13,2367.44,2358.1,4735.79,7797.69
2014-07-28,1061.7934,998.4736,2323.9,3035.29,2439.42,2409.37,4838.68,7931.6
2014-07-29,1059.6954,997.1472,2331.37,3057.03,2442.92,2433.99,4850.25,7985.8
2014-07-30,1047.8887,990.7526,2322.01,3058.97,2420.84,2423.9,4804.6,7970.15
2014-07-31,1060.5911,999.2567,2350.25,3089.05,2452.31,2450.5,4857.63,8010.76
2014-08-01,1057.9209,994.3683,2329.4,3058.65,2434.86,2432.27,4837.01,7943.75
2014-08-04,1077.3902,1014.263,2375.62,3111.22,2482.27,2471.8,4904.43,8076.91
2014-08-05,1076.4578,1019.0507,2369.35,3118.93,2466.46,2471.4,4899.53,8140.08
2014-08-06,1069.6473,1018.6884,2363.22,3122.62,2445.06,2478.58,4901.49,8168.03
2014-08-07,1054.5605,1004.1526,2327.46,3086.34,2406.04,2447.29,4844.33,8047.08
2014-08-08,1055.4931,1004.0701,2331.13,3100.81,2407.6,2452.53,4852.37,8061.14
2014-08-11,1070.8549,1019.8905,2365.35,3146.77,2443.05,2495.59,4912.48,8177.4
2014-08-12,1068.1432,1020.178,2357.05,3150.05,2428.05,2498.14,4910.52,8161.33
2014-08-13,1068.9983,1021.7775,2358.9,3151.46,2430.76,2503.21,4918.64,8118.96
2014-08-14,1061.5336,1013.4191,2335.95,3129.17,2411.39,2483.61,4890.73,8075.37
2014-08-15,1072.2493,1022.5119,2360.64,3162.78,2434.18,2501.63,4923.48,8124.8
2014-08-18,1079.2879,1034.4329,2374.56,3196.87,2440.42,2520.74,4949.14,8235.48
2014-08-19,1077.5788,1031.8296,2374.77,3203.57,2438.07,2520.11,4947.6,8216.77
2014-08-20,1075.7616,1030.2217,2366.14,3197.24,2424.96,2505.37,4928.78,8178.7
2014-08-21,1072.1839,1024.9189,2354.24,3192.98,2407.69,2484.31,4911.97,8157.64
2014-08-22,1079.0261,1030.5461,2365.36,3212.5,2420.67,2494.78,4937.72,8197.17
2014-08-25,1070.9419,1023.572,2342.86,3186.19,2397.81,2477.73,4907.42,8121.73
2014-08-26,1061.2979,1016.8048,2324.09,3143.27,2387.03,2453.83,4866.38,7982.01
2014-08-27,1062.2211,1016.6688,2327.6,3153.17,2386.68,2455.42,4863.92,8011.18
2014-08-28,1056.0727,1007.681,2311.28,3128.23,2366.41,2431.74,4824.32,7921.05
2014-08-29,1068.6323,1020.6304,2338.29,3163.42,2393.51,2462.89,4888.85,8012.52
2014-09-01,1077.4265,1031.9329,2355.32,3204.56,2404.33,2489.37,4926.43,8153.27
2014-09-02,1088.2392,1042.3748,2386.46,3249.98,2434.75,2522.32,5004.25,8238.56
2014-09-03,1099.8644,1053.9932,2408.84,3277.32,2458.74,2541.32,5037.58,8259.5
2014-09-04,1108.325,1063.4557,2426.22,3304.76,2477.89,2557.47,5079.25,8329.97
2014-09-05,1120.6339,1073.253,2449.26,3326.79,2500.07,2576.95,5132.05,8377.16
2014-09-09,1118.9795,1076.6435,2445.22,3336.28,2489.72,2584.56,5138.69,8379.56
2014-09-10,1111.8953,1074.2826,2432.43,3337.43,2469.42,2576.88,5116.62,8423.37
2014-09-11,1106.4546,1068.5891,2423.45,3330.68,2460.06,2568.82,5081.93,8419.21
2014-09-12,1112.7215,1077.535,2438.36,3361.66,2472.22,2585.53,5113.88,8468.01
2014-09-15,1111.4537,1081.8931,2437.19,3379.95,2464.27,2598.57,5126.77,8490.13
2014-09-16,1088.5083,1057.9909,2388.77,3289.85,2441.89,2542.44,5027.04,8255.45
2014-09-17,1097.1291,1060.6557,2401.33,3311.88,2451.39,2550.39,5062.62,8286.9
2014-09-18,1098.7413,1066.7729,2408.66,3329.81,2455.34,2563.52,5073.21,8337.87
2014-09-19,1103.5909,1073.9804,2425.21,3358.1,2467.88,2583.85,5106.73,8380.03
2014-09-22,1085.1408,1058.707,2378.92,3308.43,2412.88,2544.38,5020.54,8243.91
2014-09-23,1095.5132,1071.027,2399.46,3345.85,2428.72,2565.65,5065.47,8330.8
2014-09-24,1108.1925,1087.0871,2441.86,3396.85,2468.0,2603.93,5133.88,8419.37
2014-09-25,1111.3561,1094.7689,2436.97,3394.84,2460.98,2602.48,5157.56,8396.92
2014-09-26,1112.2139,1097.918,2437.2,3403.22,2457.57,2605.59,5159.91,8395.65
2014-09-29,1113.0796,1104.6587,2447.8,3428.75,2459.34,2626.36,5181.66,8460.04
2014-09-30,1112.8829,1104.8431,2450.99,3444.72,2460.3,2629.08,5191.28,8517.22
2014-10-08,1124.6415,1114.0383,2478.38,3489.71,2483.66,2648.56,5226.74,8615.7
2014-10-09,1124.2473,1116.4846,2481.96,3499.16,2487.75,2660.51,5234.7,8587.96
2014-10-10,1115.9771,1104.683,2466.79,3482.06,2477.05,2644.9,5184.59,8487.53
2014-10-13,1106.1676,1098.7242,2454.95,3474.64,2458.72,2631.66,5157.11,8478.79
2014-10-14,1103.2974,1094.6585,2446.56,3464.74,2452.07,2623.58,5152.13,8454.83
2014-10-15,1109.7395,1102.6237,2463.87,3483.46,2466.02,2641.37,5185.0,8509.77
2014-10-16,1098.3083,1091.5654,2444.4,3442.78,2463.09,2616.31,5158.69,8373.26
2014-10-17,1095.6156,1085.8867,2441.73,3419.32,2454.77,2597.97,5117.57,8346.64
2014-10-20,1104.0482,1095.1502,2454.71,3454.64,2463.26,2620.93,5150.48,8437.85
2014-10-21,1100.1338,1091.5556,2433.39,3425.04,2444.05,2598.18,5128.71,8358.08
2014-10-22,1096.0259,1087.4371,2418.64,3393.29,2439.95,2576.21,5104.07,8279.57
2014-10-23,1085.0906,1073.2688,2395.94,3348.92,2426.01,2546.07,5037.94,8198.21
2014-10-24,1081.9125,1071.9416,2390.71,3350.71,2419.67,2547.77,5027.45,8189.16
2014-10-27,1071.0501,1065.8192,2368.83,3351.84,2387.13,2541.56,5002.12,8181.49
2014-10-28,1095.4591,1089.6595,2416.65,3429.54,2431.22,2599.27,5109.16,8374.08
2014-10-29,1115.5157,1108.4957,2451.38,3477.86,2472.82,2645.35,5206.34,8464.4
2014-10-30,1127.922,1119.92,2468.93,3489.96,2506.12,2668.81,5264.04,8442.11
2014-10-31,1142.365,1133.6145,2508.33,3510.72,2565.54,2691.59,5346.28,8471.28
2014-11-03,1151.2959,1140.1247,2512.55,3533.41,2569.45,2714.2,5369.15,8550.67
2014-11-04,1150.8845,1145.0794,2513.17,3523.3,2576.53,2712.74,5366.28,8485.01
2014-11-05,1148.8725,1146.8349,2503.45,3515.16,2558.85,2705.87,5326.24,8457.07
2014-11-06,1146.0875,1148.3336,2506.07,3531.79,2559.76,2720.47,5343.83,8515.61
2014-11-07,1146.5393,1147.8873,2502.15,3511.74,2554.6,2707.88,5321.5,8450.74
2014-11-10,1183.3895,1177.7452,2565.73,3566.4,2629.86,2768.25,5453.64,8595.37
2014-11-11,1169.7383,1162.5254,2558.61,3499.26,2647.03,2725.34,5416.16,8408.7
2014-11-12,1195.0183,1180.9664,2594.32,3552.15,2669.55,2768.28,5490.8,8538.35
2014-11-13,1194.2325,1180.3211,2579.75,3519.25,2664.78,2753.06,5453.23,8455.37
2014-11-14,1194.3997,1177.9156,2581.09,3514.63,2663.14,2741.09,5447.81,8444.39
2014-11-17,1197.2481,1181.9897,2567.1,3528.76,2635.54,2748.56,5436.83,8496.43
2014-11-18,1178.1595,1168.7178,2541.42,3519.92,2595.81,2736.91,5377.24,8452.26
2014-11-19,1172.2461,1168.1379,2537.22,3529.7,2585.41,2725.61,5355.22,8479.79
2014-11-20,1170.9769,1166.1831,2537.1,3526.77,2589.08,2726.81,5363.69,8427.42
2014-11-21,1189.242,1181.7728,2583.46,3575.87,2629.88,2763.07,5432.56,8512.77
2014-11-24,1219.6975,1200.9805,2649.26,3641.0,2689.75,2810.73,5511.7,8645.81
2014-11-25,1240.0539,1217.5925,2685.56,3694.15,2725.54,2860.05,5600.51,8812.36
2014-11-26,1240.9769,1220.4028,2723.02,3730.46,2765.9,2879.97,5637.29,8835.5
2014-11-27,1241.4879,1221.7538,2754.49,3765.2,2789.96,2889.64,5655.67,8834.89
2014-11-28,1251.3391,1227.6906,2808.82,3801.61,2902.48,2923.64,5785.69,8843.18
2014-12-01,1262.2605,1234.121,2819.81,3789.73,2910.44,2935.2,5783.45,8887.82
2014-12-02,1291.6374,1262.4157,2923.94,3879.9,3036.03,2999.54,5943.66,9009.93
2014-12-03,1318.3444,1276.0596,2967.55,3928.62,3057.36,3032.12,5978.47,9180.29
2014-12-04,1361.8278,1323.8087,3104.35,4051.31,3219.02,3133.92,6196.2,9382.57
2014-12-05,1341.1339,1312.7243,3124.89,4018.93,3223.85,3109.27,6200.77,9153.79
2014-12-08,1398.2614,1355.658,3252.88,4115.81,3357.96,3188.33,6348.19,9207.18
2014-12-09,1356.9865,1303.6654,3106.91,3935.37,3151.41,3069.59,6060.14,9009.44
2014-12-10,1425.8579,1355.6587,3221.55,4074.05,3276.46,3199.79,6316.72,9400.79
2014-12-11,1426.1956,1356.1546,3183.01,4078.68,3257.96,3225.46,6339.63,9468.71
2014-12-12,1422.2642,1356.1186,3193.23,4105.88,3243.81,3241.77,6332.53,9560.25
2014-12-15,1430.5373,1368.3915,3217.23,4153.42,3238.67,3268.46,6375.78,9649.28
2014-12-16,1445.8686,1375.5837,3303.4,4210.72,3340.96,3318.86,6488.65,9624.46
2014-12-17,1453.1809,1376.6883,3360.6,4225.94,3438.23,3346.58,6591.37,9551.77
2014-12-18,1473.7047,1392.3469,3345.93,4212.88,3449.77,3348.44,6558.28,9510.87
2014-12-19,1497.4134,1430.7424,3383.17,4217.02,3530.72,3423.91,6725.89,9461.61
2014-12-22,1508.3088,1438.0917,3394.48,4136.18,3622.4,3439.21,6857.15,9324.37
2014-12-23,1476.7939,1374.1403,3324.92,4055.34,3525.45,3330.99,6630.46,9256.23
2014-12-24,1438.6472,1352.7224,3230.39,4027.01,3390.44,3275.2,6511.82,9256.67
2014-12-25,1471.3852,1385.1217,3335.42,4125.63,3531.68,3373.73,6722.68,9374.27
2014-12-26,1509.1326,1412.9396,3445.84,4210.81,3646.77,3433.28,6866.89,9473.53
2014-12-29,1510.0538,1410.3113,3455.46,4186.36,3693.4,3419.23,6868.73,9359.62
2014-12-30,1501.8029,1392.5116,3457.55,4152.93,3721.87,3383.05,6827.88,9269.82
2014-12-31,1547.4892,1424.9824,3533.71,4219.0,3826.95,3448.81,6983.36,9421.75
2015-01-05,1647.4871,1500.8106,3641.54,4310.69,3963.14,3582.31,7257.93,9728.91
2015-01-06,1664.5045,1514.6092,3641.06,4338.93,3928.3,3605.6,7277.08,9976.69
2015-01-07,1664.9098,1518.7034,3643.79,4341.89,3918.61,3596.05,7246.36,9917.27
2015-01-08,1640.0366,1491.166,3559.26,4277.76,3800.12,3517.6,7071.12,9895.48
2015-01-09,1617.6255,1467.0078,3546.72,4257.06,3808.84,3499.42,7035.88,9830.54
2015-01-12,1606.1065,1440.5778,3513.58,4209.38,3764.27,3423.42,6895.24,9905.28
2015-01-13,1624.9398,1451.1178,3514.04,4236.69,3762.92,3451.44,6934.11,10037.29
2015-01-14,1603.0454,1437.7035,3502.42,4220.66,3752.3,3442.53,6913.96,9971.95
2015-01-15,1656.7602,1472.1012,3604.12,4304.69,3903.37,3532.47,7115.89,10044.4
2015-01-16,1657.4791,1480.7328,3635.15,4349.65,3930.23,3559.57,7171.81,10140.67
2015-01-19,1522.8996,1366.3946,3355.16,4102.1,3571.38,3294.75,6578.3,9669.42
2015-01-20,1570.4275,1405.5867,3396.22,4196.97,3629.21,3372.58,6715.62,9993.72
2015-01-21,1635.1466,1450.1853,3548.89,4342.22,3810.78,3493.49,6984.6,10231.71
2015-01-22,1633.5794,1453.0556,3567.61,4385.06,3805.57,3517.13,6979.29,10323.34
2015-01-23,1630.1988,1448.5267,3571.73,4368.62,3825.27,3502.09,6973.25,10223.71
2015-01-26,1645.2153,1472.063,3607.99,4435.87,3831.38,3555.09,7030.33,10342.04
2015-01-27,1629.2717,1461.9355,3574.93,4425.6,3781.39,3550.81,6976.73,10346.62
2015-01-28,1605.7633,1451.8889,3525.32,4383.22,3720.03,3519.71,6924.34,10278.78
2015-01-29,1596.9781,1452.3568,3481.8,4342.75,3673.01,3497.69,6892.75,10189.85
2015-01-30,1573.1251,1434.0943,3434.39,4287.84,3621.69,3452.85,6802.06,10087.29
2015-02-02,1529.2812,1402.4538,3353.96,4227.98,3503.54,3373.15,6617.29,10091.58
2015-02-03,1556.4551,1427.218,3437.45,4317.46,3590.18,3430.6,6758.23,10255.27
2015-02-04,1544.7626,1425.7246,3401.77,4290.96,3548.81,3406.78,6694.08,10185.9
2015-02-05,1519.3374,1405.2539,3366.95,4261.62,3501.28,3358.18,6614.93,10065.81
2015-02-06,1487.105,1365.5495,3312.42,4184.68,3435.29,3280.88,6435.76,9860.41
2015-02-09,1495.26,1359.0903,3345.92,4192.66,3468.47,3281.78,6425.73,9860.62
2015-02-10,1530.4523,1388.936,3406.94,4257.97,3535.35,3342.44,6570.75,10045.84
2015-02-11,1539.1666,1400.9995,3434.12,4300.68,3555.12,3358.0,6576.79,10134.03
2015-02-12,1546.4692,1408.6557,3442.87,4323.56,3568.73,3365.3,6604.29,10160.62
2015-02-13,1557.3484,1427.116,3469.83,4376.23,3589.27,3408.9,6669.2,10362.77
2015-02-16,1560.1049,1444.1749,3499.48,4436.61,3595.75,3435.29,6690.19,10486.32
2015-02-17,1587.7188,1463.6789,3522.32,4468.3,3633.22,3459.16,6742.25,10622.71
2015-02-25,1581.6481,1458.274,3478.73,4436.94,3585.46,3449.99,6736.74,10554.2
2015-02-26,1612.7535,1482.5134,3566.3,4512.46,3679.94,3518.72,6899.32,10628.36
2015-02-27,1611.7533,1492.4664,3572.84,4540.14,3679.62,3522.47,6907.77,10669.56
2015-03-02,1619.2658,1514.2948,3601.27,4607.95,3689.01,3567.61,6960.43,10839.99
2015-03-03,1572.8274,1483.6176,3507.9,4537.47,3579.05,3514.88,6818.59,10624.23
2015-03-04,1585.024,1499.097,3530.82,4589.9,3585.88,3544.69,6851.16,10824.7
2015-03-05,1558.1214,1481.3083,3496.34,4575.79,3523.31,3520.05,6747.71,10804.7
2015-03-06,1556.6528,1475.5503,3478.52,4535.46,3525.1,3513.85,6719.07,10700.54
2015-03-09,1581.913,1498.6326,3537.75,4605.0,3630.36,3581.56,6891.16,10872.36
2015-03-10,1573.1806,1497.8596,3520.61,4624.65,3583.75,3582.02,6876.37,11061.81
2015-03-11,1582.4315,1496.0465,3524.65,4625.73,3605.44,3593.49,6894.73,10991.61
2015-03-12,1608.0098,1512.3096,3592.84,4661.81,3716.47,3640.55,7043.18,11067.58
2015-03-13,1617.8383,1527.9125,3617.66,4710.85,3737.57,3669.45,7086.74,11239.06
2015-03-16,1648.5275,1561.5176,3705.67,4841.61,3819.17,3746.28,7217.91,11569.68
2015-03-17,1670.3755,1582.0349,3757.12,4908.65,3876.29,3804.43,7310.73,11559.74
2015-03-18,1705.8251,1617.7976,3846.06,5012.04,3982.47,3904.78,7460.81,11813.59
2015-03-19,1702.8685,1624.944,3839.74,5027.45,3967.87,3926.79,7496.31,11830.86
2015-03-20,1707.7888,1629.9698,3892.57,5089.96,3994.07,3958.92,7551.46,11851.48
2015-03-23,1740.2789,1665.9391,3972.06,5208.89,4063.78,4040.16,7689.55,12069.49
2015-03-24,1733.41,1665.5279,3973.05,5231.42,4051.73,4060.45,7701.0,12193.31
2015-03-25,1714.9925,1652.3889,3940.41,5241.52,3986.83,4050.85,7605.61,12284.49
2015-03-26,1730.4753,1652.5207,3950.0,5212.77,4023.83,4057.97,7637.01,12270.56
2015-03-27,1747.7331,1662.0843,3971.7,5256.35,4036.49,4095.96,7685.52,12384.83
2015-03-30,1807.609,1709.6997,4088.18,5350.51,4198.72,4198.23,7930.14,12549.87
2015-03-31,1786.012,1696.5787,4051.2,5335.49,4136.03,4167.37,7820.28,12579.8
2015-04-01,1814.1575,1728.1355,4123.9,5448.17,4184.53,4250.0,7934.88,12838.7
2015-04-02,1817.5094,1741.3433,4124.78,5509.21,4168.75,4326.28,7975.27,12919.96
2015-04-03,1827.0155,1767.0133,4170.54,5590.94,4190.04,4419.57,8049.25,13025.39
2015-04-07,1861.2799,1808.6104,4260.04,5711.52,4302.24,4556.68,8219.89,13342.41
2015-04-08,1863.7316,1801.1257,4295.8,5706.1,4371.92,4589.57,8233.07,13404.39
2015-04-09,1845.8211,1775.5065,4262.14,5660.24,4345.84,4553.8,8121.95,13328.11
2015-04-10,1871.7344,1811.8194,4344.42,5787.21,4432.03,4676.6,8302.63,13649.42
2015-04-13,1909.3114,1857.5251,4421.07,5901.75,4548.28,4779.3,8516.47,13901.06
2015-04-14,1913.822,1866.4984,4438.18,5915.94,4572.68,4805.15,8629.02,13854.89
2015-04-15,1879.5868,1825.9372,4380.51,5764.91,4595.52,4687.28,8513.37,13402.28
2015-04-16,1946.6622,1879.09,4513.55,5885.23,4766.56,4793.88,8757.23,13604.63
2015-04-17,2002.1611,1931.8633,4596.14,5958.14,4868.71,4842.85,8869.74,13662.5
2015-04-20,1979.1527,1937.2753,4521.92,5852.96,4793.19,4738.44,8694.57,13409.11
2015-04-21,2033.1813,1984.3567,4619.16,6023.42,4840.48,4832.08,8842.44,13986.58
2015-04-22,2081.8983,2036.072,4739.81,6188.01,4925.85,4971.09,9095.7,14307.01
2015-04-23,2078.3171,2067.6049,4740.89,6224.56,4896.4,4990.34,9093.32,14433.32
2015-04-24,2053.2411,2041.9836,4702.64,6205.16,4844.12,4935.64,8991.26,14418.81
2015-04-27,2120.1081,2108.2736,4807.59,6300.93,5005.5,5014.77,9230.16,14565.44
2015-04-28,2097.114,2054.4051,4741.86,6167.86,5002.21,4910.57,9151.56,14217.51
2015-04-29,2102.5474,2053.9799,4774.33,6257.59,4996.25,4948.89,9160.06,14371.41
2015-04-30,2103.8747,2035.7433,4749.89,6258.61,4978.72,4955.86,9207.47,14376.82
2015-05-04,2124.9177,2094.7467,4787.74,6307.57,5029.49,5038.73,9456.99,14379.97
2015-05-05,2008.1965,1973.5551,4596.84,6086.06,4802.72,4824.97,8969.55,13927.19
2015-05-06,1964.0131,1921.4287,4553.33,6028.22,4738.08,4723.29,8813.85,13809.75
2015-05-07,1941.366,1860.0927,4470.09,5912.67,4633.3,4591.62,8574.21,13739.46
2015-05-08,1975.1979,1902.8455,4558.4,6094.72,4700.37,4712.64,8783.91,14153.74
2015-05-11,2029.3599,1974.3939,4690.53,6324.11,4811.53,4885.75,9081.42,14589.27
2015-05-12,2037.6081,2009.8065,4747.42,6440.47,4842.47,4963.81,9257.76,14685.45
2015-05-13,2029.7493,1986.6171,4718.44,6450.72,4793.7,4945.74,9174.46,14646.71
2015-05-14,2007.3836,1992.2496,4700.78,6453.7,4773.5,4958.94,9201.65,14576.7
2015-05-15,1952.0938,1950.1732,4617.47,6384.32,4671.51,4880.28,9063.5,14454.32
2015-05-18,1926.2143,1940.1784,4575.14,6435.07,4588.37,4881.53,8995.43,14775.7
2015-05-19,2000.0545,1998.2599,4731.22,6623.79,4741.05,5030.69,9248.54,15187.08
2015-05-20,2014.5582,2014.0667,4754.92,6715.71,4762.35,5099.42,9334.75,15327.05
2015-05-21,2066.2876,2061.6958,4840.98,6903.76,4818.2,5260.28,9491.79,15942.44
2015-05-22,2118.2277,2125.4881,4951.34,7026.53,4956.14,5385.92,9783.59,16221.29
2015-05-25,2184.183,2187.7616,5099.5,7202.85,5103.36,5556.78,10173.8,16545.06
2015-05-26,2221.1678,2235.0122,5198.92,7409.93,5160.66,5680.53,10405.86,16947.7
2015-05-27,2218.8738,2255.5527,5181.43,7451.34,5114.86,5696.36,10466.03,16934.39
2015-05-28,2064.3757,2110.6773,4834.01,6993.6,4810.73,5355.66,9839.41,16039.67
2015-05-29,2073.8828,2107.1915,4840.83,7047.31,4803.56,5369.28,9903.62,16214.19
2015-06-01,2189.0948,2233.7784,5076.18,7402.48,5023.13,5674.2,10475.81,16910.03
2015-06-02,2219.4272,2288.1801,5161.87,7624.02,5068.63,5846.39,10656.02,17256.61
2015-06-03,2222.8345,2274.1985,5143.59,7643.01,5080.65,5863.53,10682.01,17216.85
2015-06-04,2216.2675,2306.5482,5181.42,7655.22,5154.49,5906.89,10777.25,17208.47
2015-06-05,2268.0091,2367.3447,5230.55,7748.37,5216.65,6018.42,10890.77,17377.44
2015-06-08,2315.2779,2418.9705,5353.75,7755.74,5432.76,6124.15,11015.83,17251.33
2015-06-09,2305.0333,2464.3329,5317.46,7731.52,5360.25,6085.04,10995.5,17222.57
2015-06-10,2303.2537,2449.4708,5309.11,7813.59,5302.62,6089.13,10978.58,17551.9
2015-06-11,2294.6099,2455.5705,5306.59,7891.57,5272.95,6113.09,10930.41,17682.39
2015-06-12,2329.5004,2503.3228,5335.12,7984.43,5300.37,6226.62,11103.55,17889.66
2015-06-15,2298.5189,2484.6454,5221.17,7830.24,5201.11,6149.73,10964.16,17579.02
2015-06-16,2236.9207,2387.8098,5064.82,7549.98,5058.22,5880.95,10555.02,16999.69
2015-06-17,2278.1671,2440.704,5138.83,7686.79,5130.67,6030.06,10806.07,17247.94
2015-06-18,2219.8258,2378.4287,4930.55,7411.9,4944.72,5884.32,10407.54,16652.95
2015-06-19,2080.0919,2212.2846,4637.05,6943.04,4643.29,5478.31,9735.65,15760.69
2015-06-23,2152.9792,2253.6624,4786.09,7048.74,4815.33,5524.29,9923.18,16084.77
2015-06-24,2219.3212,2337.5365,4880.13,7195.78,4940.69,5674.47,10210.99,16373.06
2015-06-25,2153.8273,2252.3003,4706.52,6932.39,4799.12,5482.02,9887.67,15807.99
2015-06-26,2004.8329,2097.0659,4336.19,6377.07,4477.73,5056.83,9183.54,14602.8
2015-06-29,1992.9067,2043.992,4191.55,6044.15,4465.2,4864.34,9020.75,14210.61
2015-06-30,2111.2864,2141.3887,4473.0,6374.83,4747.72,5118.2,9546.12,15062.62
2015-07-01,2007.77,2021.6371,4253.02,6038.69,4520.65,4829.26,9072.08,14390.9
2015-07-02,1925.251,1899.2433,4108.0,5725.83,4417.33,4579.49,8665.4,13674.73
2015-07-03,1789.6078,1773.8495,3885.92,5390.68,4159.07,4274.74,8055.1,13068.03
2015-07-06,1843.5521,1805.5798,3998.54,5353.86,4373.49,4330.59,8324.45,13271.54
2015-07-07,1796.1103,1774.5751,3928.0,5145.51,4471.48,4179.85,8202.87,12525.48
2015-07-08,1663.1923,1660.4188,3663.04,4900.42,4143.88,3971.31,7690.55,11972.87
2015-07-09,1794.079,1797.7228,3897.63,5144.13,4411.06,4232.98,8208.12,12723.21
2015-07-10,1921.5208,1935.2987,4106.56,5386.22,4602.5,4482.91,8631.94,13495.25
2015-07-13,1984.2008,2004.3673,4211.81,5598.64,4621.1,4679.81,8888.74,14268.04
2015-07-14,1903.641,1928.0261,4112.15,5610.2,4451.7,4631.63,8749.12,14099.7
2015-07-15,1837.3493,1827.2591,3966.76,5375.38,4383.54,4408.95,8409.44,13332.09
2015-07-16,1849.218,1853.2815,3997.36,5437.81,4376.81,4441.68,8474.23,13703.54
2015-07-17,1908.9732,1928.5933,4151.5,5691.55,4477.96,4623.91,8769.02,14289.58
2015-07-20,1896.3381,1919.4959,4160.61,5768.49,4465.06,4646.22,8781.63,14252.82
2015-07-21,1895.7244,1938.0241,4166.01,5830.52,4452.34,4692.01,8766.45,14302.53
2015-07-22,1878.8955,1940.299,4157.16,5869.74,4410.27,4710.57,8748.76,14337.58
2015-07-23,1913.9826,1989.9305,4250.81,6026.95,4493.69,4817.91,8915.5,14619.41
2015-07-24,1884.5098,1958.7743,4176.28,5940.26,4429.84,4725.45,8784.24,14384.29
2015-07-27,1726.2279,1792.1391,3818.73,5478.87,4054.02,4331.51,8017.62,13294.26
2015-07-28,1733.1242,1759.9469,3811.09,5375.72,4051.82,4281.75,7952.51,13366.34
2015-07-29,1786.2395,1843.1739,3930.38,5590.31,4132.72,4466.39,8248.86,13851.93
2015-07-30,1731.8712,1782.1886,3815.41,5433.39,4020.34,4346.52,8053.74,13368.96
2015-07-31,1741.9716,1779.9717,3816.7,5380.01,4034.82,4346.63,8059.44,13458.04
2015-08-03,1766.5891,1787.3076,3829.24,5270.29,4113.85,4374.04,8113.17,13466.09
2015-08-04,1808.5711,1850.8116,3948.16,5507.63,4188.68,4534.82,8352.12,13924.0
2015-08-05,1776.213,1818.3331,3866.9,5433.98,4105.21,4485.83,8171.24,13661.22
2015-08-06,1756.9534,1810.0998,3831.85,5400.55,4069.4,4456.46,8105.25,13523.26
2015-08-07,1786.3843,1844.4969,3906.94,5547.11,4127.26,4556.83,8250.54,13747.26
2015-08-10,1856.7682,1949.6104,4084.36,5811.7,4286.58,4767.98,8611.61,14282.41
2015-08-11,1856.863,1958.0794,4066.67,5822.53,4253.06,4781.97,8573.26,14305.5
2015-08-12,1831.8503,1959.1498,4016.13,5748.5,4191.25,4710.59,8480.91,14033.41
2015-08-13,1860.8689,1998.2156,4075.46,5871.15,4229.51,4826.28,8645.31,14207.04
2015-08-14,1858.1958,1997.5002,4073.54,5898.59,4219.01,4811.52,8619.51,14217.06
2015-08-17,1860.0063,2024.1946,4077.87,5963.36,4201.66,4882.9,8688.85,14287.61
2015-08-18,1734.7906,1857.5846,3825.41,5561.44,3969.16,4527.85,8102.2,13311.54
2015-08-19,1758.1643,1907.3984,3886.14,5674.28,4015.44,4601.64,8228.63,13550.36
2015-08-20,1694.8615,1857.0155,3761.45,5490.65,3912.79,4438.65,7982.16,13112.7
2015-08-21,1614.0811,1779.4365,3589.54,5215.02,3764.72,4199.15,7682.36,12401.4
2015-08-24,1470.9002,1623.7841,3275.53,4788.04,3436.75,3836.11,7007.91,11425.87
2015-08-25,1380.5684,1498.4837,3042.93,4442.48,3217.74,3520.75,6486.06,10835.99
2015-08-26,1404.8801,1462.5562,3025.69,4334.14,3277.24,3476.71,6506.18,11002.68
2015-08-27,1482.3427,1533.2759,3205.64,4530.14,3487.1,3649.97,6884.29,11510.05
2015-08-28,1541.3167,1628.0504,3342.29,4764.94,3593.9,3851.77,7179.91,12017.22
2015-08-31,1544.5581,1634.8749,3366.54,4684.96,3659.62,3784.07,7194.61,11795.95
2015-09-01,1535.7273,1611.8283,3362.08,4529.78,3715.49,3680.82,7204.05,11414.0
2015-09-02,1538.643,1621.3958,3365.83,4466.57,3753.24,3685.15,7261.17,11542.58
2015-09-07,1481.2108,1572.0646,3250.49,4421.33,3567.05,3608.92,7006.49,11311.21
2015-09-08,1520.3034,1612.9205,3334.02,4575.43,3636.56,3731.15,7184.35,11675.47
2015-09-09,1545.7966,1652.4455,3399.31,4701.48,3685.51,3818.83,7313.36,11856.21
2015-09-10,1525.9931,1620.5991,3357.56,4637.7,3667.94,3758.22,7212.45,11628.93
2015-09-11,1520.9351,1615.5255,3347.19,4657.69,3648.9,3767.51,7191.36,11663.65
2015-09-14,1495.9547,1570.2291,3281.13,4450.35,3664.49,3603.19,7012.22,11158.93
2015-09-15,1445.5229,1498.2685,3152.23,4245.27,3574.12,3432.07,6779.3,10811.1
2015-09-16,1520.6946,1590.404,3309.25,4490.13,3682.29,3641.68,7086.65,11481.91
2015-09-17,1474.8416,1547.6618,3237.0,4407.81,3605.21,3556.74,6955.0,11200.58
2015-09-18,1479.5832,1555.8311,3251.27,4449.18,3604.29,3588.56,6966.51,11278.84
2015-09-21,1498.6535,1583.1118,3308.25,4570.03,3624.15,3668.09,7069.2,11555.88
2015-09-22,1512.9659,1590.9187,3339.03,4604.73,3658.89,3695.39,7108.57,11588.39
2015-09-23,1472.9026,1551.5524,3263.03,4533.3,3566.34,3625.72,6951.0,11433.02
2015-09-24,1482.5382,1564.2837,3285.0,4581.45,3578.86,3663.57,6991.51,11532.38
2015-09-25,1459.1196,1541.0288,3231.95,4463.49,3564.27,3595.04,6902.65,11290.72
2015-09-28,1461.7106,1542.2319,3242.75,4521.85,3545.97,3638.05,6932.66,11461.17
2015-09-29,1430.8374,1509.1439,3178.85,4440.56,3477.68,3576.0,6812.22,11300.03
2015-09-30,1444.8293,1514.3586,3202.95,4460.1,3505.5,3591.53,6857.86,11371.47
2015-10-08,1499.734,1565.7512,3296.48,4615.69,3579.48,3708.49,7039.36,11771.62
2015-10-09,1516.5466,1581.0799,3340.12,4681.41,3619.54,3742.89,7115.96,11840.7
2015-10-12,1566.3227,1637.1365,3447.69,4852.99,3717.7,3882.21,7343.03,12191.49
2015-10-13,1562.9601,1635.9324,3445.04,4886.24,3697.39,3896.91,7342.42,12251.34
2015-10-14,1536.5035,1621.2099,3406.11,4829.1,3657.5,3830.14,7249.61,12085.04
2015-10-15,1569.5249,1660.2777,3486.82,4962.58,3722.77,3939.18,7401.2,12391.48
2015-10-16,1587.2842,1678.838,3534.07,5036.52,3762.89,4008.53,7480.48,12548.56
2015-10-19,1587.6792,1673.3186,3534.18,5036.66,3754.98,4042.38,7463.47,12519.84
2015-10-20,1598.2881,1692.7412,3577.7,5114.45,3781.34,4086.98,7539.89,12668.24
2015-10-21,1555.2322,1623.4644,3473.25,4875.25,3767.8,3891.04,7364.46,12082.11
2015-10-22,1569.6722,1654.1092,3524.53,5009.16,3766.79,3969.13,7453.01,12420.83
2015-10-23,1601.3352,1671.5553,3571.24,5118.84,3795.18,4047.31,7536.64,12664.67
2015-10-26,1612.0388,1679.7464,3589.26,5151.29,3800.35,4074.16,7568.09,12736.16
2015-10-27,1602.9663,1669.9158,3592.88,5174.62,3790.01,4088.06,7574.24,12808.97
2015-10-28,1574.4244,1646.6359,3524.92,5065.55,3743.64,4020.22,7480.63,12549.15
2015-10-29,1583.4462,1653.0706,3533.31,5096.52,3745.81,4035.47,7497.53,12641.55
2015-10-30,1583.7574,1641.7255,3534.08,5090.64,3744.6,4016.33,7470.92,12710.28
2015-11-02,1567.1591,1608.9487,3475.96,4989.7,3698.44,3942.02,7376.76,12626.74
2015-11-03,1560.2068,1608.3068,3465.49,4978.49,3686.12,3923.94,7353.28,12509.22
2015-11-04,1630.9648,1673.9949,3628.54,5221.36,3831.31,4101.78,7618.52,13091.66
2015-11-05,1666.5963,1711.1193,3705.97,5274.37,3928.73,4165.04,7771.59,13119.44
2015-11-06,1699.8827,1728.325,3793.37,5401.92,3983.5,4244.14,7873.77,13389.34
2015-11-09,1715.5796,1749.2951,3840.35,5481.53,4057.25,4303.97,8022.81,13590.0
2015-11-10,1704.3801,1744.0296,3833.24,5498.48,4026.86,4309.28,7954.14,13519.91
2015-11-11,1702.2053,1749.097,3833.65,5551.08,3999.2,4331.56,7954.44,13670.12
2015-11-12,1690.4202,1729.8812,3795.32,5533.36,3955.19,4297.4,7865.96,13660.79
2015-11-13,1668.2517,1709.3094,3746.24,5445.36,3914.59,4256.18,7811.46,13431.2
2015-11-16,1661.8757,1712.5055,3764.13,5526.14,3916.44,4311.12,7875.72,13617.45
2015-11-17,1670.5504,1711.4914,3758.39,5497.87,3925.36,4308.75,7919.58,13587.46
2015-11-18,1655.3667,1695.2105,3715.58,5419.63,3915.68,4259.6,7856.11,13485.36
2015-11-19,1671.3678,1717.6002,3774.97,5542.24,3953.99,4332.19,7951.99,13749.54
2015-11-20,1667.3489,1718.2755,3774.38,5592.71,3954.06,4360.78,7957.33,13682.98
2015-11-23,1656.1149,1703.0559,3753.34,5555.0,3937.17,4356.68,7923.39,13624.95
2015-11-24,1657.9395,1698.2279,3753.89,5587.51,3921.07,4371.35,7895.89,13604.0
2015-11-25,1666.6405,1711.3521,3781.61,5668.74,3936.3,4432.57,7997.31,13731.63
2015-11-26,1670.4557,1706.1586,3759.43,5636.34,3921.73,4409.7,7971.15,13721.97
2015-11-27,1591.0676,1614.7203,3556.99,5306.07,3744.41,4183.04,7574.75,12968.01
2015-11-30,1598.7231,1621.0036,3566.41,5330.91,3771.84,4232.35,7658.61,13141.87
2015-12-01,1628.1022,1628.3594,3591.7,5345.86,3813.9,4237.51,7683.14,13234.12
2015-12-02,1706.7008,1668.4306,3721.95,5402.59,4012.45,4312.53,7922.75,13489.08
2015-12-03,1709.3973,1675.9012,3749.3,5496.62,4029.8,4369.74,7975.09,13666.86
2015-12-04,1686.1511,1646.005,3677.59,5439.65,3938.29,4305.06,7830.56,13508.66
2015-12-07,1683.0009,1648.9661,3687.61,5488.94,3930.31,4323.67,7858.3,13651.29
2015-12-08,1644.6827,1611.8152,3623.02,5385.93,3877.13,4232.06,7733.24,13475.54
2015-12-09,1660.8307,1613.6527,3635.94,5384.63,3896.86,4253.75,7773.69,13489.49
2015-12-10,1651.1385,1605.9583,3623.08,5371.41,3871.46,4245.7,7723.35,13493.54
2015-12-11,1650.3286,1599.3806,3608.06,5335.84,3852.5,4205.23,7654.25,13441.96
2015-12-14,1698.3302,1640.9807,3711.32,5456.51,3957.72,4299.71,7800.47,13705.69
2015-12-15,1692.6008,1631.3518,3694.39,5484.63,3921.99,4295.22,7761.99,13762.85
2015-12-16,1679.6176,1633.4108,3685.44,5503.52,3905.11,4287.3,7739.49,13741.52
2015-12-17,1728.2132,1661.349,3755.89,5635.12,3979.07,4380.81,7903.83,14042.02
2015-12-18,1739.1277,1656.5312,3767.91,5633.02,4013.68,4377.74,7928.56,14023.18
2015-12-21,1809.9337,1691.2357,3865.96,5722.03,4143.39,4497.0,8160.64,14504.91
2015-12-22,1818.6643,1694.4383,3876.73,5760.29,4146.01,4520.01,8180.67,14536.26
2015-12-23,1830.4495,1679.734,3866.38,5711.29,4153.0,4513.84,8172.32,14427.42
2015-12-24,1796.4578,1664.8139,3829.4,5685.58,4109.06,4457.31,8084.63,14448.35
2015-12-25,1801.9357,1672.3457,3838.2,5716.56,4122.23,4478.34,8116.93,14447.29
2015-12-28,1744.5845,1640.0985,3727.63,5576.04,4000.29,4367.53,7910.14,14128.88
2015-12-29,1766.8146,1650.8483,3761.87,5631.47,4040.76,4410.33,7971.05,14241.11
2015-12-30,1763.6988,1656.9087,3765.18,5670.35,4039.11,4417.87,7966.64,14278.94
2015-12-31,1744.8062,1637.6955,3731.0,5592.64,4017.03,4375.17,7881.53,14161.89
2016-01-04,1626.8498,1530.6826,3469.07,5156.02,3777.81,4065.48,7407.36,13138.98
2016-01-05,1644.9464,1531.4536,3478.78,5101.97,3805.12,4079.85,7453.29,13191.74
2016-01-06,1672.6374,1579.7025,3539.81,5219.81,3860.81,4181.09,7601.14,13442.12
2016-01-07,1560.8514,1463.0594,3294.38,4809.71,3645.66,3889.61,7157.03,12396.6
2016-01-08,1597.0417,1510.6712,3361.56,4874.65,3715.81,3984.16,7328.64,12659.82
2016-01-11,1516.3388,1426.7507,3192.45,4571.97,3555.84,3758.8,6953.51,11946.46
2016-01-12,1523.2519,1424.6925,3215.71,4583.36,3575.17,3757.79,6964.06,12021.51
2016-01-13,1506.2839,1400.3087,3155.88,4446.67,3535.99,3686.24,6870.59,11739.04
2016-01-14,1535.3711,1420.3909,3221.57,4578.46,3580.97,3763.71,6992.54,12119.42
2016-01-15,1483.8165,1358.069,3118.73,4420.99,3482.83,3627.11,6777.68,11677.44
2016-01-18,1480.3945,1354.8834,3130.73,4478.99,3477.8,3637.35,6778.5,11798.19
2016-01-19,1532.3546,1395.6533,3223.13,4634.16,3565.4,3752.64,6962.42,12205.05
2016-01-20,1499.0355,1383.5041,3174.38,4583.39,3511.04,3707.21,6860.39,11963.39
2016-01-21,1458.6395,1340.9414,3081.35,4414.23,3430.86,3600.07,6684.69,11603.53
2016-01-22,1474.0878,1358.7759,3113.46,4474.63,3461.32,3640.39,6748.82,11724.17
2016-01-25,1479.5457,1367.7323,3128.89,4514.42,3471.57,3665.44,6770.83,11831.85
2016-01-26,1396.8665,1275.0198,2940.51,4204.88,3299.83,3437.77,6407.99,11130.58
2016-01-27,1395.4508,1269.4013,2930.35,4169.19,3290.47,3419.93,6384.73,11073.64
2016-01-28,1371.5216,1229.9305,2853.76,4013.12,3232.48,3330.71,6260.19,10801.48
2016-01-29,1414.2388,1262.6322,2946.09,4154.91,3321.04,3430.87,6431.8,11156.0
2016-02-01,1398.4034,1239.2423,2901.05,4097.08,3265.82,3388.88,6358.54,11144.94
2016-02-02,1426.5565,1262.717,2961.33,4218.69,3315.16,3461.02,6461.84,11483.73
2016-02-03,1418.8522,1257.0,2948.64,4224.52,3292.49,3447.94,6421.98,11499.03
2016-02-04,1430.7228,1274.572,2984.76,4299.54,3324.46,3487.77,6482.38,11620.27
2016-02-05,1419.824,1266.7787,2963.79,4261.11,3310.23,3476.32,6465.98,11524.63
2016-02-15,1404.8096,1258.3908,2946.71,4252.9,3281.41,3453.89,6419.13,11470.63
2016-02-16,1444.2086,1299.2872,3037.04,4412.03,3363.94,3556.87,6594.62,11846.83
2016-02-17,1455.7334,1313.1868,3063.32,4465.17,3385.48,3592.92,6636.91,11919.53
2016-02-18,1453.7078,1314.0932,3053.7,4453.4,3378.29,3593.35,6626.87,11851.6
2016-02-19,1450.3692,1309.4883,3051.59,4466.16,3367.41,3594.2,6608.24,11861.31
2016-02-22,1482.3144,1343.5259,3118.87,4561.69,3440.95,3675.17,6744.24,12087.77
2016-02-23,1472.2078,1338.7947,3089.36,4528.73,3405.26,3649.7,6683.15,12011.9
2016-02-24,1483.1289,1357.0315,3109.55,4550.35,3422.18,3675.67,6725.85,12097.64
2016-02-25,1403.1607,1258.3268,2918.75,4227.46,3253.35,3447.18,6380.38,11311.29
2016-02-26,1418.2968,1284.4479,2948.03,4241.59,3286.69,3483.46,6451.09,11378.62
2016-02-29,1401.0204,1256.1724,2877.47,4056.61,3251.56,3395.02,6346.56,10958.96
2016-03-01,1428.2801,1277.5338,2930.69,4140.27,3291.15,3462.3,6433.05,11211.73
2016-03-02,1492.3733,1337.9843,3051.33,4330.47,3409.48,3618.93,6669.19,11700.13
2016-03-03,1488.9176,1336.3967,3058.42,4340.99,3420.68,3622.67,6678.6,11710.27
2016-03-04,1509.912,1348.6956,3093.89,4280.62,3508.47,3629.48,6753.77,11626.3
2016-03-07,1509.0575,1358.7566,3104.84,4343.78,3496.07,3667.6,6776.79,11804.66
2016-03-08,1505.7815,1354.2251,3107.67,4361.63,3502.08,3664.49,6785.93,11866.66
2016-03-09,1495.8953,1330.2004,3071.91,4283.77,3489.93,3610.14,6738.91,11730.19
2016-03-10,1473.2132,1303.1201,3013.15,4207.43,3421.95,3559.59,6644.47,11620.76
2016-03-11,1478.5554,1308.0787,3018.28,4203.89,3429.51,3558.54,6646.4,11639.09
2016-03-14,1499.712,1336.1917,3065.69,4317.66,3451.92,3621.37,6723.01,11914.09
2016-03-15,1514.1692,1339.0083,3074.78,4303.37,3475.89,3626.73,6752.12,11967.09
2016-03-16,1520.8876,1344.6432,3090.03,4287.42,3524.93,3636.61,6799.95,11916.06
2016-03-17,1532.4014,1361.7867,3124.2,4392.54,3522.93,3681.23,6827.69,12178.85
2016-03-18,1543.569,1376.18,3171.96,4514.16,3546.25,3738.71,6894.82,12406.77
2016-03-21,1578.5563,1395.5437,3249.44,4631.23,3614.1,3797.98,6964.65,12616.7
2016-03-22,1565.2609,1388.0343,3225.79,4610.2,3584.65,3782.14,6942.68,12603.16
2016-03-23,1566.0923,1389.12,3236.09,4643.03,3584.58,3780.23,6932.48,12635.54
2016-03-24,1545.8611,1362.0018,3181.85,4570.48,3531.52,3727.64,6850.2,12533.33
2016-03-25,1556.2211,1371.2339,3197.82,4600.65,3549.09,3755.71,6898.17,12619.03
2016-03-28,1540.4264,1364.0285,3169.73,4568.76,3514.23,3742.04,6868.35,12567.98
2016-03-29,1526.1119,1350.0635,3135.41,4496.18,3489.37,3702.02,6823.73,12434.17
2016-03-30,1560.5522,1388.4779,3216.28,4641.47,3567.46,3789.71,6969.77,12797.82
2016-03-31,1567.9637,1395.3885,3218.09,4650.48,3566.27,3793.31,6976.6,12772.33
2016-04-01,1570.7011,1406.1433,3221.89,4639.56,3583.86,3796.8,6995.58,12719.36
2016-04-05,1583.7407,1422.9307,3264.49,4738.23,3608.51,3857.54,7067.12,12961.57
2016-04-06,1581.5495,1423.3214,3257.53,4749.75,3590.51,3856.49,7042.15,12980.51
2016-04-07,1560.0256,1402.623,3209.29,4677.99,3546.57,3800.11,6956.91,12800.82
2016-04-08,1548.3444,1386.1934,3185.73,4640.2,3526.3,3774.3,6937.9,12725.28
2016-04-11,1568.1997,1408.3348,3230.1,4725.52,3568.19,3831.98,7019.47,13002.17
2016-04-12,1564.0895,1399.6563,3218.45,4698.08,3560.25,3816.39,6998.87,12921.59
2016-04-13,1583.757,1420.7852,3261.38,4763.06,3603.03,3868.99,7070.52,13036.47
2016-04-14,1591.276,1427.5147,3275.83,4802.24,3615.01,3882.55,7095.2,13143.83
2016-04-15,1588.9543,1419.6338,3272.21,4799.42,3616.33,3872.15,7086.77,13106.63
2016-04-18,1567.895,1398.0832,3228.45,4732.4,3578.77,3831.48,7013.15,12933.19
2016-04-19,1572.3041,1399.1623,3238.3,4748.91,3588.05,3840.95,7026.72,12995.56
2016-04-20,1549.7133,1361.1455,3181.03,4585.19,3563.51,3754.13,6924.84,12625.57
2016-04-21,1540.769,1352.071,3160.6,4541.68,3551.7,3736.36,6878.5,12550.76
2016-04-22,1554.2199,1356.6066,3174.9,4573.18,3568.81,3755.87,6923.32,12796.0
2016-04-25,1551.5194,1351.6761,3162.03,4552.14,3559.24,3758.97,6924.42,12734.05
2016-04-26,1558.2915,1358.8487,3179.16,4595.4,3571.55,3778.83,6952.86,12853.74
2016-04-27,1552.3551,1354.3165,3165.92,4579.56,3558.51,3764.98,6944.06,12867.91
2016-04-28,1546.1263,1349.2535,3160.58,4568.66,3556.37,3757.62,6940.25,12842.04
2016-04-29,1551.2102,1349.6457,3156.75,4564.67,3548.4,3751.26,6924.03,12825.96
2016-05-03,1577.2004,1379.189,3213.54,4677.33,3588.76,3817.76,7030.75,13205.0
2016-05-04,1570.093,1384.4261,3209.46,4676.39,3587.03,3805.69,7017.39,13172.75
2016-05-05,1571.0008,1390.232,3213.92,4696.78,3585.13,3807.25,7022.45,13197.04
2016-05-06,1524.9343,1353.3779,3130.35,4537.64,3511.83,3702.3,6872.34,12795.26
2016-05-09,1500.2628,1319.5887,3065.62,4391.48,3459.74,3613.31,6763.76,12580.04
2016-05-10,1510.9448,1326.5373,3069.11,4387.49,3460.58,3624.84,6785.44,12683.51
2016-05-11,1523.2929,1340.6167,3082.81,4377.84,3483.14,3645.76,6833.04,12786.81
2016-05-12,1525.8188,1343.6556,3090.14,4378.54,3495.27,3650.12,6859.29,12837.26
2016-05-13,1516.3507,1331.0583,3074.94,4363.05,3481.46,3642.23,6826.92,12749.82
2016-05-16,1525.4645,1342.5466,3095.31,4420.87,3489.4,3665.3,6860.49,12860.64
2016-05-17,1514.528,1334.5936,3086.02,4411.97,3473.89,3648.9,6834.39,12754.41
2016-05-18,1507.3933,1318.3254,3068.04,4325.8,3476.01,3599.62,6785.3,12573.38
2016-05-19,1504.5743,1315.7617,3062.5,4337.45,3462.51,3596.54,6784.27,12544.7
2016-05-20,1511.8575,1322.5592,3078.22,4374.19,3474.69,3610.31,6791.98,12592.02
2016-05-23,1516.9489,1331.498,3087.22,4418.14,3473.69,3628.11,6809.56,12743.2
2016-05-24,1509.2589,1319.6062,3063.56,4377.67,3450.01,3598.55,6780.72,12612.48
2016-05-25,1507.9102,1312.1324,3059.23,4366.37,3453.63,3600.11,6781.46,12590.32
2016-05-26,1507.619,1311.8285,3064.21,4381.21,3456.29,3607.81,6791.33,12677.45
2016-05-27,1508.0686,1311.5334,3062.5,4378.09,3457.51,3617.15,6804.59,12684.2
2016-05-30,1510.8032,1308.9241,3066.71,4368.69,3471.58,3617.97,6819.42,12626.52
2016-05-31,1553.2956,1347.9278,3169.56,4532.85,3564.24,3720.26,6986.92,13073.62
2016-06-01,1554.3703,1349.8433,3160.55,4545.76,3546.35,3718.37,6972.66,13050.76
2016-06-02,1556.0816,1355.1032,3167.1,4574.87,3546.67,3726.49,6958.86,13058.47
2016-06-03,1572.528,1361.7587,3189.33,4597.34,3566.34,3744.39,6997.47,13220.37
2016-06-06,1571.07,1364.9278,3178.79,4599.42,3552.57,3744.23,6982.53,13310.33
2016-06-07,1568.5341,1361.7977,3177.05,4601.11,3551.61,3736.48,6974.19,13305.06
2016-06-08,1558.9095,1355.4085,3163.99,4587.39,3539.38,3711.11,6937.13,13205.28
2016-06-13,1517.3839,1314.7494,3066.34,4401.32,3466.25,3606.91,6777.07,12829.52
2016-06-14,1524.3871,1317.5438,3075.98,4416.46,3483.15,3616.09,6799.38,12921.67
2016-06-15,1542.7537,1340.5505,3116.37,4526.74,3507.88,3667.38,6871.4,13206.01
2016-06-16,1528.0147,1332.0226,3094.67,4512.46,3485.71,3647.14,6823.95,13076.09
2016-06-17,1541.7655,1342.009,3110.36,4538.5,3505.23,3675.94,6873.4,13215.79
2016-06-20,1543.8119,1344.909,3112.67,4548.53,3511.26,3676.93,6891.25,13224.29
2016-06-21,1544.3019,1336.9183,3106.32,4515.17,3510.3,3666.45,6885.58,13129.07
2016-06-22,1554.3331,1348.1946,3133.96,4575.46,3528.12,3697.82,6921.0,13230.03
2016-06-23,1543.7008,1340.2874,3117.32,4554.49,3507.42,3673.01,6872.17,13146.2
2016-06-24,1523.4459,1316.8131,3077.16,4505.96,3463.39,3622.3,6777.48,12998.81
2016-06-27,1544.5508,1334.3101,3120.54,4595.1,3493.13,3671.12,6835.0,13267.94
2016-06-28,1548.8547,1337.4878,3136.4,4632.58,3499.06,3691.74,6853.34,13390.61
2016-06-29,1557.8951,1343.2046,3151.39,4648.8,3523.97,3703.2,6881.7,13366.2
2016-06-30,1562.653,1343.0903,3153.92,4650.62,3523.64,3703.5,6891.19,13423.47
2016-07-01,1561.7526,1341.6934,3154.2,4644.61,3533.54,3706.91,6911.08,13395.36
2016-07-04,1591.3201,1362.8286,3204.7,4725.52,3571.43,3761.78,6997.0,13614.72
2016-07-05,1598.0131,1381.282,3207.38,4740.63,3561.97,3767.15,6983.49,13538.31
2016-07-06,1604.8175,1378.7104,3216.8,4759.22,3562.74,3779.89,6982.75,13759.35
2016-07-07,1588.6618,1381.1657,3209.95,4759.86,3543.92,3761.17,6936.23,13707.06
2016-07-08,1577.1184,1370.5751,3192.28,4741.75,3516.9,3732.62,6871.25,13685.59
2016-07-11,1586.6338,1376.807,3203.33,4738.82,3527.67,3743.67,6897.5,13658.64
2016-07-12,1631.0654,1424.9839,3273.18,4808.27,3610.34,3829.65,7054.02,14020.9
2016-07-13,1629.5343,1442.4675,3282.87,4835.9,3611.04,3841.24,7074.4,13972.75
2016-07-14,1628.0026,1433.472,3276.76,4836.23,3601.59,3824.85,7046.57,13911.74
2016-07-15,1628.7795,1440.828,3276.28,4824.85,3610.91,3831.73,7059.95,13954.93
2016-07-18,1620.732,1434.8724,3262.02,4803.76,3611.33,3837.38,7100.61,13934.03
2016-07-19,1608.0176,1423.6099,3248.23,4808.13,3578.98,3816.88,7039.51,13822.1
2016-07-20,1605.8209,1417.923,3237.61,4801.61,3567.66,3805.19,7021.98,13829.73
2016-07-21,1615.2011,1422.5156,3252.52,4816.65,3589.32,3826.64,7057.33,13911.76
2016-07-22,1596.6998,1407.2345,3225.16,4775.5,3557.69,3784.73,6982.28,13740.31
2016-07-25,1601.8783,1406.5666,3230.89,4781.75,3561.55,3799.63,7019.89,13767.6
2016-07-26,1627.0706,1429.333,3269.59,4840.17,3603.86,3850.93,7107.39,13964.07
2016-07-27,1616.3429,1421.6508,3218.24,4683.8,3587.98,3795.18,7065.98,13574.32
2016-07-28,1632.0395,1440.6296,3221.14,4682.34,3597.73,3844.06,7161.63,13723.44
2016-07-29,1624.7723,1427.5109,3203.93,4652.71,3589.18,3840.54,7147.65,13709.09
2016-08-01,1612.4647,1421.7856,3176.81,4595.01,3576.51,3806.07,7118.73,13475.17
2016-08-02,1616.667,1427.0138,3189.05,4627.03,3583.29,3820.77,7136.95,13543.06
2016-08-03,1620.0555,1435.4349,3193.51,4641.88,3585.04,3830.02,7145.8,13553.83
2016-08-04,1621.3698,1429.5127,3201.29,4665.23,3591.8,3837.96,7157.94,13594.09
2016-08-05,1620.2596,1421.1968,3205.11,4653.34,3608.32,3840.74,7174.56,13536.24
2016-08-08,1636.8655,1434.6133,3234.18,4702.57,3632.93,3880.96,7245.19,13672.45
2016-08-09,1653.2499,1446.8887,3256.98,4743.89,3656.79,3905.85,7272.77,13831.78
2016-08-10,1642.3901,1440.5307,3243.34,4727.33,3641.68,3888.14,7237.24,13818.23
2016-08-11,1638.4031,1427.9703,3233.36,4680.32,3646.91,3872.53,7237.48,13690.47
2016-08-12,1668.8428,1448.1553,3294.23,4745.21,3730.63,3946.2,7400.05,13809.46
2016-08-15,1715.3748,1482.8298,3393.42,4866.18,3844.52,4043.63,7591.12,14215.09
2016-08-16,1701.7674,1486.2461,3378.25,4875.12,3817.13,4026.59,7538.74,14229.05
2016-08-17,1703.5472,1488.2733,3373.05,4881.81,3801.23,4026.45,7523.48,14209.69
2016-08-18,1696.1218,1486.1841,3364.49,4876.93,3790.16,4017.65,7502.89,14110.91
2016-08-19,1693.3304,1490.0017,3365.02,4882.43,3784.45,4022.52,7507.8,14123.74
2016-08-22,1681.648,1473.8038,3336.79,4831.48,3764.36,3997.93,7466.62,14066.46
2016-08-23,1683.184,1476.2894,3341.83,4839.36,3770.67,4000.9,7484.43,14048.26
2016-08-24,1676.1539,1471.7871,3329.86,4839.62,3749.98,3989.04,7473.89,14017.84
2016-08-25,1662.8474,1460.27,3308.97,4808.0,3728.2,3969.47,7431.46,13884.76
2016-08-26,1661.6678,1461.7671,3307.09,4817.57,3721.41,3962.14,7413.7,13902.98
2016-08-29,1661.0686,1458.9861,3307.78,4824.8,3712.15,3961.38,7392.82,13949.15
2016-08-30,1662.9812,1455.5016,3311.99,4827.81,3722.92,3969.12,7420.87,13949.04
2016-08-31,1667.7924,1455.2306,3327.79,4840.0,3749.97,3986.49,7461.92,14037.4
2016-09-01,1653.7548,1445.0791,3301.58,4803.14,3719.88,3951.59,7402.37,13984.73
2016-09-02,1670.2597,1454.1819,3314.11,4799.62,3742.42,3960.57,7434.75,13974.51
2016-09-05,1682.4516,1456.1042,3319.68,4817.08,3746.0,3976.52,7463.97,14033.4
2016-09-06,1703.5777,1463.4511,3342.63,4873.57,3760.24,4009.48,7513.65,14191.31
2016-09-07,1705.5521,1464.8924,3340.82,4873.11,3764.44,4012.75,7509.28,14137.15
2016-09-08,1702.2602,1467.3928,3339.56,4883.98,3762.17,4018.29,7520.39,14133.55
2016-09-09,1691.0629,1459.6722,3318.04,4852.07,3742.09,3984.96,7454.55,14043.49
2016-09-12,1665.0329,1439.5269,3262.6,4735.62,3694.87,3912.03,7336.17,13786.1
2016-09-13,1660.32,1435.1849,3260.33,4753.9,3686.68,3918.39,7337.8,13854.76
2016-09-14,1643.4834,1421.9365,3238.73,4726.5,3654.95,3880.15,7265.21,13757.38
2016-09-19,1657.805,1431.7075,3263.12,4772.18,3682.97,3919.3,7332.07,13932.16
2016-09-20,1654.8008,1427.7241,3257.4,4768.62,3677.22,3923.16,7343.34,13909.82
2016-09-21,1654.7783,1426.8816,3266.64,4779.21,3687.75,3926.53,7358.68,13908.34
2016-09-22,1666.2663,1439.1315,3291.12,4810.08,3727.09,3962.79,7431.13,14047.68
2016-09-23,1658.9432,1437.7451,3275.67,4790.9,3707.1,3944.34,7388.58,13983.02
2016-09-26,1632.8503,1411.1106,3220.28,4699.25,3656.44,3883.81,7294.17,13712.51
2016-09-27,1643.5714,1414.7389,3240.75,4730.5,3675.76,3907.89,7328.12,13853.73
2016-09-28,1637.8589,1413.148,3230.89,4720.99,3666.96,3901.61,7327.73,13836.23
2016-09-29,1645.8129,1418.1271,3244.39,4738.01,3681.61,3914.99,7355.15,13860.74
2016-09-30,1653.8681,1419.0443,3253.28,4757.4,3689.93,3925.2,7370.72,13965.58
2016-10-10,1671.133,1443.262,3293.87,4837.64,3726.88,3977.03,7475.06,14135.53
2016-10-11,1673.3701,1463.2577,3306.56,4864.44,3732.16,3987.3,7488.34,14163.11
2016-10-12,1668.2757,1455.1784,3300.01,4862.15,3723.38,3978.85,7475.28,14175.97
2016-10-13,1673.44,1453.3692,3302.65,4868.11,3721.58,3989.81,7488.34,14130.85
2016-10-14,1680.8516,1476.1099,3305.85,4865.17,3730.98,3990.18,7478.9,14126.68
2016-10-17,1669.7845,1464.5658,3277.88,4822.99,3699.81,3961.75,7417.87,13989.71
2016-10-18,1699.2143,1486.6859,3321.33,4892.03,3740.79,4014.97,7502.48,14185.34
2016-10-19,1700.2017,1494.1389,3316.24,4886.2,3738.19,4007.94,7487.6,14118.24
2016-10-20,1703.6295,1491.9944,3318.6,4895.33,3744.71,4012.68,7510.18,14114.28
2016-10-21,1723.9406,1494.1215,3327.74,4887.91,3764.63,4031.25,7568.96,14123.71
2016-10-24,1750.241,1513.0461,3367.58,4935.44,3811.96,4070.31,7631.51,14246.42
2016-10-25,1757.0314,1513.6517,3367.45,4947.8,3812.31,4086.01,7659.34,14321.98
2016-10-26,1747.6021,1506.9872,3354.8,4928.15,3797.89,4058.09,7589.17,14237.88
2016-10-27,1738.2312,1499.2097,3345.7,4920.99,3780.96,4052.55,7562.24,14188.48
2016-10-28,1732.9316,1491.2685,3340.13,4890.55,3784.79,4028.79,7535.9,14198.16
2016-10-31,1733.3069,1492.9661,3336.28,4887.24,3783.53,4031.49,7548.53,14160.58
2016-11-01,1741.6576,1501.3662,3359.05,4931.76,3810.2,4058.22,7588.32,14280.22
2016-11-02,1724.928,1487.9595,3333.35,4897.74,3774.37,4020.4,7515.29,14189.47
2016-11-03,1755.1645,1503.5675,3365.09,4934.25,3815.45,4048.25,7555.71,14235.48
2016-11-04,1757.7796,1502.4748,3354.17,4919.62,3807.64,4034.31,7534.44,14172.76
2016-11-07,1766.0706,1510.7393,3356.59,4923.66,3811.2,4042.0,7534.05,14165.94
2016-11-08,1766.0498,1511.876,3371.12,4949.3,3822.2,4062.19,7558.88,14254.94
2016-11-09,1755.336,1501.7366,3353.05,4918.45,3807.08,4040.18,7512.48,14165.51
2016-11-10,1777.3095,1519.1777,3390.61,4980.24,3849.46,4092.1,7597.53,14330.32
2016-11-11,1791.5297,1536.8047,3417.22,5012.47,3867.92,4111.7,7608.34,14324.64
2016-11-14,1800.5552,1554.4176,3430.25,5030.26,3878.06,4113.85,7617.81,14309.96
2016-11-15,1792.7569,1545.5577,3429.87,5044.48,3877.5,4116.47,7622.25,14402.58
2016-11-16,1788.1519,1550.783,3429.59,5047.23,3876.42,4113.78,7623.5,14388.45
2016-11-17,1802.0669,1562.6637,3436.54,5044.14,3892.32,4132.84,7661.26,14377.26
2016-11-18,1788.6382,1546.4433,3417.46,5022.16,3878.49,4121.28,7649.73,14375.55
2016-11-21,1808.0235,1555.7487,3441.11,5044.9,3915.02,4153.44,7699.5,14396.94
2016-11-22,1830.124,1569.6159,3468.36,5086.51,3945.27,4178.86,7742.32,14492.61
2016-11-23,1844.6897,1558.5878,3474.73,5074.33,3972.94,4193.84,7791.21,14575.46
2016-11-24,1861.3022,1563.0452,3488.74,5069.83,3999.55,4217.78,7844.11,14637.06
2016-11-25,1887.7051,1574.4149,3521.3,5096.93,4047.62,4254.82,7932.04,14695.15
2016-11-28,1919.6207,1593.8069,3535.08,5107.02,4064.56,4279.07,7990.69,14769.07
2016-11-29,1957.9048,1605.6992,3564.04,5094.99,4111.04,4297.09,8061.07,14796.16
2016-11-30,1933.3942,1596.4916,3538.0,5068.87,4074.22,4250.25,7978.86,14715.81
2016-12-01,1956.9859,1630.9419,3565.04,5100.05,4110.98,4292.49,8065.39,14832.92
2016-12-02,1933.3191,1614.8469,3528.95,5030.27,4077.36,4247.61,7963.64,14611.55
2016-12-05,1858.9139,1591.8861,3469.41,4977.03,3998.98,4181.43,7836.28,14459.49
2016-12-06,1858.4108,1583.9015,3459.15,4977.17,3983.66,4175.43,7821.87,14477.05
2016-12-07,1865.438,1590.0214,3475.75,5018.43,3989.16,4196.03,7830.08,14529.78
2016-12-08,1857.8201,1597.6447,3470.14,5000.31,3993.19,4193.68,7838.39,14506.11
2016-12-09,1886.1489,1603.3058,3493.7,5006.61,4045.66,4230.1,7929.56,14526.94
2016-12-12,1836.6734,1563.6551,3409.18,4818.29,3981.33,4126.78,7792.65,14077.92
2016-12-13,1831.9469,1578.9706,3405.04,4829.24,3963.51,4120.14,7780.84,14110.9
2016-12-14,1809.2753,1561.1653,3378.95,4798.5,3934.75,4089.39,7719.55,13990.5
2016-12-15,1786.3635,1546.461,3340.43,4799.28,3855.37,4044.91,7606.55,13854.41
2016-12-16,1798.5828,1554.3009,3346.03,4827.35,3857.48,4055.28,7616.86,13964.89
2016-12-19,1785.1569,1556.1825,3328.98,4815.73,3835.97,4051.58,7602.94,13910.47
2016-12-20,1775.6378,1553.981,3309.06,4799.13,3807.51,4025.67,7551.83,13854.35
2016-12-21,1792.505,1586.2861,3338.54,4838.25,3842.34,4065.09,7622.71,13930.81
2016-12-22,1793.3259,1594.6829,3335.67,4834.8,3841.61,4072.16,7629.37,13938.4
2016-12-23,1778.0302,1585.5242,3307.6,4786.61,3814.01,4028.85,7545.11,13771.9
2016-12-26,1792.4023,1588.7539,3322.4,4806.21,3836.27,4040.77,7563.17,13804.74
2016-12-27,1791.3211,1576.6899,3316.39,4806.41,3832.65,4043.08,7555.77,13846.55
2016-12-28,1777.7215,1572.7907,3301.89,4788.62,3813.75,4026.91,7526.48,13783.54
2016-12-29,1780.0499,1569.0437,3297.76,4777.3,3812.4,4021.23,7516.86,13784.51
2016-12-30,1786.6499,1568.0548,3310.08,4786.98,3826.54,4040.73,7551.66,13889.12
2017-01-03,1806.0035,1578.163,3342.23,4831.69,3864.43,4081.8,7628.83,14063.34
2017-01-04,1829.9553,1600.2544,3368.31,4879.99,3894.37,4115.53,7681.09,14241.19
2017-01-05,1828.7091,1606.7216,3367.79,4881.35,3896.63,4120.05,7682.75,14192.63
2017-01-06,1822.3998,1610.1821,3347.67,4850.94,3878.46,4102.33,7657.41,14114.19
2017-01-09,1826.8141,1616.8292,3363.9,4875.43,3891.56,4125.82,7712.13,14139.34
2017-01-10,1825.0683,1627.3869,3358.27,4861.77,3884.47,4114.38,7686.53,14157.84
2017-01-11,1809.6372,1603.6522,3334.5,4818.12,3856.17,4082.06,7625.51,14025.31
2017-01-12,1799.3277,1597.8864,3317.62,4782.32,3840.56,4057.21,7591.24,13883.57
2017-01-13,1801.5188,1600.6448,3319.91,4741.08,3862.15,4059.99,7612.61,13832.47
2017-01-16,1809.1962,1601.3243,3319.45,4645.33,3892.74,4063.01,7646.2,13796.15
2017-01-17,1816.3961,1605.4587,3326.36,4675.6,3890.6,4071.58,7652.91,13884.1
2017-01-18,1835.0523,1614.261,3339.37,4675.03,3922.32,4096.88,7686.91,14005.72
2017-01-19,1826.6203,1604.2343,3329.29,4656.82,3908.41,4087.67,7676.48,13989.64
2017-01-20,1840.2943,1612.1044,3354.89,4711.31,3931.68,4123.69,7734.74,14151.79
2017-01-23,1842.0038,1620.2055,3364.08,4741.02,3932.43,4128.52,7735.54,14202.63
2017-01-24,1846.3144,1628.7736,3364.45,4732.9,3947.75,4144.2,7758.69,14240.63
2017-01-25,1853.649,1629.388,3375.9,4746.12,3961.99,4150.07,7774.7,14293.54
2017-01-26,1855.8035,1627.4672,3387.96,4770.43,3970.24,4157.87,7792.98,14308.99
2017-02-03,1842.8324,1617.8454,3364.49,4748.21,3934.36,4131.77,7740.15,14279.32
2017-02-06,1845.5557,1619.2973,3373.21,4780.5,3941.0,4144.05,7769.69,14300.65
2017-02-07,1839.3133,1615.8515,3365.68,4778.28,3932.32,4146.86,7778.56,14296.95
2017-02-08,1848.8068,1621.4427,3383.29,4806.69,3943.55,4161.75,7798.68,14373.36
2017-02-09,1860.1995,1630.3702,3396.29,4835.26,3963.21,4179.77,7821.07,14493.32
2017-02-10,1875.5231,1641.198,3413.49,4842.3,3992.3,4206.29,7859.27,14527.61
2017-02-13,1895.7949,1647.9224,3436.28,4872.11,4022.26,4237.66,7899.19,14682.01
2017-02-14,1892.9808,1650.8343,3435.8,4870.58,4021.33,4228.75,7885.03,14663.72
2017-02-15,1886.0256,1645.9042,3421.71,4836.76,4019.78,4225.67,7891.66,14560.61
2017-02-16,1898.7297,1652.5433,3440.93,4867.22,4035.14,4248.34,7923.38,14695.18
2017-02-17,1891.8719,1640.078,3421.44,4831.84,4006.81,4218.56,7862.34,14647.36
2017-02-20,1932.6871,1670.863,3471.39,4888.1,4080.75,4293.09,8003.02,14967.91
2017-02-21,1930.2408,1674.0406,3482.82,4918.36,4083.62,4300.01,8011.5,14998.08
2017-02-22,1942.8947,1679.1955,3489.76,4935.19,4096.51,4324.54,8055.44,15118.01
2017-02-23,1928.9908,1666.2591,3473.32,4923.3,4074.27,4302.67,8019.55,15068.7
2017-02-24,1921.0749,1669.2924,3473.85,4930.06,4070.42,4296.51,8007.17,14975.63
2017-02-27,1895.741,1647.8895,3446.22,4891.91,4034.49,4256.86,7947.99,14795.03
2017-02-28,1903.3742,1651.5676,3452.81,4906.27,4042.01,4275.43,7977.22,14850.87
2017-03-01,1907.7097,1657.2098,3458.44,4917.19,4047.49,4278.95,7982.24,14888.04
2017-03-02,1894.5937,1646.564,3435.1,4885.97,4015.82,4257.55,7943.47,14851.98
2017-03-03,1895.0174,1642.6551,3427.86,4888.78,4007.36,4259.2,7947.57,14900.9
2017-03-06,1909.1751,1650.2177,3446.48,4929.8,4019.9,4280.97,7958.36,15031.12
2017-03-07,1915.7108,1648.249,3453.96,4940.14,4031.25,4285.91,7953.59,15086.67
2017-03-08,1917.8067,1645.1802,3448.73,4926.43,4034.75,4274.55,7950.31,15067.02
2017-03-09,1906.6601,1637.4592,3426.94,4892.83,4011.01,4240.96,7890.93,14976.57
2017-03-10,1914.311,1631.4055,3427.89,4894.77,4015.04,4244.69,7900.94,15098.85
2017-03-13,1930.9279,1642.951,3458.1,4933.24,4046.1,4285.47,7967.38,15258.39
2017-03-14,1931.3956,1645.364,3456.69,4927.2,4051.49,4283.67,7988.21,15299.38
2017-03-15,1944.6123,1658.4839,3463.64,4928.46,4062.41,4298.08,8011.39,15347.94
2017-03-16,1945.4093,1667.8348,3481.51,4966.28,4073.55,4314.32,8034.57,15361.55
2017-03-17,1927.0303,1654.6259,3445.81,4923.53,4035.31,4268.78,7948.67,15254.94
2017-03-20,1940.3551,1672.1462,3449.61,4934.95,4043.14,4289.3,7975.12,15353.51
2017-03-21,1970.5577,1686.2182,3466.35,4950.67,4073.9,4331.33,8041.91,15637.74
2017-03-22,1968.8185,1686.8125,3450.05,4927.75,4052.69,4307.38,7998.95,15653.6
2017-03-23,1977.1712,1685.7239,3461.98,4936.26,4068.25,4316.12,8004.71,15649.87
2017-03-24,2003.533,1699.1273,3489.6,4962.37,4103.1,4354.31,8080.3,15756.94
2017-03-27,1981.3898,1686.1377,3478.04,4946.99,4088.08,4341.29,8078.83,15594.87
2017-03-28,1976.8273,1680.5212,3469.81,4934.17,4077.35,4326.36,8057.14,15571.19
2017-03-29,1981.8106,1691.0536,3465.19,4915.45,4075.58,4319.62,8056.85,15543.99
2017-03-30,1966.3227,1687.388,3436.76,4844.46,4055.05,4290.82,8032.9,15397.04
2017-03-31,1978.2871,1686.006,3456.05,4863.51,4081.05,4323.96,8095.88,15594.57
2017-04-05,2001.6745,1708.4261,3503.89,4949.59,4128.74,4382.42,8202.77,15740.46
2017-04-06,2027.9172,1722.6274,3514.05,4965.08,4150.65,4400.05,8263.9,15790.14
2017-04-07,2023.2471,1728.6054,3517.46,4970.4,4149.76,4407.75,8295.68,15838.44
2017-04-10,2021.5471,1727.9733,3505.14,4942.59,4142.77,4405.85,8336.31,15726.08
2017-04-11,2024.0754,1730.4135,3517.33,4972.47,4149.24,4421.57,8380.06,15661.26
2017-04-12,2018.6711,1727.0856,3509.44,4944.72,4143.11,4423.27,8363.93,15627.86
2017-04-13,2022.0548,1734.5289,3514.57,4958.74,4141.45,4450.62,8420.49,15807.81
2017-04-14,2003.6005,1718.6076,3486.5,4901.23,4108.86,4397.73,8331.27,15682.3
2017-04-17,2009.9098,1716.7211,3479.94,4858.68,4111.85,4375.88,8285.33,15717.29
2017-04-18,2016.9545,1717.868,3462.74,4824.73,4095.18,4365.36,8275.11,15936.45
2017-04-19,2020.1765,1712.354,3445.88,4780.79,4081.47,4347.31,8243.61,15947.36
2017-04-20,2040.8876,1724.6257,3461.55,4780.83,4103.57,4366.19,8283.51,16224.34
2017-04-21,2040.694,1720.4942,3466.79,4768.25,4115.35,4369.35,8291.38,16137.08
2017-04-24,2015.1927,1697.0456,3431.26,4671.02,4080.9,4315.2,8224.2,15947.48
2017-04-25,2031.8824,1705.1776,3440.97,4686.41,4096.63,4335.37,8270.8,16104.55
2017-04-26,2031.2501,1701.7684,3445.18,4696.71,4097.22,4339.48,8302.02,15979.58
2017-04-27,2026.9247,1704.5083,3446.72,4709.19,4095.55,4329.63,8289.27,15931.16
2017-04-28,2011.2926,1699.1407,3439.75,4718.13,4079.61,4302.84,8263.04,15782.71
2017-05-02,2012.4682,1700.7401,3426.58,4713.02,4065.2,4281.13,8212.27,15732.44
2017-05-03,2004.8962,1700.1673,3413.13,4698.04,4049.81,4254.32,8159.11,15709.36
2017-05-04,2004.5475,1694.8657,3404.39,4684.75,4044.75,4251.87,8155.02,15691.27
2017-05-05,2002.2233,1687.1073,3382.55,4637.68,4035.95,4229.1,8126.9,15593.0
2017-05-08,1987.6701,1674.08,3358.81,4573.67,4020.0,4194.24,8065.68,15377.79
2017-05-09,1977.3896,1672.0971,3352.53,4585.07,4005.14,4192.62,8049.89,15374.16
2017-05-10,1970.3559,1658.7537,3337.7,4528.31,4008.79,4147.82,7970.98,15281.15
2017-05-11,1993.3058,1672.353,3356.65,4526.13,4048.7,4170.48,8037.49,15434.68
2017-05-12,2002.2219,1677.2664,3385.38,4540.47,4099.44,4202.12,8119.28,15456.96
2017-05-15,2010.5278,1688.3126,3399.19,4557.81,4108.64,4228.94,8179.04,15653.47
2017-05-16,2029.5023,1706.0452,3428.65,4626.38,4125.43,4278.08,8281.03,15943.57
2017-05-17,2010.4789,1693.8202,3409.97,4622.53,4091.78,4265.53,8262.47,15765.78
2017-05-18,2005.294,1691.2067,3398.11,4597.1,4084.0,4245.37,8228.78,15724.51
2017-05-19,2022.1698,1701.1922,3403.85,4599.61,4100.0,4261.37,8269.91,15807.1
2017-05-22,2036.5209,1709.3124,3411.24,4562.41,4127.62,4248.44,8253.13,15860.03
2017-05-23,2052.5493,1722.7166,3424.19,4505.6,4178.82,4259.54,8301.19,16027.7
2017-05-24,2048.0839,1721.6164,3424.17,4517.7,4171.6,4266.98,8307.32,15943.23
2017-05-25,2072.9915,1735.2559,3485.66,4574.75,4264.6,4325.16,8401.76,16109.52
2017-05-26,2080.0861,1738.5028,3480.43,4569.97,4266.96,4331.28,8391.38,16062.9
2017-05-31,2090.1492,1745.7513,3492.88,4572.15,4287.33,4338.31,8409.86,16049.0
2017-06-01,2103.5609,1753.8988,3497.74,4519.04,4314.81,4330.89,8427.04,16104.05
2017-06-02,2095.1114,1752.9667,3486.51,4536.55,4287.08,4338.47,8426.68,16111.91
2017-06-05,2082.7507,1745.7941,3468.75,4545.59,4246.47,4316.5,8376.61,16075.88
2017-06-06,2112.0775,1756.7474,3492.88,4570.62,4282.71,4338.88,8399.31,16271.88
2017-06-07,2134.3409,1775.1567,3533.87,4644.84,4324.64,4397.44,8489.8,16586.16
2017-06-08,2175.6291,1797.1256,3560.98,4662.67,4371.67,4437.77,8577.43,16842.81
2017-06-09,2182.679,1799.9486,3576.17,4674.94,4396.79,4450.95,8632.43,16899.33
2017-06-12,2198.7788,1807.2408,3574.39,4641.12,4415.9,4462.27,8660.25,16937.97
2017-06-13,2194.7616,1804.093,3582.27,4679.13,4410.13,4477.02,8703.55,17004.54
2017-06-14,2151.7329,1785.9796,3535.3,4649.45,4328.84,4413.18,8558.1,16711.07
2017-06-15,2144.0401,1780.934,3528.79,4672.08,4301.76,4391.99,8507.29,16671.93
2017-06-16,2128.1428,1774.374,3518.76,4661.43,4282.32,4362.86,8422.12,16592.67
2017-06-19,2160.5704,1793.6067,3553.67,4698.6,4333.43,4393.38,8485.88,16781.82
2017-06-20,2155.2683,1788.3065,3546.49,4697.38,4322.28,4387.9,8463.44,16731.52
2017-06-21,2195.586,1807.6226,3587.96,4725.04,4379.23,4439.06,8566.14,17005.81
2017-06-22,2195.7425,1804.7207,3590.34,4685.72,4406.13,4438.04,8590.66,16849.84
2017-06-23,2230.1222,1816.0907,3622.88,4708.62,4457.29,4475.03,8682.03,17065.0
2017-06-26,2255.393,1836.6834,3668.09,4768.79,4507.33,4525.73,8755.84,17346.32
2017-06-27,2259.4867,1833.7019,3674.72,4776.66,4525.49,4534.92,8776.83,17384.42
2017-06-28,2231.0323,1819.8269,3646.17,4743.92,4492.7,4510.0,8699.94,17223.89
2017-06-29,2246.1667,1827.6996,3668.83,4768.11,4521.22,4525.37,8719.85,17308.03
2017-06-30,2250.1165,1833.1941,3666.8,4772.14,4518.12,4527.24,8719.74,17374.8
2017-07-03,2229.9615,1834.2212,3650.85,4781.39,4489.08,4518.92,8675.82,17240.57
2017-07-04,2207.5476,1825.9261,3619.98,4755.13,4442.44,4483.8,8596.5,17002.56
2017-07-05,2229.7368,1836.1083,3659.68,4798.55,4498.66,4514.1,8680.94,17194.0
2017-07-06,2229.1198,1838.3079,3660.1,4802.65,4505.24,4515.58,8708.73,17085.01
2017-07-07,2225.0802,1837.3411,3655.93,4808.63,4486.76,4517.37,8691.71,17013.88
2017-07-10,2229.836,1848.8874,3653.69,4794.94,4488.88,4506.22,8654.1,16966.3
2017-07-11,2252.1415,1844.2143,3670.81,4774.45,4539.07,4526.76,8695.42,17135.35
2017-07-12,2229.5278,1837.8308,3658.82,4765.29,4525.43,4505.91,8642.95,17053.0
2017-07-13,2243.2893,1846.4512,3686.92,4784.51,4567.19,4517.2,8658.81,17119.86
2017-07-14,2255.3884,1848.7704,3703.09,4781.47,4604.94,4544.46,8704.77,17143.39
2017-07-17,2242.1257,1825.6081,3663.56,4637.95,4613.16,4489.01,8627.62,16792.72
2017-07-18,2249.0871,1852.6683,3667.18,4662.57,4608.02,4489.53,8622.2,16797.56
2017-07-19,2266.2794,1878.4809,3729.75,4738.17,4651.74,4549.81,8734.52,17058.57
2017-07-20,2293.7931,1894.1687,3747.88,4762.31,4674.9,4588.11,8798.69,17259.45
2017-07-21,2286.3578,1900.2125,3728.6,4754.61,4637.88,4585.49,8787.75,17242.79
2017-07-24,2298.2446,1898.7994,3743.47,4778.46,4661.34,4615.17,8852.25,17432.43
2017-07-25,2280.5074,1887.2002,3719.56,4758.42,4638.46,4592.29,8800.59,17295.96
2017-07-26,2259.3871,1881.9013,3705.39,4749.99,4611.63,4568.78,8738.49,17160.76
2017-07-27,2247.932,1872.6928,3712.19,4780.15,4594.67,4564.19,8746.31,17124.39
2017-07-28,2260.5419,1886.1179,3721.89,4790.23,4611.33,4581.28,8757.81,17278.1
2017-07-31,2263.5308,1903.2407,3737.87,4823.0,4615.47,4599.89,8757.8,17438.85
2017-08-01,2285.8622,1906.3021,3770.38,4843.14,4674.03,4627.98,8820.27,17520.88
2017-08-02,2264.8116,1895.5513,3760.85,4818.7,4658.91,4606.67,8781.69,17356.43
2017-08-03,2240.9526,1891.7879,3727.83,4807.26,4599.77,4569.54,8682.47,17223.7
2017-08-04,2219.6004,1879.8299,3707.58,4782.95,4566.66,4548.57,8621.78,17117.57
2017-08-07,2236.3129,1900.1318,3726.79,4817.34,4588.73,4577.64,8657.46,17363.11
2017-08-08,2234.9332,1896.4177,3732.21,4826.82,4584.26,4572.2,8662.15,17357.36
2017-08-09,2248.4487,1908.4163,3731.04,4836.05,4572.05,4584.55,8661.18,17609.67
2017-08-10,2244.2603,1902.8728,3715.92,4806.04,4552.29,4572.05,8656.27,17590.28
2017-08-11,2200.5746,1853.1635,3647.35,4720.92,4468.48,4492.21,8533.44,17192.62
2017-08-14,2224.3486,1871.4877,3694.68,4798.02,4495.99,4528.8,8585.36,17475.41
2017-08-15,2226.0716,1869.1502,3706.06,4814.08,4520.85,4556.9,8612.68,17527.44
2017-08-16,2216.2114,1865.4932,3701.42,4819.96,4497.77,4541.25,8586.31,17405.72
2017-08-17,2227.0458,1879.0607,3721.28,4852.56,4516.32,4563.46,8635.16,17465.33
2017-08-18,2237.2846,1880.2361,3724.67,4845.86,4545.43,4574.27,8660.27,17436.21
2017-08-21,2249.1764,1895.7569,3740.99,4875.81,4557.55,4592.58,8670.98,17525.87
2017-08-22,2260.7745,1892.8667,3752.3,4869.0,4598.87,4593.61,8662.8,17512.22
2017-08-23,2260.3035,1881.2543,3756.09,4854.16,4616.67,4591.57,8675.4,17452.47
2017-08-24,2256.8307,1869.9091,3734.65,4824.6,4600.16,4588.27,8653.07,17390.4
2017-08-25,2284.7824,1894.4636,3795.75,4887.11,4684.37,4646.54,8748.89,17530.96
2017-08-28,2302.1262,1907.7364,3842.71,4944.07,4717.15,4679.79,8811.58,17659.6
2017-08-29,2296.3874,1904.4598,3834.54,4934.65,4718.76,4676.54,8781.4,17605.08
2017-08-30,2298.949,1918.2852,3834.3,4946.83,4706.51,4681.08,8766.02,17661.84
2017-08-31,2284.1323,1912.0678,3822.09,4947.92,4670.6,4653.35,8718.34,17583.25
2017-09-01,2287.4893,1918.0217,3830.54,4972.25,4661.87,4663.48,8713.61,17672.65
2017-09-04,2288.3353,1919.897,3845.62,4996.98,4667.79,4669.58,8722.71,17666.12
2017-09-05,2294.1316,1916.243,3857.05,5005.27,4698.05,4672.39,8731.74,17693.57
2017-09-06,2290.5297,1923.2739,3849.45,5014.38,4683.24,4664.5,8704.5,17712.13
2017-09-07,2278.0827,1907.8464,3829.87,4989.18,4666.97,4654.16,8713.91,17620.98
2017-09-08,2274.2016,1908.6477,3825.99,4993.19,4658.93,4649.43,8697.16,17684.73
2017-09-11,2271.9385,1916.2831,3825.65,5018.19,4641.19,4657.85,8713.36,17648.8
2017-09-12,2274.2477,1916.6306,3837.93,5020.05,4662.75,4677.32,8721.48,17743.59
2017-09-13,2288.3248,1926.8824,3842.61,5035.3,4667.61,4686.92,8740.74,17984.06
2017-09-14,2296.5439,1918.5449,3829.96,5023.95,4657.71,4675.25,8742.13,17992.0
2017-09-15,2310.1196,1903.0381,3831.3,5010.15,4663.91,4666.91,8736.8,18000.81
2017-09-18,2308.4033,1912.582,3843.14,5036.71,4662.49,4676.92,8750.33,18115.58
2017-09-19,2304.89,1902.4112,3832.12,5018.54,4661.97,4663.19,8742.77,18006.61
2017-09-20,2314.0293,1904.6989,3842.44,5046.25,4667.05,4685.91,8751.37,18100.42
2017-09-21,2312.6755,1893.0899,3837.82,5014.24,4681.07,4683.82,8736.81,18006.04
2017-09-22,2324.884,1885.575,3837.73,5001.32,4690.01,4690.05,8763.07,18031.24
2017-09-25,2302.4863,1881.7692,3817.79,4953.99,4674.52,4668.8,8735.83,18036.8
2017-09-26,2303.4068,1890.6142,3820.78,4962.04,4667.82,4666.41,8737.86,18017.74
2017-09-27,2312.263,1892.692,3821.2,4983.24,4653.27,4673.3,8742.38,18077.67
2017-09-28,2303.0324,1888.6471,3822.54,4973.82,4643.31,4663.26,8734.16,18134.66
2017-09-29,2312.536,1894.1072,3836.5,5002.55,4657.87,4672.25,8751.7,18248.85
2017-10-09,2343.8029,1912.0114,3882.21,5060.32,4711.48,4719.97,8857.8,18534.47
2017-10-10,2340.3385,1915.0048,3889.86,5082.46,4717.79,4726.09,8867.03,18688.3
2017-10-11,2358.9089,1921.8303,3902.69,5080.57,4746.72,4739.61,8899.65,18735.91
2017-10-12,2359.7706,1917.1071,3912.95,5081.27,4768.66,4740.3,8914.78,18714.91
2017-10-13,2355.4847,1926.0438,3921.0,5100.55,4758.28,4741.52,8949.05,18807.19
2017-10-16,2338.8081,1919.6039,3913.45,5049.98,4758.37,4708.88,8923.63,18571.96
2017-10-17,2350.8247,1919.4645,3913.07,5047.15,4766.71,4708.79,8918.62,18638.47
2017-10-18,2380.8756,1932.1976,3944.16,5044.09,4818.45,4740.83,8994.33,18772.68
2017-10-19,2380.495,1932.0384,3931.25,5010.82,4822.78,4740.43,9003.69,18903.54
2017-10-20,2370.3672,1928.0961,3926.85,5036.93,4800.23,4742.31,9029.53,18847.88
2017-10-23,2372.6689,1929.4139,3930.8,5054.9,4796.72,4746.5,9051.48,18991.13
2017-10-24,2405.8206,1947.3201,3959.4,5061.88,4847.37,4775.13,9096.44,19042.53
2017-10-25,2427.7804,1957.9466,3976.95,5089.7,4859.88,4787.01,9135.62,19200.33
2017-10-26,2427.4214,1973.712,3993.58,5109.78,4875.39,4791.85,9136.83,19350.58
2017-10-27,2436.9273,1984.2116,4021.97,5109.68,4932.35,4806.63,9184.89,19532.49
2017-10-30,2440.9656,1970.4311,4009.72,5045.26,4940.7,4786.04,9154.91,19373.63
2017-10-31,2427.2744,1970.4412,4006.72,5062.09,4913.07,4767.55,9110.89,19273.71
2017-11-01,2420.2406,1977.3968,3996.62,5055.37,4904.06,4744.36,9036.34,19147.2
2017-11-02,2426.7205,1976.5141,3997.13,5026.97,4912.45,4744.38,9035.15,19166.98
2017-11-03,2413.3123,1970.7652,3992.7,5003.17,4899.27,4724.28,8985.98,19075.2
2017-11-06,2444.3574,1993.4569,4020.89,5047.01,4905.15,4757.08,9030.89,19444.14
2017-11-07,2456.4509,2001.8282,4054.25,5081.41,4955.31,4786.6,9091.72,19508.62
2017-11-08,2444.9603,2002.1359,4048.01,5083.47,4935.9,4788.85,9102.91,19353.08
2017-11-09,2470.275,2023.6435,4075.9,5116.79,4967.29,4814.41,9131.36,19568.22
2017-11-10,2482.5485,2027.4699,4111.91,5145.69,5013.61,4841.38,9175.02,19794.97
2017-11-13,2482.6766,2038.7262,4128.07,5159.42,5040.73,4867.81,9209.28,19966.41
2017-11-14,2464.2901,2034.1011,4099.35,5122.52,5018.83,4836.05,9173.48,19750.36
2017-11-15,2468.8969,2031.1553,4073.67,5082.26,5006.6,4814.78,9154.1,19768.99
2017-11-16,2487.253,2038.3724,4105.01,5100.84,5054.2,4827.47,9182.62,20076.9
2017-11-17,2509.4006,2032.8754,4120.85,5026.99,5149.53,4835.37,9226.13,19789.26
2017-11-20,2513.683,2035.9614,4143.83,5055.08,5174.94,4857.33,9267.8,19815.36
2017-11-21,2569.5207,2045.9896,4217.7,5102.29,5278.38,4921.27,9353.74,20179.81
2017-11-22,2582.8109,2058.825,4227.57,5105.44,5318.28,4928.32,9366.6,20001.13
2017-11-23,2503.752,2008.6097,4102.4,4970.2,5172.02,4798.55,9138.36,19291.43
2017-11-24,2507.308,2008.141,4104.2,4973.51,5183.73,4798.52,9140.32,19215.2
2017-11-27,2480.715,1990.539,4049.95,4912.66,5128.8,4756.49,9079.46,18938.7
2017-11-28,2476.3309,2000.5068,4055.82,4952.68,5090.04,4760.79,9075.53,19217.32
2017-11-29,2477.4343,2003.2513,4053.75,4957.89,5098.98,4755.96,9057.29,19251.31
2017-11-30,2456.5556,1992.6139,4006.1,4913.7,5035.92,4725.78,8974.0,19087.51
2017-12-01,2446.537,1983.8153,3998.14,4929.92,5000.0,4718.13,8953.51,19073.0
2017-12-04,2456.7938,1990.3349,4018.86,4921.59,5034.28,4724.02,8976.79,19228.94
2017-12-05,2479.3109,1997.9674,4040.17,4874.02,5106.57,4735.6,9025.36,19180.63
2017-12-06,2454.5122,1984.4694,4015.82,4878.73,5042.98,4708.7,8962.18,19116.06
2017-12-07,2419.609,1958.5192,3971.06,4845.48,4984.15,4660.84,8893.05,18838.85
2017-12-08,2432.411,1967.0174,4003.38,4889.23,5018.72,4675.84,8918.44,19062.7
2017-12-11,2472.1416,1998.1297,4069.5,4956.48,5087.73,4725.18,9000.33,19521.77
2017-12-12,2441.2458,1978.0536,4016.02,4902.42,5011.42,4677.61,8904.08,19380.98
2017-12-13,2465.2891,1998.0363,4050.09,4939.44,5062.45,4713.32,8959.18,19806.23
2017-12-14,2460.6097,1990.13,4026.15,4927.61,5032.72,4702.4,8944.22,19758.69
2017-12-15,2424.3711,1971.8789,3980.86,4889.44,4973.03,4664.86,8862.47,19521.07
2017-12-18,2444.7675,1993.2678,3985.29,4876.23,4991.98,4664.14,8839.33,19632.92
2017-12-19,2467.1917,2002.4776,4035.33,4922.09,5069.88,4703.62,8942.61,19876.99
2017-12-20,2453.6844,2006.2073,4030.49,4896.19,5072.82,4690.55,8910.51,19930.68
2017-12-21,2490.8557,2016.2453,4067.85,4926.17,5114.62,4716.31,8986.99,20131.51
2017-12-22,2498.0335,2021.7529,4054.6,4915.8,5097.6,4716.9,8971.75,20026.42
2017-12-25,2511.0374,2023.4371,4041.54,4878.31,5109.21,4710.8,8977.58,19948.81
2017-12-26,2512.5074,2022.5473,4053.62,4899.36,5123.52,4730.76,9031.84,19930.37
2017-12-27,2486.7819,2002.127,3991.21,4848.96,5032.73,4696.68,8950.15,19552.25
2017-12-28,2508.3306,2034.8553,4018.9,4873.34,5047.47,4718.56,9003.67,19781.78
2017-12-29,2519.78,2025.5124,4030.85,4898.9,5063.64,4750.79,9055.08,19845.63
2018-01-02,2583.3782,2065.7501,4087.4,4959.1,5161.31,4836.08,9172.96,20080.62
2018-01-03,2588.6217,2083.3273,4111.39,4995.41,5163.58,4859.7,9215.25,20164.02
2018-01-04,2616.6411,2105.3261,4128.81,5013.85,5183.5,4877.63,9250.18,20395.13
2018-01-05,2659.0358,2121.2082,4138.75,5020.49,5222.07,4912.43,9352.82,20431.7
2018-01-08,2708.3054,2157.05,4160.16,5038.76,5249.55,4952.72,9458.96,20541.21
2018-01-09,2716.4936,2159.4614,4189.3,5054.53,5281.86,4949.16,9480.93,20947.28
2018-01-10,2737.5004,2167.173,4207.81,5049.2,5335.82,4963.99,9507.71,21115.27
2018-01-11,2707.3417,2141.7179,4205.59,5058.45,5329.01,4950.75,9469.48,20990.15
2018-01-12,2730.5741,2150.0618,4225.0,5057.91,5377.38,4974.83,9515.22,21180.59
2018-01-15,2746.1083,2133.2422,4225.24,4996.06,5439.8,4956.67,9527.96,21234.19
2018-01-16,2785.3431,2133.2925,4258.47,5030.06,5482.15,5027.23,9683.76,21475.0
2018-01-17,2762.5666,2122.2251,4248.12,5016.0,5475.1,5020.78,9653.23,21026.18
2018-01-18,2765.2148,2139.4062,4271.42,5035.34,5526.98,5061.05,9669.41,21129.58
2018-01-19,2757.8977,2141.7213,4285.4,5036.99,5534.81,5058.98,9648.15,20934.29
2018-01-22,2822.5826,2170.0665,4336.6,5091.0,5591.23,5108.9,9736.67,21478.96
2018-01-23,2847.215,2182.9896,4382.61,5121.19,5678.27,5169.57,9811.4,21533.55
2018-01-24,2840.5374,2185.1402,4389.89,5139.49,5650.94,5177.35,9824.54,21408.4
2018-01-25,2831.3416,2192.8455,4365.08,5120.39,5622.91,5156.28,9769.17,21229.39
2018-01-26,2866.7528,2212.3156,4381.3,5126.61,5666.5,5190.29,9852.99,21312.89
2018-01-29,2838.386,2201.0955,4302.02,5048.67,5588.66,5139.46,9739.04,20702.25
2018-01-30,2786.6241,2177.595,4256.1,5017.2,5499.73,5077.64,9627.73,20517.21
2018-01-31,2810.0612,2184.2051,4275.9,4974.35,5575.0,5071.81,9642.89,20675.11
2018-02-01,2812.7375,2179.7517,4245.9,4864.46,5598.67,5020.18,9553.81,20425.85
2018-02-02,2871.6061,2225.776,4271.23,4874.81,5632.93,5061.52,9609.3,20461.43
2018-02-05,2869.9256,2232.405,4274.15,4868.81,5683.85,5098.94,9674.2,20133.83
2018-02-06,2796.0677,2164.2316,4148.89,4680.83,5561.71,4952.92,9401.16,19534.08
2018-02-07,2692.757,2117.4543,4050.5,4627.1,5379.04,4852.49,9193.09,19134.81
2018-02-08,2645.3769,2075.7638,4012.05,4629.54,5253.53,4807.16,9121.4,19313.47
2018-02-09,2525.1902,1981.6051,3840.65,4457.46,5028.63,4620.23,8726.32,18773.75
2018-02-12,2557.2151,1998.2546,3890.1,4540.01,5053.66,4672.71,8816.91,19313.46
2018-02-13,2592.3533,2017.8925,3935.63,4574.79,5136.23,4724.1,8911.33,19435.95
2018-02-14,2624.3652,2036.2515,3966.96,4600.61,5183.57,4736.56,8944.49,19602.74
2018-02-22,2679.8337,2089.2974,4052.73,4692.03,5291.56,4839.24,9145.76,20082.1
2018-02-23,2692.2293,2108.3001,4071.09,4709.73,5328.88,4853.35,9191.88,20088.96
2018-02-26,2709.5442,2135.0209,4118.42,4787.2,5350.78,4899.07,9253.54,20344.23
2018-02-27,2635.741,2092.8462,4058.98,4752.89,5239.3,4822.36,9152.03,20059.84
2018-02-28,2620.2436,2076.6313,4023.64,4739.07,5169.0,4789.78,9088.53,19857.37
2018-03-01,2622.7527,2081.9933,4049.09,4782.65,5184.07,4796.38,9107.69,19998.87
2018-03-02,2617.1622,2065.9576,4016.46,4751.94,5152.66,4783.91,9094.28,19948.87
2018-03-05,2610.2778,2059.633,4018.1,4761.89,5147.04,4777.4,9084.57,19837.14
2018-03-06,2645.9769,2089.4455,4066.56,4816.92,5202.52,4841.26,9207.9,20046.33
2018-03-07,2625.8837,2066.511,4036.65,4781.96,5178.82,4822.2,9170.99,19954.7
2018-03-08,2661.2811,2085.1743,4077.6,4822.68,5234.82,4867.4,9232.41,20264.15
2018-03-09,2658.0331,2089.1824,4108.87,4876.46,5239.87,4884.41,9269.81,20527.07
2018-03-12,2662.4937,2104.9213,4127.67,4923.43,5233.74,4894.36,9294.88,20571.89
2018-03-13,2650.867,2088.4831,4091.25,4889.92,5205.85,4864.38,9221.04,20382.68
2018-03-14,2653.1195,2091.7611,4073.34,4854.0,5182.35,4845.2,9196.19,20365.24
2018-03-15,2660.0521,2097.4487,4096.16,4860.07,5214.53,4851.28,9188.25,20555.53
2018-03-16,2640.3564,2078.7263,4056.42,4828.5,5175.46,4813.08,9161.38,20320.29
2018-03-19,2612.6249,2064.1693,4074.25,4843.59,5189.35,4791.61,9146.98,20373.07
2018-03-20,2614.4095,2073.1554,4077.7,4851.73,5196.78,4790.34,9119.48,20378.51
2018-03-21,2605.3268,2062.8134,4061.05,4825.0,5180.27,4781.54,9097.41,20313.85
2018-03-22,2578.818,2045.6925,4020.35,4796.1,5118.8,4743.82,9033.31,19948.65
2018-03-23,2534.7312,1999.2806,3904.94,4604.9,5004.67,4607.29,8781.07,19374.78
2018-03-26,2502.1848,1974.9971,3879.89,4627.56,4896.46,4568.44,8734.85,19414.13
2018-03-27,2512.4797,1991.2683,3913.27,4703.1,4904.73,4586.77,8785.08,19489.04
2018-03-28,2463.0767,1947.4167,3842.72,4643.25,4821.54,4521.3,8636.74,19098.8
2018-03-29,2519.5653,1983.2881,3894.05,4693.3,4924.69,4599.43,8787.94,19454.62
2018-03-30,2504.7486,1979.5998,3898.5,4731.03,4893.73,4601.87,8754.02,19529.17
2018-04-02,2493.9711,1975.9098,3886.92,4732.83,4855.86,4578.51,8731.88,19485.85
2018-04-03,2477.3249,1958.4878,3862.48,4695.68,4826.64,4533.22,8665.09,19467.88
2018-04-04,2476.2736,1952.6408,3854.86,4676.61,4834.3,4529.76,8664.76,19638.61
2018-04-09,2473.5654,1960.054,3852.93,4677.97,4828.27,4520.92,8664.41,19559.13
2018-04-10,2523.7127,2001.1107,3927.17,4728.03,4953.46,4597.2,8778.98,19876.21
2018-04-11,2534.8781,2009.5802,3938.34,4747.47,4977.57,4622.61,8810.96,19939.84
2018-04-12,2513.6519,1995.7111,3898.64,4711.48,4915.64,4580.81,8747.54,19866.53
2018-04-13,2503.6479,1988.197,3871.14,4688.62,4880.22,4559.85,8709.78,19615.01
2018-04-16,2451.8663,1958.2706,3808.86,4643.92,4764.9,4483.79,8577.45,19450.43
2018-04-17,2429.2622,1935.2784,3748.64,4558.22,4718.0,4432.05,8477.76,19051.88
2018-04-18,2444.2941,1957.9151,3766.28,4598.06,4742.31,4450.5,8515.59,19081.79
2018-04-19,2475.9683,1981.4849,3811.84,4634.66,4800.76,4492.2,8565.71,19378.7
2018-04-20,2451.592,1959.2815,3760.85,4556.71,4755.85,4429.92,8441.76,19173.03
2018-04-23,2462.6524,1959.7747,3766.33,4537.2,4781.15,4431.92,8414.95,19151.05
2018-04-24,2515.9969,1996.4185,3843.49,4632.4,4881.38,4521.88,8596.94,19681.08
2018-04-25,2490.8909,1980.2318,3828.7,4630.34,4840.43,4508.58,8565.68,19792.83
2018-04-26,2456.6125,1965.5018,3755.49,4543.78,4762.29,4440.74,8458.38,19452.33
2018-04-27,2462.9008,1981.4249,3756.88,4548.42,4736.03,4440.9,8445.58,19555.97
2018-05-02,2463.1326,1972.8585,3763.65,4546.12,4735.81,4461.71,8499.15,19919.53
2018-05-03,2483.1986,1992.0889,3793.0,4584.6,4756.69,4494.9,8570.46,20130.74
2018-05-04,2479.8164,1984.0829,3774.6,4571.4,4725.48,4482.6,8560.38,20152.84
2018-05-07,2518.4946,2018.924,3834.19,4647.06,4784.78,4549.22,8701.42,20543.63
2018-05-08,2537.6175,2023.9222,3878.68,4685.09,4858.66,4586.68,8788.29,20742.88
2018-05-09,2538.1257,2027.8737,3871.62,4679.34,4853.47,4581.58,8785.39,20742.7
2018-05-10,2550.1526,2040.7997,3893.06,4701.33,4867.38,4608.94,8839.19,20990.62
2018-05-11,2538.8368,2033.4527,3872.84,4666.5,4856.53,4588.78,8793.87,20792.9
2018-05-14,2548.0426,2040.2787,3909.29,4675.59,4906.47,4608.96,8835.6,21135.09
2018-05-15,2558.5211,2046.8432,3924.1,4707.89,4906.84,4628.16,8871.42,21252.02
2018-05-16,2546.3417,2034.9154,3892.84,4681.09,4854.39,4601.88,8816.61,21336.02
2018-05-17,2539.536,2030.9889,3864.05,4653.77,4824.85,4585.08,8794.31,21011.9
2018-05-18,2573.1672,2080.5306,3903.06,4685.9,4885.39,4628.82,8847.33,21124.39
2018-05-21,2570.3443,2077.5772,3921.24,4726.07,4891.74,4650.22,8883.35,21227.37
2018-05-22,2557.3357,2072.9696,3906.21,4727.24,4847.45,4637.42,8876.17,21265.78
2018-05-23,2510.0184,2018.6776,3854.58,4670.02,4778.55,4591.51,8778.2,21041.48
2018-05-24,2494.0108,2013.8237,3827.22,4646.79,4742.56,4561.82,8722.76,20928.73
2018-05-25,2497.4781,2011.5192,3816.5,4614.47,4741.05,4551.38,8722.38,20998.54
2018-05-28,2508.0781,2012.5906,3833.26,4609.74,4763.59,4564.43,8766.56,21423.17
2018-05-29,2503.083,2012.6393,3804.01,4572.15,4750.54,4551.26,8747.3,21276.44
2018-05-30,2453.9895,1963.4281,3723.37,4454.46,4655.83,4466.28,8579.59,21037.33
2018-05-31,2514.799,2006.5266,3802.38,4533.67,4756.87,4559.62,8752.56,21570.59
2018-06-01,2499.2977,2001.9991,3770.59,4488.92,4734.26,4527.09,8686.19,21256.18
2018-06-04,2537.4507,2014.7609,3807.58,4505.85,4812.56,4559.68,8766.19,21794.48
2018-06-05,2535.6889,2007.9783,3845.32,4564.62,4839.38,4579.53,8832.32,22153.47
2018-06-06,2538.4424,2015.1242,3837.35,4562.44,4819.14,4578.86,8818.64,22287.89
2018-06-07,2539.8895,2012.9283,3831.01,4542.53,4822.06,4549.36,8797.48,22111.76
2018-06-08,2508.3823,1994.2786,3779.62,4486.63,4754.22,4486.99,8659.78,21999.99
2018-06-11,2516.7668,1982.7348,3779.98,4468.84,4783.44,4480.98,8641.13,21829.61
2018-06-12,2566.3747,2016.6411,3825.95,4515.12,4828.82,4535.47,8768.58,22600.08
2018-06-13,2557.8706,2011.9376,3788.34,4457.36,4812.79,4501.39,8722.37,22374.92
2018-06-14,2548.8068,2009.8392,3773.37,4439.19,4809.86,4481.24,8690.42,22065.31
2018-06-15,2553.9557,2012.634,3753.43,4380.66,4830.32,4460.99,8628.43,21846.69
2018-06-19,2470.8672,1964.838,3621.12,4161.51,4726.1,4291.98,8296.46,21016.18
2018-06-20,2480.3894,1963.4082,3635.44,4192.05,4714.86,4315.14,8323.27,21375.53
2018-06-21,2483.2202,1958.8645,3592.97,4120.4,4695.12,4276.18,8244.69,21241.68
2018-06-22,2477.871,1953.685,3608.9,4157.46,4690.95,4291.5,8253.29,21423.39
2018-06-25,2448.0353,1927.9367,3560.48,4118.83,4597.03,4252.13,8182.74,21402.48
2018-06-26,2398.1538,1898.4898,3531.11,4117.62,4521.34,4202.36,8092.5,21151.65
2018-06-27,2363.4729,1887.905,3459.26,4059.23,4434.47,4151.27,8005.14,20483.63
2018-06-28,2323.2457,1877.4232,3423.53,4016.75,4387.48,4096.88,7885.25,20107.43
2018-06-29,2379.6012,1906.5191,3510.98,4127.95,4479.76,4187.02,8071.03,20832.5
2018-07-02,2301.7901,1854.3162,3407.96,4039.64,4303.58,4076.23,7825.32,20438.45
2018-07-03,2295.8314,1855.4323,3409.28,4064.37,4313.43,4082.47,7835.47,20246.45
2018-07-04,2268.9555,1839.1207,3363.75,4002.47,4267.1,4042.29,7755.62,20036.72
2018-07-05,2255.8217,1829.3218,3342.44,3936.3,4273.23,4003.21,7663.04,19806.22
2018-07-06,2261.8604,1831.575,3365.12,3956.62,4305.49,4014.88,7661.21,19879.08
2018-07-09,2310.0344,1858.6643,3459.18,4054.38,4432.21,4108.55,7837.27,20644.27
2018-07-10,2327.4002,1864.2857,3467.52,4073.25,4431.05,4121.38,7870.58,20750.35
2018-07-11,2287.739,1829.742,3407.53,3994.52,4356.68,4052.95,7732.66,20512.79
2018-07-12,2318.6489,1859.0094,3481.06,4089.32,4423.35,4128.18,7859.62,21017.39
2018-07-13,2317.7046,1862.1993,3492.69,4105.06,4418.97,4133.14,7876.12,21385.86
2018-07-16,2310.2611,1866.1919,3472.09,4092.13,4363.26,4107.22,7807.67,21331.35
2018-07-17,2292.3328,1854.4413,3449.38,4081.08,4334.18,4079.33,7743.33,21086.9
2018-07-18,2277.7856,1846.4664,3431.32,4058.65,4315.72,4087.36,7705.52,20942.83
2018-07-19,2291.3002,1855.5314,3428.34,4036.14,4328.13,4081.91,7690.59,20832.25
2018-07-20,2312.4111,1866.5107,3492.89,4096.52,4439.23,4154.69,7797.91,21007.24
2018-07-23,2340.8039,1896.1327,3525.75,4130.12,4507.92,4195.71,7890.45,20882.86
2018-07-24,2390.3181,1948.1653,3581.71,4196.1,4574.78,4250.76,8012.02,21297.14
2018-07-25,2382.9693,1941.4338,3577.75,4196.99,4569.12,4244.13,7986.29,21246.81
2018-07-26,2368.1414,1934.6705,3536.25,4164.49,4526.0,4216.18,7943.25,20992.54
2018-07-27,2357.288,1926.8352,3521.23,4144.36,4507.52,4201.06,7904.88,20922.89
2018-07-30,2375.8137,1936.3145,3515.08,4112.02,4548.06,4204.87,7878.81,20664.54
2018-07-31,2376.5595,1937.8108,3517.66,4114.43,4555.26,4207.78,7924.8,20638.89
2018-08-01,2325.8348,1906.8525,3447.39,4041.44,4454.08,4129.26,7770.95,20239.59
2018-08-02,2274.6842,1879.6656,3370.96,3950.32,4356.1,4046.94,7559.18,19899.34
2018-08-03,2249.3996,1849.5871,3315.28,3892.88,4305.79,3995.22,7458.46,19275.2
2018-08-06,2223.2293,1838.4463,3273.27,3828.14,4291.16,3943.29,7394.65,18786.09
2018-08-07,2296.9652,1907.2603,3368.87,3933.12,4422.31,4043.76,7586.79,19336.47
2018-08-08,2274.7238,1887.5836,3314.51,3871.35,4363.45,3988.71,7463.05,18861.75
2018-08-09,2306.4893,1908.9685,3397.53,3963.8,4453.69,4059.25,7613.85,19345.63
2018-08-10,2308.012,1905.6333,3405.02,3979.61,4443.89,4049.15,7620.06,19499.55
2018-08-13,2296.7321,1907.3867,3390.34,3978.56,4398.46,4025.9,7588.77,19430.61
2018-08-14,2285.0553,1902.9096,3372.91,3962.88,4374.51,4023.04,7566.76,19367.18
2018-08-15,2233.3582,1863.6678,3291.98,3876.46,4279.43,3942.07,7420.39,18807.3
2018-08-16,2217.953,1843.7125,3276.73,3846.75,4270.68,3919.1,7368.73,18574.57
2018-08-17,2192.7325,1823.2545,3229.62,3785.01,4228.88,3875.75,7279.82,18202.46
2018-08-20,2225.2895,1842.3416,3267.25,3814.7,4291.17,3912.0,7350.13,18316.74
2018-08-21,2252.5597,1863.1147,3326.65,3870.75,4354.04,3961.26,7442.35,18908.86
2018-08-22,2239.2326,1846.9004,3307.95,3838.79,4343.13,3935.27,7392.84,18669.9
2018-08-23,2233.3156,1847.7298,3320.03,3856.65,4349.3,3945.73,7392.15,18644.89
2018-08-24,2230.7171,1842.5407,3325.33,3854.99,4381.61,3956.01,7412.46,18501.22
2018-08-27,2282.6905,1884.0672,3406.57,3942.6,4469.03,4039.03,7563.92,19203.07
2018-08-28,2284.7167,1891.2129,3400.17,3941.59,4461.61,4034.72,7550.67,19078.88
2018-08-29,2270.07,1887.8992,3386.57,3922.18,4446.37,4010.28,7517.44,18993.85
2018-08-30,2261.827,1867.0418,3351.09,3871.94,4409.53,3990.23,7478.43,18830.34
2018-08-31,2243.0032,1859.8167,3334.5,3842.14,4414.98,3970.52,7462.15,18547.53
2018-09-03,2229.26,1850.6179,3321.82,3836.32,4395.97,3960.53,7452.18,18429.12
2018-09-04,2251.4503,1869.8747,3363.9,3881.62,4456.64,3999.42,7529.74,18588.2
2018-09-05,2203.7869,1832.9945,3298.14,3814.91,4352.12,3934.87,7393.66,18217.54
2018-09-06,2184.295,1818.3027,3262.88,3786.49,4304.8,3897.03,7335.87,17898.16
2018-09-07,2195.178,1829.8875,3277.64,3798.58,4336.95,3910.13,7362.05,18093.98
2018-09-10,2176.3817,1808.5459,3230.07,3736.5,4306.73,3874.42,7312.08,17675.41
2018-09-11,2158.0265,1797.5185,3224.21,3734.41,4274.53,3865.67,7298.74,17595.78
2018-09-12,2149.9112,1793.0754,3202.02,3719.21,4259.13,3858.47,7284.49,17422.31
2018-09-13,2170.7567,1816.4146,3236.57,3752.72,4319.44,3893.64,7366.65,17454.82
2018-09-14,2178.7529,1814.2515,3242.09,3737.7,4337.45,3902.84,7384.44,17518.95
2018-09-17,2153.3943,1786.1639,3204.92,3688.77,4289.78,3866.85,7336.24,17286.15
2018-09-18,2202.3581,1834.4121,3269.43,3757.59,4377.39,3925.44,7444.37,17714.35
2018-09-19,2240.9863,1847.3231,3312.48,3803.23,4430.98,3980.15,7537.99,18064.01
2018-09-20,2242.7858,1848.0558,3310.13,3797.69,4432.73,3977.71,7511.47,18077.13
2018-09-21,2301.3412,1886.8529,3410.49,3880.92,4585.63,4082.45,7737.39,18666.56
2018-09-25,2271.8962,1879.3884,3379.8,3858.0,4531.99,4049.12,7672.64,18506.77
2018-09-26,2289.647,1894.0544,3417.24,3888.69,4572.16,4076.53,7745.68,18865.64
2018-09-27,2292.4574,1894.7845,3403.59,3854.2,4566.46,4065.03,7706.17,18849.63
2018-09-28,2306.3843,1909.2895,3438.86,3890.83,4612.65,4108.73,7806.98,19023.6
2018-10-08,2214.88,1849.356,3290.9,3743.3,4423.16,3963.25,7517.46,18104.6
2018-10-09,2224.3319,1855.8574,3288.69,3742.43,4421.8,3954.86,7487.86,18041.8
2018-10-10,2230.5236,1872.1852,3281.6,3739.3,4431.13,3960.96,7486.61,17939.22
2018-10-11,2125.9601,1778.7403,3124.11,3519.58,4249.67,3770.54,7101.51,17218.74
2018-10-12,2159.4149,1805.2119,3170.73,3536.77,4336.31,3812.27,7175.76,17716.01
2018-10-15,2106.6356,1774.7044,3126.45,3485.71,4266.19,3737.97,7040.25,17369.44
2018-10-16,2084.4194,1760.087,3100.97,3434.87,4263.81,3700.23,6953.93,17000.87
2018-10-17,2110.197,1775.8779,3118.25,3457.7,4297.56,3728.17,7002.32,16931.71
2018-10-18,2053.196,1716.532,3044.39,3365.19,4195.75,3651.09,6882.79,16514.67
2018-10-19,2107.2163,1749.848,3134.95,3454.34,4320.39,3752.42,7087.35,17076.79
2018-10-22,2182.9406,1810.858,3270.27,3612.09,4457.78,3904.41,7358.76,17966.39
2018-10-23,2118.9446,1772.6753,3183.43,3534.33,4343.49,3812.22,7181.13,17269.16
2018-10-24,2120.1926,1763.4982,3188.2,3536.82,4381.36,3811.73,7188.64,17024.52
2018-10-25,2109.1254,1751.1226,3194.31,3531.77,4406.67,3821.6,7233.47,16795.47
2018-10-26,2126.249,1758.9487,3173.64,3523.35,4400.02,3823.64,7244.41,16537.27
2018-10-29,2069.2829,1717.4356,3076.89,3441.13,4265.9,3729.13,7053.79,15608.87
2018-10-30,2077.8843,1717.5871,3110.26,3476.46,4320.17,3765.16,7104.96,15714.05
2018-10-31,2113.5365,1748.9321,3153.82,3527.42,4367.62,3808.41,7162.04,16216.27
2018-11-01,2123.2182,1753.4,3177.03,3550.3,4376.09,3815.73,7196.71,16396.26
2018-11-02,2171.0672,1801.3872,3290.25,3666.59,4498.27,3916.03,7382.23,17219.45
2018-11-05,2157.4464,1794.5239,3262.84,3659.79,4458.21,3903.15,7350.24,17055.94
2018-11-06,2151.4037,1791.8702,3243.15,3647.73,4438.35,3894.79,7319.18,16907.32
2018-11-07,2138.6293,1787.9916,3221.91,3629.49,4413.87,3876.55,7273.39,16805.67
2018-11-08,2138.026,1783.5875,3212.77,3617.04,4422.72,3871.18,7256.47,16712.72
2018-11-09,2111.8207,1761.8422,3167.44,3584.88,4326.77,3830.23,7183.8,16538.53
2018-11-12,2135.6922,1777.3103,3205.14,3654.32,4358.87,3891.64,7281.51,16727.54
2018-11-13,2146.3656,1785.7565,3237.38,3706.82,4385.29,3925.07,7349.17,16920.91
2018-11-14,2128.8955,1769.9903,3204.94,3685.26,4345.09,3893.83,7300.16,16767.34
2018-11-15,2145.3613,1788.9895,3242.37,3737.16,4387.06,3929.08,7367.19,16916.63
2018-11-16,2157.4503,1800.657,3257.67,3763.27,4397.31,3957.74,7427.3,16974.47
2018-11-19,2180.0411,1815.8071,3294.6,3790.92,4448.93,3999.46,7503.38,17111.53
2018-11-20,2137.4053,1774.4689,3218.41,3695.87,4364.33,3911.21,7356.0,16677.9
2018-11-21,2140.0893,1774.3368,3226.49,3712.11,4369.66,3924.04,7363.29,16785.0
2018-11-22,2130.4095,1766.3053,3214.43,3705.26,4348.95,3911.12,7360.01,16779.49
2018-11-23,2082.8903,1725.8914,3143.48,3589.67,4276.38,3822.98,7196.57,16401.11
2018-11-26,2078.9633,1721.9456,3141.24,3584.88,4286.84,3822.08,7225.83,16389.56
2018-11-27,2067.8079,1718.6334,3137.24,3593.6,4267.67,3813.21,7197.1,16343.61
2018-11-28,2091.5699,1731.9201,3178.93,3638.57,4311.59,3855.17,7269.04,16644.2
2018-11-29,2060.3896,1704.1163,3137.65,3574.19,4269.35,3813.63,7192.66,16437.55
2018-11-30,2072.8444,1717.1642,3172.69,3606.1,4301.94,3846.95,7250.76,16632.09
2018-12-03,2130.0177,1765.3334,3260.95,3713.23,4398.91,3945.49,7439.03,17252.11
2018-12-04,2131.932,1771.6004,3267.71,3730.49,4406.36,3957.12,7447.17,17338.11
2018-12-05,2116.4062,1756.848,3252.0,3709.25,4376.94,3943.37,7401.46,17331.91
2018-12-06,2079.0823,1719.0569,3181.67,3634.91,4307.25,3879.01,7293.44,16933.18
2018-12-07,2086.9687,1728.4614,3181.56,3634.57,4313.38,3901.04,7318.91,16945.97
2018-12-10,2070.3882,1718.5503,3144.76,3592.66,4264.15,3864.74,7246.88,16712.14
2018-12-11,2079.8402,1718.2693,3159.82,3615.98,4276.53,3881.0,7292.15,16843.57
2018-12-12,2090.0087,1731.764,3170.61,3622.32,4297.96,3907.65,7323.56,16963.1
2018-12-13,2134.6211,1768.0387,3219.69,3667.96,4368.82,3956.96,7425.53,17384.3
2018-12-14,2110.5973,1749.1137,3165.91,3592.52,4311.06,3898.88,7327.45,17109.85
2018-12-17,2124.9183,1758.8613,3161.2,3587.44,4321.55,3924.75,7375.17,17016.62
2018-12-18,2099.7252,1736.6489,3128.43,3558.05,4272.44,3896.49,7327.92,16821.92
2018-12-19,2085.1065,1725.2035,3091.13,3513.79,4237.97,3870.46,7313.98,16584.05
2018-12-20,2077.1935,1717.725,3067.42,3507.11,4178.7,3867.28,7284.23,16532.8
2018-12-21,2065.1985,1708.9918,3029.4,3472.69,4135.22,3839.93,7239.22,16293.72
2018-12-24,2074.0174,1716.4332,3038.2,3493.42,4129.31,3867.24,7266.21,16486.36
2018-12-25,2045.8254,1691.6489,3017.28,3462.99,4104.83,3843.11,7236.64,16395.17
2018-12-26,2043.0561,1684.181,3002.03,3449.18,4088.74,3841.53,7257.39,16328.35
2018-12-27,2031.4285,1670.4201,2990.51,3418.06,4081.21,3823.92,7258.89,16268.28
2018-12-28,2033.7643,1670.1688,3010.65,3432.38,4099.22,3836.87,7293.04,16307.45
2019-01-02,2008.5141,1652.2233,2969.54,3399.4,4036.42,3779.25,7189.73,15990.38
2019-01-03,2002.7794,1647.6656,2964.84,3387.13,4052.6,3756.76,7188.29,15655.84
2019-01-04,2031.2949,1673.7789,3035.87,3470.28,4128.14,3830.93,7285.19,15944.71
2019-01-07,2049.8697,1690.6232,3054.3,3515.17,4135.5,3883.36,7320.5,16058.16
2019-01-08,2052.6958,1695.1534,3047.7,3508.52,4121.21,3890.53,7323.94,16061.07
2019-01-09,2070.4563,1708.7075,3078.48,3531.77,4164.23,3923.41,7370.56,16321.87
2019-01-10,2064.682,1703.2417,3072.69,3524.88,4151.07,3907.76,7340.07,16223.91
2019-01-11,2080.6533,1716.3047,3094.78,3551.33,4184.64,3923.14,7375.04,16363.65
2019-01-14,2080.961,1713.3671,3067.78,3526.09,4150.7,3917.07,7344.35,16234.34
2019-01-15,2102.0996,1730.8522,3127.99,3581.5,4205.69,3954.31,7414.2,16651.04
2019-01-16,2106.4234,1732.1375,3128.65,3578.34,4216.5,3959.03,7423.54,16687.89
2019-01-17,2102.1112,1726.4781,3111.42,3552.92,4200.41,3950.54,7446.21,16612.86
2019-01-18,2127.5604,1753.6674,3168.17,3598.43,4277.03,3994.56,7475.87,16940.34
2019-01-21,2141.4552,1764.8409,3185.64,3618.47,4298.14,4000.72,7487.87,17088.63
2019-01-22,2113.0534,1739.9146,3143.32,3573.47,4254.0,3962.71,7448.57,16832.69
2019-01-23,2124.4668,1743.593,3141.05,3575.29,4253.22,3979.63,7483.45,16918.03
2019-01-24,2127.9938,1744.5287,3158.78,3594.08,4277.1,3994.16,7504.45,16908.63
2019-01-25,2145.0827,1750.5162,3184.47,3598.6,4331.73,4013.57,7545.33,17021.18
2019-01-28,2152.4437,1749.2449,3183.78,3587.45,4333.5,4014.53,7538.87,17022.73
2019-01-29,2173.9291,1757.5484,3193.97,3565.38,4365.3,4025.02,7589.87,17164.3
2019-01-30,2161.602,1744.9395,3168.48,3527.59,4346.27,4000.74,7561.15,16998.63
2019-01-31,2179.6749,1755.0303,3201.63,3523.62,4409.18,4012.07,7589.74,17111.93
2019-02-01,2203.1714,1777.0247,3247.4,3596.02,4428.73,4065.24,7668.44,17394.17
2019-02-11,2226.6623,1800.6123,3306.47,3676.88,4457.63,4127.0,7736.98,17840.33
2019-02-12,2242.4483,1811.6479,3330.34,3712.63,4474.98,4163.67,7774.54,18071.53
2019-02-13,2272.163,1842.1519,3397.03,3782.01,4543.48,4216.61,7861.83,18297.56
2019-02-14,2272.4289,1838.9749,3402.14,3793.5,4528.55,4216.83,7845.8,18401.0
2019-02-15,2225.7619,1811.3267,3338.7,3752.47,4431.62,4159.94,7703.95,18051.03
2019-02-18,2292.3462,1860.4385,3445.74,3877.19,4539.05,4260.31,7865.35,18669.21
2019-02-19,2292.5518,1853.8822,3439.61,3880.09,4532.72,4255.22,7857.23,18514.12
2019-02-20,2301.3929,1860.2447,3451.93,3890.48,4557.58,4258.25,7867.22,18447.14
2019-02-21,2285.6636,1847.4449,3442.71,3880.61,4533.33,4230.38,7815.24,18382.8
2019-02-22,2297.9945,1862.4565,3520.12,3968.88,4588.67,4287.41,7876.06,18465.46
2019-02-25,2393.5815,1951.1073,3729.48,4190.94,4870.36,4470.26,8204.63,19252.27
2019-02-26,2379.56,1952.9991,3684.69,4163.03,4788.01,4453.78,8142.04,19102.92
2019-02-27,2372.8545,1950.4296,3678.39,4153.49,4810.55,4444.22,8162.64,19066.34
2019-02-28,2379.5917,1946.2232,3669.37,4153.51,4789.17,4440.87,8139.47,19205.31
2019-03-01,2413.2859,1974.9945,3749.71,4215.7,4900.87,4502.03,8235.71,19580.88
2019-03-04,2455.0686,2002.0268,3794.1,4283.16,4949.16,4555.8,8350.08,19840.98
2019-03-05,2478.0545,2021.8933,3816.01,4355.33,4955.6,4608.02,8435.65,19962.68
2019-03-06,2495.8115,2042.6843,3848.09,4418.61,4982.13,4664.23,8509.1,19981.23
2019-03-07,2468.9933,2033.0205,3808.85,4429.1,4899.58,4658.76,8459.81,19624.49
2019-03-08,2368.9754,1937.8601,3657.58,4249.73,4713.64,4469.65,8141.37,19003.84
2019-03-11,2410.1957,1980.9783,3729.95,4378.61,4755.87,4562.26,8276.08,19546.29
2019-03-12,2435.2869,2010.7978,3755.35,4439.95,4780.19,4598.85,8350.44,19589.81
2019-03-13,2413.9253,1981.1195,3724.19,4371.19,4786.21,4557.1,8326.55,19574.17
2019-03-14,2407.3017,1965.9583,3698.49,4293.6,4783.96,4493.98,8235.86,19759.95
2019-03-15,2447.4312,1994.026,3745.01,4351.43,4834.16,4574.03,8368.74,20130.94
2019-03-18,2518.0071,2051.5492,3851.75,4466.55,4944.25,4703.47,8614.05,20971.6
2019-03-19,2505.0178,2043.4705,3833.96,4465.18,4928.53,4679.07,8601.73,20839.05
2019-03-20,2508.6214,2048.5125,3835.44,4463.55,4941.76,4685.05,8636.23,20811.65
2019-03-21,2522.9246,2053.4567,3836.89,4491.14,4923.53,4705.45,8640.41,20823.83
2019-03-22,2521.2373,2057.4501,3833.8,4499.54,4910.49,4734.4,8687.53,20975.88
2019-03-25,2457.9843,2004.6162,3742.83,4424.29,4791.98,4662.45,8589.63,20477.42
2019-03-26,2437.1348,1968.5173,3700.44,4338.56,4764.75,4592.35,8471.85,20492.24
2019-03-27,2464.3065,1989.1868,3743.39,4379.49,4820.32,4659.77,8580.6,21022.11
2019-03-28,2432.4083,1965.334,3728.4,4340.16,4776.15,4612.98,8484.22,21055.88
2019-03-29,2497.4237,2017.9487,3872.34,4487.72,4942.34,4742.96,8700.71,21835.83
2019-04-01,2567.2633,2090.7551,3973.93,4630.37,5053.48,4881.11,8922.88,22422.71
2019-04-02,2577.1895,2101.0114,3971.29,4640.31,5066.39,4885.61,8907.76,22364.77
2019-04-03,2616.2083,2134.6438,4022.16,4693.09,5131.36,4954.02,9015.97,22616.63
2019-04-04,2648.2914,2151.669,4062.23,4727.67,5197.88,5021.84,9126.16,23029.87
2019-04-08,2712.2409,2194.9438,4057.23,4715.08,5223.85,5072.0,9095.14,23360.81
2019-04-09,2701.5507,2168.3738,4075.43,4732.12,5217.95,5066.94,9135.07,23520.85
2019-04-10,2719.9809,2160.4946,4085.85,4735.92,5215.3,5080.54,9151.99,23694.97
2019-04-11,2653.453,2113.9583,3997.58,4639.4,5137.27,5018.39,9033.57,22774.64
2019-04-12,2648.2727,2114.6087,3988.62,4632.01,5131.08,4993.35,9013.5,22538.92
2019-04-15,2634.024,2098.0855,3975.52,4603.32,5138.48,4940.22,8965.55,22348.24
2019-04-16,2684.7748,2149.3358,4085.79,4713.15,5296.27,5011.66,9106.58,22741.67
2019-04-17,2684.0422,2174.2225,4087.24,4733.72,5281.1,5032.02,9137.35,22772.89
2019-04-18,2673.5397,2195.217,4072.08,4711.32,5245.05,4968.62,9048.72,22848.26
2019-04-19,2708.6168,2188.261,4120.61,4756.54,5310.62,4993.68,9089.18,22928.75
2019-04-22,2637.6653,2142.3616,4025.61,4674.15,5165.08,4891.72,8872.28,22391.1
2019-04-23,2608.666,2119.8565,4019.01,4630.58,5164.38,4854.26,8804.18,22428.47
2019-04-24,2618.9347,2125.7496,4030.09,4661.45,5166.66,4897.19,8815.41,22396.47
2019-04-25,2527.2099,2049.1796,3941.82,4518.36,5072.88,4769.56,8581.99,21972.26
2019-04-26,2496.2235,2024.7149,3889.27,4460.68,4995.71,4705.72,8479.32,21878.8
2019-04-29,2494.8052,1996.7802,3900.33,4393.83,5062.22,4672.43,8483.69,22134.2
2019-04-30,2501.0432,2013.3417,3913.21,4422.49,5082.64,4735.74,8566.21,22175.3
2019-05-06,2359.5239,1881.4213,3684.62,4127.65,4858.64,4475.77,8146.07,20793.83
2019-05-07,2396.4856,1897.7633,3720.67,4175.4,4877.02,4534.71,8221.78,21192.03
2019-05-08,2362.1161,1875.922,3667.46,4135.55,4792.73,4471.7,8150.81,20976.76
2019-05-09,2334.364,1856.0164,3599.7,4076.63,4702.93,4400.12,8035.58,20476.32
2019-05-10,2409.0802,1911.4104,3730.45,4226.02,4850.28,4521.11,8269.99,21226.81
2019-05-13,2380.8807,1890.5627,3668.73,4173.6,4766.52,4480.79,8194.37,21106.58
2019-05-14,2359.9028,1875.3375,3645.15,4144.96,4745.9,4455.79,8141.12,20916.91
2019-05-15,2408.4632,1910.2727,3727.09,4238.46,4829.93,4535.73,8265.44,21741.46
2019-05-16,2426.095,1925.1446,3743.96,4261.68,4849.64,4556.43,8307.61,22109.6
2019-05-17,2359.0782,1871.9103,3648.76,4134.63,4754.13,4441.82,8103.5,21429.53
2019-05-20,2340.1378,1864.6729,3617.79,4108.35,4723.78,4406.03,8024.96,21116.26
2019-05-21,2376.4271,1897.8673,3666.78,4173.08,4769.85,4490.17,8124.2,21424.2
2019-05-22,2357.8222,1880.0649,3649.38,4152.65,4748.36,4460.1,8084.19,21266.52
2019-05-23,2323.935,1858.9317,3583.96,4068.81,4685.87,4403.78,7988.34,20772.69
2019-05-24,2332.1358,1850.4116,3593.91,4056.54,4711.7,4399.02,8022.73,20856.18
2019-05-27,2364.6213,1881.1002,3637.2,4136.65,4744.07,4449.32,8126.2,21079.31
2019-05-28,2383.9716,1893.3855,3672.26,4159.75,4789.24,4489.73,8165.05,21285.27
2019-05-29,2368.7608,1890.5664,3663.91,4159.97,4778.57,4477.01,8121.03,21119.24
2019-05-30,2367.4752,1886.1309,3641.18,4133.99,4766.25,4468.9,8146.74,20935.73
2019-05-31,2340.799,1865.1578,3629.79,4123.51,4750.51,4469.51,8142.31,20853.2
2019-06-03,2327.3201,1856.734,3632.01,4097.77,4757.08,4425.71,8130.21,20763.44
2019-06-04,2305.8528,1836.0992,3598.47,4048.27,4727.77,4377.47,8073.03,20387.82
2019-06-05,2306.4384,1839.2651,3597.11,4046.66,4733.46,4358.39,8082.0,20308.86
2019-06-06,2291.745,1818.8904,3564.68,3980.94,4715.72,4303.8,8023.94,20111.85
2019-06-10,2321.1034,1819.9954,3610.74,4029.53,4784.46,4341.99,8097.83,20465.48
2019-06-11,2375.674,1865.1094,3719.28,4163.95,4883.73,4460.8,8266.81,21298.06
2019-06-12,2356.6938,1849.3334,3691.1,4137.2,4854.02,4417.0,8208.7,21093.4
2019-06-13,2353.7732,1851.1843,3685.39,4144.82,4840.86,4402.2,8148.05,20989.24
2019-06-14,2333.9644,1830.0548,3654.88,4086.13,4811.3,4357.24,8069.44,20778.28
2019-06-17,2340.7184,1834.3023,3654.82,4086.04,4823.58,4355.13,8063.21,20794.47
2019-06-18,2338.8246,1835.3838,3667.62,4091.93,4839.73,4350.51,8060.53,20815.03
2019-06-19,2349.1938,1848.3873,3715.94,4146.93,4886.0,4373.75,8141.96,21095.94
2019-06-20,2392.4138,1879.8935,3828.52,4246.83,5028.29,4446.14,8275.49,21783.32
2019-06-21,2393.9905,1890.2079,3833.94,4282.07,5011.81,4449.95,8284.88,21856.66
2019-06-24,2406.0481,1904.1706,3841.27,4286.14,5022.42,4465.89,8284.48,22005.44
2019-06-25,2388.1341,1883.725,3801.31,4242.5,4946.12,4413.82,8209.39,21905.43
2019-06-26,2387.6003,1882.8711,3794.33,4235.8,4937.13,4416.46,8195.21,21821.42
2019-06-27,2387.8391,1885.5524,3834.82,4275.8,4978.66,4438.92,8235.86,22230.86
2019-06-28,2379.1082,1877.8225,3825.59,4244.08,4970.15,4406.91,8170.36,22299.51
2019-07-01,2419.9794,1918.9849,3935.81,4367.71,5067.78,4486.77,8326.98,23020.9
2019-07-02,2431.8703,1918.7355,3937.17,4366.22,5067.36,4511.87,8356.25,23093.57
2019-07-03,2422.7111,1901.4165,3893.53,4320.96,5050.39,4501.22,8366.39,22795.52
2019-07-04,2432.0061,1905.1101,3873.1,4300.96,5046.43,4491.01,8360.29,22635.68
2019-07-05,2431.8819,1906.7079,3893.2,4319.95,5040.42,4508.12,8371.74,22947.95
2019-07-08,2356.531,1853.9537,3802.79,4198.24,4924.37,4391.99,8178.3,22351.69
2019-07-09,2356.4559,1854.0452,3793.13,4198.81,4897.56,4404.03,8177.0,22411.48
2019-07-10,2334.4556,1835.7886,3786.74,4180.3,4880.07,4367.02,8110.67,22354.86
2019-07-11,2332.288,1836.2304,3785.22,4178.88,4884.03,4360.97,8097.25,22371.63
2019-07-12,2333.6115,1849.4322,3808.73,4198.08,4911.79,4374.95,8113.91,22546.8
2019-07-15,2341.1703,1855.7124,3824.19,4228.49,4916.12,4400.41,8135.03,22501.8
2019-07-16,2344.8535,1856.0203,3806.84,4222.12,4907.38,4399.2,8138.92,22340.98
2019-07-17,2348.6908,1858.2746,3804.64,4221.56,4903.61,4394.82,8137.64,22300.56
2019-07-18,2318.6613,1833.3864,3768.4,4165.07,4877.15,4330.78,8048.7,21989.39
2019-07-19,2346.7462,1847.486,3807.96,4199.32,4944.85,4356.66,8118.82,22275.73
2019-07-22,2331.4117,1825.525,3781.68,4133.45,4917.04,4303.89,8049.21,22138.0
2019-07-23,2330.6208,1832.9106,3789.91,4159.73,4915.08,4324.95,8065.35,22048.89
2019-07-24,2342.4775,1847.3902,3819.83,4199.82,4953.58,4348.96,8113.38,22119.63
2019-07-25,2345.1881,1854.9504,3851.07,4224.53,4990.4,4361.8,8147.14,22217.89
2019-07-26,2349.3223,1858.2169,3858.57,4231.39,4999.72,4372.99,8150.61,22250.84
2019-07-29,2346.948,1854.4854,3854.27,4228.46,4984.76,4368.12,8158.41,22269.27
2019-07-30,2365.8374,1862.6913,3870.32,4247.25,5011.77,4393.86,8198.33,22323.98
2019-07-31,2334.31,1848.8026,3835.36,4214.72,4946.96,4350.95,8126.26,21980.76
2019-08-01,2308.4109,1833.643,3803.47,4186.13,4905.16,4320.21,8054.52,21718.15
2019-08-02,2278.8619,1805.3762,3747.44,4124.29,4833.06,4253.14,7958.31,21413.53
2019-08-05,2226.3803,1771.326,3675.69,4059.75,4734.8,4184.16,7816.82,20885.01
2019-08-06,2199.0747,1735.774,3636.33,3988.35,4692.58,4109.81,7708.11,20791.32
2019-08-07,2199.4927,1730.2431,3621.43,3972.81,4673.8,4099.14,7687.85,20700.76
2019-08-08,2216.958,1738.495,3669.29,4013.87,4730.03,4129.2,7778.88,20977.02
2019-08-09,2195.5759,1723.0994,3633.53,3971.53,4705.24,4091.69,7707.88,20710.16
2019-08-12,2219.9071,1744.7664,3699.1,4042.23,4769.58,4151.97,7795.38,21136.81
2019-08-13,2192.1939,1724.1457,3665.75,4012.56,4712.74,4117.79,7755.01,20968.87
2019-08-14,2198.7634,1733.252,3682.4,4033.88,4715.04,4138.5,7766.83,21177.14
2019-08-15,2198.9578,1730.0674,3694.0,4049.17,4728.72,4146.78,7792.1,21209.28
2019-08-16,2203.0877,1731.6572,3710.54,4068.25,4735.45,4151.95,7788.46,21404.05
2019-08-19,2254.4634,1770.9992,3791.09,4174.71,4814.04,4232.76,7929.32,21903.13
2019-08-20,2255.864,1775.335,3787.73,4175.61,4800.77,4230.38,7907.81,21964.85
2019-08-21,2251.7076,1771.7657,3781.76,4174.08,4789.19,4222.68,7899.56,21922.72
2019-08-22,2243.5271,1767.1063,3793.51,4187.5,4784.01,4220.4,7906.59,22056.07
2019-08-23,2250.2581,1772.1137,3820.86,4201.72,4825.44,4229.05,7922.54,22185.09
2019-08-26,2226.2259,1753.6206,3765.91,4156.74,4743.26,4181.74,7854.2,21932.79
2019-08-27,2247.5487,1773.65,3816.95,4221.43,4781.73,4236.44,7946.25,22263.62
2019-08-28,2245.229,1766.3243,3802.58,4210.11,4755.15,4240.37,7940.86,22185.55
2019-08-29,2227.6593,1762.0655,3790.19,4204.13,4720.23,4219.56,7887.82,22133.97
2019-08-30,2225.8526,1756.0579,3799.59,4184.78,4724.32,4196.77,7862.07,22231.79
2019-09-02,2269.1005,1789.2401,3848.32,4261.57,4770.47,4257.87,7920.78,22598.88
2019-09-03,2277.1058,1794.2969,3853.61,4278.92,4768.09,4265.15,7908.43,22561.11
2019-09-04,2310.97,1819.8075,3886.0,4314.1,4833.64,4319.4,7986.13,22656.76
2019-09-05,2311.9568,1826.7252,3925.32,4355.55,4877.83,4343.92,8020.05,22777.87
2019-09-06,2325.6814,1833.0233,3948.51,4376.66,4922.84,4373.76,8048.99,22957.69
2019-09-09,2338.8884,1847.9757,3972.95,4436.61,4927.64,4401.27,8103.73,23049.96
2019-09-10,2332.0374,1847.2514,3959.27,4429.09,4902.99,4381.25,8059.6,22968.02
2019-09-11,2330.8741,1848.0156,3930.1,4398.02,4917.5,4365.52,8068.41,22493.24
2019-09-12,2351.0289,1856.0605,3972.38,4433.93,4974.83,4393.29,8119.57,22789.62
2019-09-16,2351.5251,1863.5603,3957.72,4433.12,4947.64,4393.73,8134.42,22615.37
2019-09-17,2312.2004,1825.8887,3891.22,4346.21,4867.06,4320.94,8022.28,22353.39
2019-09-18,2312.1255,1821.0873,3910.08,4358.25,4877.13,4346.59,8064.69,22626.25
2019-09-19,2317.2719,1826.4264,3924.38,4388.88,4880.23,4355.53,8081.13,22623.85
2019-09-20,2316.0178,1827.1525,3935.65,4398.24,4888.18,4367.62,8076.26,22668.28
2019-09-23,2283.353,1805.3429,3890.66,4354.4,4828.71,4310.0,7979.86,22383.61
2019-09-24,2286.5614,1805.2696,3901.08,4366.95,4824.27,4312.85,8018.54,22567.54
2019-09-25,2269.7811,1785.7514,3870.98,4311.01,4811.1,4255.69,7928.03,22395.66
2019-09-26,2260.153,1770.056,3841.14,4237.0,4822.85,4227.69,7924.01,22134.79
2019-09-27,2250.2549,1765.237,3852.65,4259.78,4814.95,4217.0,7904.62,22071.41
2019-09-30,2244.4606,1760.2245,3814.53,4214.4,4775.73,4193.89,7865.21,21886.73
2019-10-08,2263.0332,1767.5737,3837.68,4229.69,4823.69,4225.82,7919.17,22128.81
2019-10-09,2277.1633,1774.9007,3843.24,4250.48,4855.53,4262.86,8003.34,22178.26
2019-10-10,2285.2795,1783.8388,3874.64,4296.68,4864.68,4287.32,8045.26,22330.34
2019-10-11,2312.0528,1803.415,3911.73,4322.16,4935.5,4312.58,8093.09,22527.23
2019-10-14,2333.4372,1822.2981,3953.24,4376.85,4998.58,4360.78,8188.5,22645.47
2019-10-15,2309.1741,1800.2884,3936.25,4340.14,4977.33,4330.19,8147.25,22662.72
2019-10-16,2308.218,1790.8824,3922.69,4321.7,4977.44,4312.49,8146.29,22581.0
2019-10-17,2297.2795,1783.5692,3925.22,4320.67,4981.29,4298.54,8120.22,22519.55
2019-10-18,2268.3161,1760.7296,3869.38,4261.83,4899.24,4241.19,8020.46,22205.81
2019-10-21,2271.4994,1756.9261,3880.84,4260.58,4929.54,4257.18,8054.62,22268.11
2019-10-22,2273.2826,1760.6934,3895.88,4292.53,4927.0,4276.56,8075.26,22395.72
2019-10-23,2265.9466,1749.5431,3871.08,4263.3,4906.13,4258.83,8023.02,22139.67
2019-10-24,2271.208,1752.8115,3870.67,4259.94,4930.38,4265.68,8039.57,22003.76
2019-10-25,2282.6776,1759.9068,3896.79,4289.74,4917.49,4289.4,8081.82,22201.85
2019-10-28,2287.95,1775.3887,3926.59,4346.56,4917.99,4311.23,8099.4,22448.6
2019-10-29,2267.546,1760.7537,3910.23,4309.47,4887.14,4282.06,8037.36,22413.06
2019-10-30,2263.9425,1748.7058,3891.23,4275.88,4865.82,4246.29,8008.73,22218.55
2019-10-31,2244.305,1735.3891,3886.75,4253.92,4851.08,4220.22,7967.06,22146.71
2019-11-01,2281.3747,1752.3351,3952.39,4311.05,4939.51,4273.98,8064.46,22496.94
2019-11-04,2291.7283,1756.225,3978.12,4336.19,4966.26,4283.27,8079.52,22628.08
2019-11-05,2308.4338,1767.147,4002.81,4358.0,5001.13,4301.95,8134.98,22814.16
2019-11-06,2294.5143,1759.5462,3984.88,4328.75,4992.34,4270.67,8092.99,22642.14
2019-11-07,2296.718,1761.7859,3991.87,4346.05,4990.84,4283.19,8111.94,22671.1
2019-11-08,2286.8627,1752.0953,3973.01,4329.01,4955.56,4274.7,8073.63,22597.63
2019-11-11,2240.3388,1715.6643,3902.98,4239.61,4872.98,4197.01,7938.25,22197.09
2019-11-12,2248.6735,1719.794,3903.69,4244.05,4880.49,4208.52,7943.08,22209.17
2019-11-13,2232.583,1710.4203,3899.98,4237.78,4851.63,4188.02,7904.14,22225.76
2019-11-14,2235.1768,1713.7357,3905.86,4254.66,4838.24,4189.98,7899.04,22331.1
2019-11-15,2209.6475,1695.2766,3877.09,4216.29,4821.79,4146.26,7861.31,22124.16
2019-11-18,2239.7178,1714.2002,3907.93,4246.92,4870.44,4188.18,7917.89,22256.78
2019-11-19,2271.2525,1735.9349,3947.04,4304.12,4890.68,4232.61,8007.6,22523.0
2019-11-20,2261.9791,1729.2608,3907.86,4269.6,4829.46,4198.8,7952.75,22514.94
2019-11-21,2265.6689,1734.1755,3889.6,4257.11,4808.77,4195.59,7945.51,22419.35
2019-11-22,2272.6797,1742.5486,3849.99,4212.93,4795.16,4180.09,7936.01,22107.54
2019-11-25,2343.2808,1789.1919,3878.21,4222.53,4879.86,4235.13,8051.88,22240.98
2019-11-26,2328.0137,1773.2983,3891.65,4226.89,4869.65,4226.17,8049.13,22302.78
2019-11-27,2312.9995,1767.9907,3875.62,4219.44,4848.16,4204.76,8019.2,22219.54
2019-11-28,2294.7487,1757.1619,3862.3,4205.78,4825.47,4191.53,7980.89,22150.78
2019-11-29,2287.2939,1751.1461,3828.67,4186.18,4800.77,4183.41,7984.81,21839.46
2019-12-02,2300.3378,1754.6892,3836.06,4194.2,4810.66,4197.95,7990.63,21937.31
2019-12-03,2303.3437,1757.6103,3851.09,4213.99,4831.08,4214.65,8022.23,21902.63
2019-12-04,2283.8324,1749.8246,3849.82,4214.52,4805.03,4193.25,7997.98,21849.47
2019-12-05,2301.3343,1758.242,3879.36,4252.46,4828.19,4212.48,8017.91,22011.3
2019-12-06,2306.7008,1763.3037,3902.39,4280.51,4836.34,4219.05,8048.95,22258.04
2019-12-09,2345.5924,1785.0912,3895.45,4282.46,4848.1,4237.1,8083.65,22279.57
2019-12-10,2339.9098,1783.1452,3900.38,4296.03,4837.22,4234.71,8069.83,22372.52
2019-12-11,2347.2387,1786.978,3902.75,4290.45,4872.34,4261.17,8086.41,22372.11
2019-12-12,2336.1219,1773.1788,3891.02,4280.61,4862.52,4266.67,8090.98,22211.77
2019-12-13,2368.1039,1794.4901,3968.22,4350.47,4960.66,4306.34,8190.59,22633.99
2019-12-16,2381.9047,1809.1751,3987.55,4397.0,4974.51,4338.63,8223.52,22746.55
2019-12-17,2404.5937,1833.8982,4041.8,4454.79,5033.43,4372.29,8286.73,22825.68
2019-12-18,2400.0505,1828.5141,4032.78,4450.0,5023.57,4363.93,8264.72,22736.92
2019-12-19,2411.794,1839.8497,4027.15,4454.78,5032.61,4369.59,8290.97,22671.3
2019-12-20,2410.6315,1829.4358,4017.25,4426.58,5031.77,4349.85,8282.04,22643.85
2019-12-23,2390.3733,1804.7555,3967.1,4353.55,4975.07,4295.55,8188.8,22279.97
2019-12-24,2404.7044,1822.0172,3992.96,4402.06,4993.29,4319.65,8206.71,22492.7
2019-12-25,2402.4741,1824.196,3990.87,4410.82,4978.04,4313.73,8191.23,22488.4
2019-12-26,2434.3518,1840.0911,4025.99,4446.55,5027.85,4362.73,8267.56,22651.03
2019-12-27,2446.1633,1847.8548,4022.03,4428.68,5030.46,4354.55,8293.57,22537.1
2019-12-30,2495.2283,1883.5131,4081.63,4480.35,5082.07,4412.57,8408.31,23038.23
2019-12-31,2513.1171,1896.6894,4096.58,4500.13,5088.76,4440.59,8458.09,23174.17
2020-01-02,2545.6527,1924.7597,4152.24,4571.72,5168.89,4503.09,8549.43,23456.27
2020-01-03,2534.3954,1913.4581,4144.96,4576.54,5168.56,4501.64,8538.47,23233.14
2020-01-06,2514.4973,1899.2753,4129.3,4585.95,5122.84,4485.78,8498.28,23341.67
2020-01-07,2538.6392,1924.442,4160.23,4633.32,5152.38,4522.22,8550.43,23633.99
2020-01-08,2509.1615,1889.4828,4112.32,4575.36,5092.06,4469.48,8436.79,23336.3
2020-01-09,2548.4482,1917.6009,4164.37,4639.86,5137.29,4525.87,8516.67,23801.42
2020-01-10,2531.8406,1910.1814,4163.18,4633.42,5121.64,4508.8,8486.21,24126.85
2020-01-13,2543.5873,1919.7331,4203.99,4685.46,5147.81,4540.44,8511.09,24475.21
2020-01-14,2539.2676,1922.8172,4189.89,4672.65,5146.03,4545.16,8514.82,24307.19
2020-01-15,2515.0046,1905.6235,4166.73,4654.92,5087.62,4521.73,8462.23,24267.02
2020-01-16,2492.5955,1883.7895,4149.04,4641.22,5053.17,4498.1,8404.55,24323.02
2020-01-17,2499.4084,1885.662,4154.85,4637.27,5059.18,4500.0,8399.71,24371.71
2020-01-20,2494.0268,1880.6468,4185.83,4684.63,5082.82,4505.39,8395.49,24541.53
2020-01-21,2431.8474,1843.1613,4114.31,4619.53,4985.22,4422.56,8251.46,24251.27
2020-01-22,2442.7786,1845.6502,4131.93,4641.99,4993.16,4438.05,8255.16,24430.18
2020-01-23,2359.4876,1777.7131,4003.9,4488.97,4851.44,4318.04,8012.87,23752.44
2020-02-03,2155.1283,1614.7034,3688.36,4121.6,4486.51,3933.39,7345.46,21792.39
2020-02-04,2199.3463,1636.5573,3785.64,4192.97,4591.62,4015.71,7496.55,22404.54
2020-02-05,2221.2137,1658.3838,3828.53,4273.04,4610.27,4062.18,7557.68,22689.97
2020-02-06,2244.4567,1689.5914,3899.78,4376.69,4661.26,4113.11,7628.43,23131.51
2020-02-07,2237.2489,1689.9692,3899.87,4397.21,4652.41,4127.12,7582.01,23156.24
2020-02-10,2290.8433,1714.0122,3916.01,4434.63,4670.72,4189.89,7694.7,23320.24
2020-02-11,2314.0964,1732.2889,3952.46,4442.58,4712.52,4204.23,7734.93,23537.58
2020-02-12,2321.4229,1745.2526,3984.43,4502.19,4723.04,4231.0,7757.46,23699.68
2020-02-13,2318.7144,1731.5248,3959.92,4468.2,4704.43,4205.11,7723.39,23591.03
2020-02-14,2336.6809,1739.2263,3987.73,4487.78,4744.39,4236.91,7783.23,23688.74
2020-02-17,2379.7359,1774.9298,4077.42,4612.98,4825.57,4324.8,7923.2,24233.08
2020-02-18,2357.3263,1769.1387,4057.51,4640.62,4780.84,4333.75,7867.75,24117.74
2020-02-19,2352.8099,1765.0134,4051.31,4618.01,4777.87,4316.45,7853.68,24044.14
2020-02-20,2383.73,1794.9772,4144.66,4716.3,4857.61,4377.59,7949.84,24675.05
2020-02-21,2390.0853,1798.824,4149.49,4751.46,4837.94,4394.18,7956.01,24913.76
2020-02-24,2370.1491,1793.1212,4132.84,4780.26,4781.62,4363.6,7864.63,24878.61
2020-02-25,2339.3145,1773.3506,4123.85,4784.12,4740.2,4320.08,7777.59,24626.45
2020-02-26,2363.4651,1779.4154,4073.02,4694.39,4764.55,4318.04,7830.45,24126.11
2020-02-27,2380.7127,1783.7552,4084.88,4704.98,4773.7,4323.53,7863.98,24438.16
2020-02-28,2320.604,1722.0417,3940.05,4493.0,4651.07,4189.41,7677.38,23497.33
2020-03-02,2432.0741,1801.1351,4069.67,4655.57,4806.2,4354.65,7953.56,24209.58
2020-03-03,2421.6411,1805.0365,4091.36,4696.99,4802.23,4353.84,7939.4,24499.85
2020-03-04,2455.4976,1816.5127,4115.05,4721.66,4843.08,4409.94,8049.72,24650.25
2020-03-05,2481.5273,1844.6504,4206.73,4812.55,4938.38,4464.61,8148.12,25220.6
2020-03-06,2422.3488,1810.9678,4138.51,4764.24,4842.64,4411.64,8024.38,24831.33
2020-03-09,2340.0294,1763.378,3997.13,4592.98,4705.94,4274.94,7822.97,23842.78
2020-03-10,2386.9387,1795.665,4082.73,4698.1,4779.22,4351.12,7910.36,24374.24
2020-03-11,2355.699,1779.7682,4028.43,4637.04,4722.97,4313.09,7827.26,24067.09
2020-03-12,2317.9688,1745.5111,3950.91,4547.24,4658.53,4235.85,7716.7,23483.9
2020-03-13,2278.9755,1717.9767,3895.31,4494.55,4586.75,4169.4,7594.58,23091.12
2020-03-16,2201.7156,1664.9612,3727.84,4296.9,4437.28,4040.05,7402.22,22050.49
2020-03-17,2192.6059,1651.6287,3709.68,4283.77,4419.28,4025.37,7382.31,21841.69
2020-03-18,2160.0306,1633.3623,3636.26,4206.62,4320.75,3967.1,7258.85,21494.88
2020-03-19,2105.9359,1607.0125,3589.09,4195.45,4210.3,3927.06,7131.15,21175.3
2020-03-20,2147.8095,1634.4636,3653.22,4257.0,4293.11,3981.64,7255.63,21718.11
2020-03-23,2077.0875,1585.898,3530.31,4095.34,4166.99,3866.57,7050.67,20953.66
2020-03-24,2154.2479,1631.1433,3625.11,4189.86,4284.47,3962.09,7234.95,21559.58
2020-03-25,2218.7988,1665.6785,3722.52,4297.53,4389.07,4044.26,7401.65,22215.67
2020-03-26,2194.0944,1648.1478,3698.05,4263.54,4365.49,4004.61,7346.45,22255.75
2020-03-27,2217.9542,1664.7787,3710.06,4257.8,4393.16,4033.94,7390.72,22470.76
2020-03-30,2207.7797,1657.135,3674.11,4190.86,4372.79,3982.03,7342.14,22252.1
2020-03-31,2190.9938,1655.1805,3686.16,4202.25,4343.0,3975.14,7313.9,22422.41
2020-04-01,2175.1582,1640.3586,3675.08,4185.81,4335.49,3950.95,7282.85,22351.66
2020-04-02,2192.3448,1655.3868,3734.53,4269.75,4374.31,4005.22,7353.35,22786.09
2020-04-03,2182.5709,1640.2299,3713.22,4244.74,4343.84,3984.08,7327.42,22729.19
2020-04-07,2226.0018,1679.2328,3798.02,4362.26,4409.55,4057.71,7440.79,23426.16
2020-04-08,2219.7811,1678.9161,3780.34,4357.03,4386.13,4054.29,7423.69,23326.48
2020-04-09,2222.9125,1679.6449,3792.81,4385.68,4385.88,4065.45,7434.96,23505.01
2020-04-10,2209.2889,1664.1509,3769.18,4319.36,4383.92,4023.08,7399.3,23234.75
2020-04-13,2227.0135,1671.2056,3753.26,4290.77,4378.82,4012.59,7406.08,23274.92
2020-04-14,2253.8049,1690.5167,3825.7,4378.07,4433.5,4063.71,7473.37,23719.42
2020-04-15,2222.0676,1670.4812,3797.36,4350.69,4390.9,4041.39,7427.29,23667.09
2020-04-16,2222.6205,1672.8402,3802.38,4368.84,4388.47,4029.0,7416.64,23729.89
2020-04-17,2233.1345,1682.8493,3839.49,4391.6,4432.11,4040.92,7448.71,23872.42
2020-04-20,2243.2541,1689.4381,3853.46,4427.69,4430.79,4064.31,7477.03,24056.99
2020-04-21,2212.2025,1664.8129,3808.05,4388.31,4387.56,4039.7,7420.15,23785.65
2020-04-22,2220.4765,1672.9299,3839.38,4426.65,4395.65,4056.44,7423.98,23970.73
2020-04-23,2208.4902,1662.9752,3829.75,4409.33,4383.22,4043.86,7406.78,24015.85
2020-04-24,2192.434,1649.4804,3796.97,4351.55,4352.2,4019.42,7363.62,23897.21
2020-04-27,2200.8775,1651.327,3822.77,4357.5,4392.01,4042.99,7420.42,23936.26
2020-04-28,2196.3003,1641.5494,3849.15,4346.08,4404.3,4018.51,7422.06,24355.68
2020-04-29,2223.7738,1657.4917,3867.03,4352.45,4475.75,4053.95,7548.43,24280.79
2020-04-30,2255.1463,1684.1403,3912.58,4426.34,4507.99,4090.12,7609.94,24409.84
2020-05-06,2262.1149,1696.013,3936.25,4480.64,4484.34,4094.2,7587.4,24561.99
2020-05-07,2263.9988,1690.193,3924.89,4471.04,4461.34,4100.48,7601.65,24795.94
2020-05-08,2295.3505,1714.0364,3963.62,4517.68,4505.96,4132.81,7649.97,25116.68
2020-05-11,2307.1398,1726.1648,3960.18,4511.05,4524.2,4134.94,7667.13,25085.03
2020-05-12,2293.0505,1721.6241,3960.24,4516.08,4497.22,4121.51,7619.79,25303.46
2020-05-13,2287.6009,1717.8445,3968.25,4533.77,4490.01,4125.91,7642.67,25519.62
2020-05-14,2250.7663,1697.8989,3925.22,4489.02,4436.73,4082.37,7545.39,25248.12
2020-05-15,2240.9247,1694.0331,3912.82,4491.43,4425.86,4067.7,7517.28,25161.03
2020-05-18,2243.496,1691.795,3922.91,4486.85,4429.64,4064.58,7527.38,25335.91
2020-05-19,2254.1932,1708.9597,3956.25,4533.77,4458.46,4089.54,7549.73,25582.85
2020-05-20,2233.3691,1692.7183,3935.22,4499.91,4449.32,4057.07,7509.42,25288.37
2020-05-21,2224.3188,1680.0005,3913.79,4462.15,4420.5,4034.88,7494.76,25251.57
2020-05-22,2180.5406,1649.5899,3824.06,4370.15,4331.38,3965.22,7355.79,24778.77
2020-05-25,2193.845,1650.5255,3829.32,4371.64,4338.12,3985.39,7384.98,24968.44
2020-05-26,2209.0396,1663.8742,3872.77,4443.23,4368.16,4016.35,7403.78,25251.63
2020-05-27,2206.4952,1665.5435,3845.61,4413.32,4366.44,4033.75,7429.35,25107.03
2020-05-28,2212.1401,1667.495,3856.63,4413.91,4401.79,4026.0,7472.67,25222.46
2020-05-29,2196.5352,1663.8136,3867.02,4439.09,4374.01,4002.18,7416.96,25469.58
2020-06-01,2241.6929,1698.0246,3971.34,4564.25,4454.89,4082.19,7554.11,26127.27
2020-06-02,2250.4041,1698.5277,3983.57,4574.13,4499.6,4091.53,7593.61,25985.89
2020-06-03,2254.8009,1692.836,3983.65,4574.88,4499.96,4091.71,7568.17,25896.52
2020-06-04,2245.6389,1689.9395,3982.19,4578.9,4486.86,4104.48,7585.78,26001.88
2020-06-05,2235.9671,1682.5886,4001.25,4591.96,4490.85,4088.89,7577.78,26181.46
2020-06-08,2250.7264,1693.1349,4021.95,4598.69,4530.19,4092.07,7620.37,26218.48
2020-06-09,2262.8966,1709.0007,4047.03,4627.44,4541.31,4107.68,7651.9,26430.03
2020-06-10,2254.4332,1708.3014,4039.71,4624.67,4503.9,4080.98,7615.08,26557.63
2020-06-11,2222.7622,1687.0761,3995.88,4592.14,4438.02,4043.16,7543.58,26185.38
2020-06-12,2220.2356,1684.0125,4003.08,4596.96,4430.22,4035.69,7551.33,26227.73
2020-06-15,2183.9827,1646.2723,3954.99,4566.52,4366.35,4001.99,7466.07,26226.56
2020-06-16,2215.4636,1671.9963,4014.57,4643.22,4418.59,4070.16,7563.08,26801.67
2020-06-17,2221.5372,1680.2195,4017.59,4655.93,4413.88,4076.77,7577.76,26936.07
2020-06-18,2239.7381,1697.3844,4044.38,4667.58,4434.81,4108.19,7590.28,26709.36
2020-06-19,2247.4524,1703.3344,4098.71,4717.91,4450.63,4115.03,7588.01,27091.63
2020-06-22,2226.6517,1689.3904,4102.05,4725.94,4426.12,4083.96,7517.18,26997.09
2020-06-23,2213.1083,1678.6103,4121.79,4743.45,4405.78,4083.41,7493.93,27469.63
2020-06-24,2219.7795,1682.8603,4138.99,4748.33,4443.01,4082.31,7493.71,27653.97
2020-06-29,2190.4107,1664.4807,4109.72,4721.12,4401.86,4060.8,7443.57,27634.2
2020-06-30,2206.6927,1674.8142,4163.96,4792.71,4417.82,4089.54,7476.83,28423.32
2020-07-01,2273.3158,1705.6881,4247.78,4849.46,4537.63,4162.95,7658.87,28813.47
2020-07-02,2336.343,1749.5084,4335.84,4931.1,4657.89,4256.98,7868.61,28961.55
2020-07-03,2388.2474,1784.9658,4419.6,5008.35,4754.34,4298.95,7968.7,29123.62
2020-07-06,2528.9923,1879.3248,4670.09,5249.3,5111.67,4526.02,8487.69,29994.55
2020-07-07,2516.3991,1864.9461,4698.13,5301.94,5077.74,4503.78,8441.36,30625.64
2020-07-08,2528.041,1892.5588,4774.0,5403.75,5122.42,4556.28,8492.6,30893.69
2020-07-09,2575.2031,1922.0954,4840.77,5513.9,5130.49,4592.61,8582.29,31785.44
2020-07-10,2494.1098,1868.163,4753.13,5452.85,4951.45,4487.61,8331.37,31870.9
2020-07-13,2539.8149,1905.2822,4852.96,5604.01,4988.03,4608.96,8507.8,32860.6
2020-07-14,2542.5131,1904.6228,4806.69,5550.2,4924.77,4584.58,8453.09,33000.37
2020-07-15,2481.7709,1879.3049,4744.47,5445.83,4828.5,4498.99,8284.19,32535.24
2020-07-16,2400.8195,1813.1721,4516.25,5178.85,4724.39,4355.26,8068.93,30695.85
2020-07-17,2395.8446,1811.9206,4544.7,5202.82,4721.73,4378.35,8059.67,31287.15
2020-07-20,2518.5966,1901.7913,4680.3,5362.66,4906.14,4568.27,8391.36,31381.59
2020-07-21,2514.764,1899.4971,4691.04,5385.97,4866.75,4558.65,8366.39,31902.39
2020-07-22,2504.1741,1898.9268,4714.45,5420.11,4856.47,4553.99,8352.79,32433.9
2020-07-23,2477.4724,1900.49,4712.44,5417.92,4792.74,4499.98,8271.13,32390.61
2020-07-24,2400.4399,1837.9034,4505.59,5169.07,4647.46,4331.9,8005.69,30694.09
2020-07-27,2403.2504,1842.4166,4528.45,5183.82,4630.78,4320.27,7973.02,30619.23
2020-07-28,2413.5097,1851.5175,4568.26,5235.68,4648.48,4361.52,8008.95,31302.09
2020-07-29,2447.6859,1887.0439,4679.01,5370.0,4713.44,4433.82,8137.52,31986.39
2020-07-30,2447.073,1879.125,4656.15,5351.83,4672.55,4431.13,8142.43,31826.05
2020-07-31,2457.8427,1885.0572,4695.05,5409.46,4677.19,4468.9,8213.89,32162.74
2020-08-03,2508.2701,1923.3517,4771.31,5529.01,4738.81,4555.77,8408.42,32505.2
2020-08-04,2508.7676,1919.0665,4775.8,5512.57,4815.47,4568.55,8435.55,32446.48
2020-08-05,2490.9371,1911.1765,4777.11,5544.96,4766.84,4565.91,8378.89,32610.56
2020-08-06,2496.2821,1904.6481,4762.76,5535.71,4795.6,4564.09,8348.77,32076.81
2020-08-07,2486.0046,1898.9891,4707.93,5469.81,4751.03,4529.17,8332.72,31780.42
2020-08-10,2518.4496,1917.0404,4724.87,5491.63,4805.18,4587.98,8418.98,31926.22
2020-08-11,2491.1699,1892.1463,4681.78,5414.82,4782.57,4541.77,8383.72,31604.48
2020-08-12,2494.6094,1898.8945,4647.64,5363.44,4798.16,4513.0,8364.47,31293.25
2020-08-13,2498.89,1904.3069,4635.71,5366.55,4791.32,4529.99,8412.93,31153.76
2020-08-14,2513.8183,1910.8069,4704.63,5431.54,4852.76,4563.88,8472.24,31625.89
2020-08-17,2577.3263,1946.3272,4815.23,5547.48,4984.78,4658.84,8701.32,32148.79
2020-08-18,2575.7354,1956.1162,4812.76,5568.39,4944.7,4666.23,8713.5,32282.56
2020-08-19,2557.9361,1949.0538,4740.68,5474.66,4900.39,4621.76,8666.24,31715.73
2020-08-20,2522.2179,1922.2965,4679.15,5405.45,4849.66,4586.65,8572.12,31406.71
2020-08-21,2528.484,1930.5871,4718.84,5447.72,4869.55,4582.39,8580.36,31946.35
2020-08-24,2535.5346,1929.0824,4755.85,5490.78,4856.28,4608.75,8612.75,32151.19
2020-08-25,2520.8849,1921.8702,4761.95,5482.94,4844.95,4605.18,8588.1,32360.19
2020-08-26,2496.3832,1895.8388,4706.13,5393.72,4794.41,4528.43,8461.15,32016.07
2020-08-27,2509.7825,1891.858,4731.35,5438.76,4795.96,4555.34,8461.9,32253.17
2020-08-28,2542.2145,1919.4792,4844.27,5541.35,4882.38,4635.48,8584.2,32949.78
2020-08-31,2531.0089,1924.1761,4816.22,5525.21,4844.89,4610.92,8495.06,32873.12
2020-09-01,2541.4407,1929.5091,4842.12,5556.5,4850.75,4619.73,8474.42,32870.16
2020-09-02,2531.9082,1916.3414,4843.89,5564.69,4837.07,4615.78,8443.41,32903.59
2020-09-03,2528.597,1918.4687,4817.1,5522.08,4832.84,4608.7,8395.11,32732.79
2020-09-04,2521.3742,1914.2864,4770.22,5485.28,4817.76,4595.51,8343.79,32138.05
2020-09-07,2502.6783,1893.6893,4669.37,5375.87,4789.84,4542.95,8249.73,31164.86
2020-09-08,2540.6252,1916.3283,4694.39,5408.83,4859.5,4569.35,8313.34,30953.13
2020-09-09,2490.3999,1895.9384,4584.59,5268.44,4805.85,4500.09,8167.2,29959.38
2020-09-10,2483.8332,1876.1069,4581.98,5193.2,4799.65,4458.3,8140.52,29986.41
2020-09-11,2481.027,1881.3021,4627.28,5256.62,4793.35,4476.86,8153.15,30475.51
2020-09-14,2486.8395,1889.4232,4651.05,5302.57,4818.04,4496.22,8154.48,30499.71
2020-09-15,2495.0852,1906.2493,4688.48,5337.35,4845.65,4516.89,8178.05,30878.44
2020-09-16,2513.6713,1914.4089,4657.36,5297.79,4858.18,4515.31,8214.52,30508.37
2020-09-17,2512.8871,1924.5855,4632.71,5287.87,4855.73,4532.7,8203.62,30317.36
2020-09-18,2575.5869,1963.5576,4737.09,5387.11,4980.61,4602.24,8392.14,31065.82
2020-09-21,2555.2962,1948.5539,4691.43,5354.67,4934.89,4574.17,8344.49,30736.19
2020-09-22,2506.8723,1914.8022,4635.76,5286.99,4854.57,4508.26,8215.28,30570.41
2020-09-23,2500.5718,1915.4916,4652.33,5311.65,4828.04,4514.73,8203.76,30860.77
2020-09-24,2445.9765,1878.0536,4563.07,5192.71,4747.04,4429.38,8059.85,30360.58
2020-09-25,2434.8342,1880.1873,4570.02,5187.29,4728.15,4403.59,8020.37,30404.15
2020-09-28,2443.7295,1884.2158,4581.91,5165.06,4752.59,4399.77,8060.17,30218.64
2020-09-29,2436.8964,1884.7042,4591.8,5195.96,4723.12,4417.63,8062.18,30565.14
2020-09-30,2417.1291,1881.5644,4587.4,5189.36,4699.45,4395.75,8007.47,30557.41
2020-10-09,2466.7164,1932.555,4681.14,5319.45,4754.03,4492.47,8147.86,31184.96
2020-10-12,2516.4882,1971.2752,4823.16,5481.95,4878.07,4603.85,8289.32,31963.01
2020-10-13,2524.3488,1987.1051,4839.2,5499.7,4876.58,4612.96,8301.61,32286.41
2020-10-14,2498.9823,1972.8552,4807.1,5462.87,4857.96,4612.21,8272.34,32110.33
2020-10-15,2501.9258,1972.1296,4798.74,5436.29,4872.8,4593.67,8259.82,31950.91
2020-10-16,2514.9345,1988.9443,4791.68,5424.6,4902.31,4605.44,8300.68,32004.99
2020-10-19,2495.5056,1971.5146,4755.49,5383.36,4891.37,4572.35,8245.83,31515.08
2020-10-20,2503.0386,1981.8142,4793.47,5432.82,4884.08,4576.7,8238.16,31812.96
2020-10-21,2503.8964,1978.9373,4792.83,5395.78,4931.48,4561.58,8251.67,31499.65
2020-10-22,2491.6018,1970.1842,4777.98,5374.55,4919.15,4524.95,8208.97,31367.11
2020-10-23,2485.2288,1948.9733,4718.49,5295.62,4929.75,4488.64,8174.53,30571.22
2020-10-26,2473.5192,1947.6207,4691.24,5284.85,4875.13,4495.54,8147.28,30440.23
2020-10-27,2463.4499,1939.0657,4699.28,5297.0,4847.37,4479.05,8130.95,30663.43
2020-10-28,2461.164,1941.7688,4737.27,5326.01,4829.46,4478.58,8095.4,31066.02
2020-10-29,2476.6794,1952.9877,4772.92,5346.9,4836.78,4502.06,8157.12,31286.75
2020-10-30,2444.1533,1914.9358,4695.33,5241.17,4784.74,4433.77,8042.71,30480.04
2020-11-02,2465.633,1943.0908,4720.83,5266.93,4804.39,4476.99,8118.95,30451.48
2020-11-03,2492.8375,1967.2753,4777.56,5343.8,4866.32,4532.88,8209.85,30783.89
2020-11-04,2539.4233,1988.3507,4813.66,5361.25,4925.84,4558.12,8262.0,30845.08
2020-11-05,2599.9391,2026.2182,4885.11,5448.96,4988.39,4636.84,8368.1,31339.78
2020-11-06,2616.5078,2044.644,4885.72,5423.96,5005.27,4644.21,8414.26,30898.93
2020-11-09,2654.1462,2083.1295,4981.35,5536.09,5066.68,4720.27,8545.86,31426.7
2020-11-10,2613.9993,2058.0392,4953.88,5494.1,5064.09,4705.11,8511.67,31488.67
2020-11-11,2632.8522,2062.5749,4904.9,5425.8,5092.25,4726.29,8575.27,31152.28
2020-11-12,2628.9875,2070.2388,4908.46,5435.14,5058.06,4752.84,8613.79,31133.09
2020-11-13,2597.5126,2054.1487,4856.85,5402.77,4981.16,4721.19,8524.94,30796.33
2020-11-16,2648.2675,2092.5998,4904.17,5456.73,5042.27,4819.83,8744.59,31185.83
2020-11-17,2661.9818,2091.8389,4894.79,5428.08,5088.26,4852.26,8771.8,30873.55
2020-11-18,2657.7052,2092.3092,4891.67,5426.94,5142.33,4870.9,8808.56,30739.79
2020-11-19,2649.5178,2096.3311,4927.99,5459.53,5154.56,4850.43,8748.79,30884.03
2020-11-20,2678.0255,2124.2499,4943.29,5488.77,5154.73,4875.34,8787.01,31030.37
2020-11-23,2725.8579,2172.9101,5005.03,5539.28,5235.04,4943.56,8932.67,31005.12
2020-11-24,2709.2255,2172.235,4974.29,5521.1,5198.87,4924.32,8880.93,30799.46
2020-11-25,2678.5753,2144.6208,4910.7,5438.56,5171.19,4856.13,8746.48,30150.04
2020-11-26,2664.9807,2137.8787,4919.59,5432.55,5208.75,4837.0,8762.17,30125.64
2020-11-27,2701.2392,2147.0803,4980.77,5470.48,5297.96,4871.06,8829.28,30278.1
2020-11-30,2693.26,2142.6321,4960.25,5450.5,5259.76,4817.82,8749.98,29998.32
2020-12-01,2717.172,2176.6764,5067.1,5550.59,5370.46,4883.22,8851.8,30827.77
2020-12-02,2718.2616,2194.4383,5067.14,5555.82,5374.48,4891.28,8854.91,30991.82
2020-12-03,2668.1256,2143.3459,5057.06,5548.02,5330.73,4856.7,8754.59,31190.07
2020-12-04,2649.7286,2137.2512,5065.92,5564.93,5282.27,4849.95,8732.72,31466.77
2020-12-07,2603.0454,2120.7542,5022.24,5531.96,5179.57,4800.94,8600.11,31392.39
2020-12-08,2598.3387,2102.489,5009.88,5525.28,5145.57,4786.76,8584.95,31520.81
2020-12-09,2572.3427,2076.4655,4942.7,5439.05,5106.41,4727.48,8467.96,31196.93
2020-12-10,2576.252,2089.864,4940.52,5440.8,5090.41,4735.41,8458.96,31300.3
2020-12-11,2560.6901,2074.6757,4889.63,5371.69,5036.78,4706.94,8438.03,30727.11
2020-12-14,2528.3438,2047.4586,4934.84,5421.86,5066.27,4674.22,8382.37,31071.4
2020-12-15,2531.7588,2058.562,4945.1,5434.04,5047.44,4664.9,8359.26,31238.65
2020-12-16,2517.4402,2049.2859,4953.87,5422.46,5051.44,4645.77,8327.75,31340.75
2020-12-17,2552.3531,2078.4215,5017.48,5483.72,5105.35,4692.57,8377.67,31784.81
2020-12-18,2589.2175,2111.6228,4999.97,5465.58,5082.15,4713.29,8433.79,31717.6
2020-12-21,2588.4567,2120.3131,5046.84,5538.33,5071.47,4728.49,8420.7,31978.11
2020-12-22,2506.4995,2045.3391,4964.77,5435.09,4952.38,4620.27,8224.03,31600.48
2020-12-23,2517.9049,2057.6244,5007.12,5480.68,4978.42,4622.76,8221.07,31540.21
2020-12-24,2501.1983,2045.1793,5000.02,5434.99,4980.32,4580.11,8161.36,31023.25
2020-12-25,2525.8535,2075.1293,5042.01,5485.72,5003.63,4612.86,8215.8,31065.25
2020-12-28,2527.7755,2082.7387,5064.41,5483.81,5025.95,4582.14,8191.21,31095.56
2020-12-29,2503.9539,2055.1213,5042.94,5454.43,5018.08,4543.63,8152.85,31340.19
2020-12-30,2512.2082,2061.4045,5113.71,5524.24,5036.8,4562.0,8168.22,31870.52
2020-12-31,2525.2561,2069.5919,5211.29,5621.73,5098.28,4595.59,8207.47,32512.52
2021-01-04,2532.9595,2095.6241,5267.72,5712.18,5066.29,4611.31,8146.16,32977.53
2021-01-05,2513.9561,2086.2569,5368.5,5780.67,5058.73,4621.52,8138.38,33661.38
2021-01-06,2543.7595,2110.3681,5417.67,5791.31,5143.64,4632.2,8209.4,33649.77
2021-01-07,2547.2608,2122.4336,5513.66,5819.75,5205.59,4600.77,8221.42,33862.13
2021-01-08,2581.9999,2144.5886,5495.43,5804.6,5251.7,4614.18,8240.44,33515.18
2021-01-11,2540.6888,2111.5695,5441.16,5726.66,5252.21,4562.99,8161.26,33044.16
2021-01-12,2568.404,2136.6934,5596.35,5851.01,5363.23,4600.21,8162.09,33913.3
2021-01-13,2597.2918,2158.4754,5577.97,5812.27,5405.75,4593.39,8153.86,33861.11
2021-01-14,2597.4548,2161.7431,5470.46,5735.21,5373.83,4576.91,8132.73,33407.47
2021-01-15,2601.596,2152.6656,5458.08,5740.28,5423.17,4603.72,8188.39,33010.81
2021-01-18,2612.389,2154.1401,5518.52,5817.52,5498.2,4638.68,8252.56,33292.55
2021-01-19,2605.746,2145.5703,5437.52,5755.58,5467.0,4663.32,8332.73,32927.88
2021-01-20,2594.9032,2147.2246,5476.43,5804.39,5424.47,4656.54,8248.84,33236.13
2021-01-21,2597.886,2167.2876,5564.97,5884.72,5457.31,4676.95,8247.36,33833.53
2021-01-22,2559.3488,2137.5238,5569.78,5885.35,5385.6,4626.21,8105.23,33953.45
2021-01-25,2526.8853,2122.0137,5625.92,5902.03,5391.7,4559.48,8013.13,34499.54
2021-01-26,2510.5853,2107.8862,5512.97,5791.26,5334.48,4530.27,7991.77,33565.18
2021-01-27,2525.7659,2128.2782,5528.0,5805.76,5371.72,4533.91,8014.23,33423.36
2021-01-28,2469.9622,2084.8595,5377.14,5665.26,5263.84,4469.68,7926.01,32785.05
2021-01-29,2435.6907,2072.8778,5351.96,5615.57,5221.41,4431.62,7918.88,32747.93
2021-02-01,2449.889,2085.2305,5417.65,5667.79,5299.37,4482.1,7997.12,33358.73
2021-02-02,2465.4478,2127.3068,5501.09,5742.2,5321.83,4512.33,7963.49,34356.7
2021-02-03,2454.8294,2134.843,5485.2,5706.48,5320.34,4475.74,7931.94,34211.98
2021-02-04,2428.8688,2107.4646,5473.95,5660.39,5332.09,4431.3,7912.26,33620.99
2021-02-05,2411.748,2079.6401,5483.41,5628.43,5364.19,4447.25,8033.2,33583.64
2021-02-08,2456.4212,2091.5773,5564.56,5702.53,5420.31,4492.18,8038.67,34103.99
2021-02-09,2492.0618,2130.3516,5686.25,5826.28,5461.9,4548.47,8072.8,34745.76
2021-02-10,2510.4178,2143.8782,5807.72,5918.59,5494.53,4581.27,8109.3,35572.77
2021-02-18,2587.6072,2213.7426,5768.38,5930.61,5607.2,4692.45,8280.09,35125.46
2021-02-19,2671.777,2277.1641,5778.84,5977.42,5646.35,4774.45,8420.61,35045.95
2021-02-22,2701.7045,2340.4169,5597.33,5863.74,5604.15,4826.08,8492.43,33703.64
2021-02-23,2673.3221,2308.447,5579.67,5839.9,5610.23,4789.96,8419.07,33433.29
2021-02-24,2636.6931,2280.7182,5437.57,5727.23,5517.03,4737.76,8406.15,32514.24
2021-02-25,2696.2181,2276.1195,5469.56,5729.91,5648.39,4805.21,8602.46,32407.72
2021-02-26,2622.9649,2214.4447,5336.76,5617.67,5483.92,4705.62,8429.94,31812.93
2021-03-01,2673.1893,2273.2403,5418.78,5723.76,5513.51,4801.2,8556.65,32484.45
2021-03-02,2666.7223,2263.3978,5349.63,5665.9,5446.04,4759.48,8495.45,32201.91
2021-03-03,2736.297,2333.5122,5452.21,5759.45,5608.86,4870.28,8689.44,32918.55
2021-03-04,2702.4762,2319.7271,5280.71,5611.59,5522.47,4832.92,8701.16,31927.11
2021-03-05,2652.0622,2275.7511,5262.8,5607.55,5463.24,4802.39,8575.84,32051.0
2021-03-08,2626.3308,2248.0289,5080.02,5446.47,5394.64,4760.41,8531.81,30825.09
2021-03-09,2607.1037,2204.9222,4971.0,5317.15,5324.23,4721.34,8442.35,29978.07
2021-03-10,2585.2147,2198.0152,5003.61,5321.87,5308.74,4696.05,8381.99,30273.95
2021-03-11,2661.3359,2277.6,5128.22,5452.28,5444.82,4803.3,8596.07,30891.42
2021-03-12,2704.5459,2317.4528,5146.38,5469.16,5521.31,4843.12,8767.09,31067.35
2021-03-15,2721.5114,2338.3051,5035.54,5382.11,5515.96,4854.55,8823.72,30178.84
2021-03-16,2729.8562,2335.8956,5079.36,5430.04,5580.33,4886.43,8854.96,30477.64
2021-03-17,2707.0584,2322.9012,5100.86,5457.86,5520.99,4863.28,8798.01,30799.67
2021-03-18,2709.7604,2339.0485,5141.77,5493.35,5525.08,4880.97,8816.04,31313.45
2021-03-19,2675.4687,2318.114,5007.09,5389.63,5379.88,4832.37,8704.92,30846.74
2021-03-22,2704.636,2355.3097,5057.15,5456.4,5460.8,4898.57,8801.95,31249.85
2021-03-23,2663.6086,2283.6392,5009.25,5397.61,5406.35,4828.34,8692.25,31084.51
2021-03-24,2611.6292,2235.2946,4928.69,5318.97,5298.26,4753.19,8581.78,30823.21
2021-03-25,2612.4842,2245.905,4926.35,5318.06,5281.5,4735.62,8559.34,30734.01
2021-03-26,2637.4656,2279.5236,5037.99,5425.75,5346.77,4794.54,8628.35,31538.18
2021-03-29,2697.3301,2328.137,5046.88,5436.15,5363.14,4848.2,8786.7,31690.55
2021-03-30,2693.606,2332.7765,5094.73,5463.43,5395.32,4841.74,8760.65,32023.37
2021-03-31,2706.0687,2362.7282,5048.36,5433.7,5388.21,4827.2,8759.41,31695.19
2021-04-01,2715.0165,2386.7709,5110.78,5487.7,5407.64,4865.11,8806.63,32152.09
2021-04-02,2696.9191,2370.9874,5161.56,5524.69,5388.08,4836.83,8722.77,32862.02
2021-04-06,2697.6103,2389.3185,5140.34,5527.49,5382.8,4857.9,8722.32,32651.71
2021-04-07,2725.5914,2435.6518,5103.74,5509.27,5382.01,4899.55,8812.55,32269.13
2021-04-08,2707.5746,2430.6344,5112.21,5509.02,5364.96,4888.85,8793.34,32608.52
2021-04-09,2705.8362,2444.5138,5035.34,5457.59,5321.88,4893.54,8773.49,32361.73
2021-04-12,2698.7983,2414.9587,4947.75,5365.05,5284.76,4871.15,8794.58,31941.71
2021-04-13,2663.9969,2384.6185,4939.64,5350.87,5254.73,4828.81,8733.62,31884.09
2021-04-14,2686.3346,2400.0882,4980.63,5408.43,5254.47,4864.07,8772.92,32472.58
2021-04-15,2685.6829,2410.4654,4948.97,5382.62,5211.64,4869.29,8775.12,32141.86
2021-04-16,2724.8362,2447.6724,4966.18,5420.68,5241.45,4928.35,8902.04,32474.01
2021-04-19,2735.2491,2461.79,5087.02,5533.78,5316.69,4958.26,8877.01,32971.25
2021-04-20,2719.6199,2447.0051,5083.37,5526.53,5306.66,4955.39,8860.26,33025.51
2021-04-21,2703.6427,2431.4246,5098.74,5532.14,5317.72,4950.17,8884.61,33357.48
2021-04-22,2716.1996,2453.4569,5089.24,5536.28,5283.83,4971.05,8885.5,33561.58
2021-04-23,2699.0082,2439.3995,5135.45,5560.17,5285.81,4956.21,8822.15,33689.02
2021-04-26,2689.7211,2445.834,5077.24,5512.84,5232.06,4921.29,8784.97,33490.84
2021-04-27,2676.9553,2444.5953,5090.52,5515.48,5232.62,4922.71,8755.46,33841.02
2021-04-28,2697.708,2464.3773,5119.24,5548.49,5237.42,4952.55,8820.14,34326.5
2021-04-29,2708.165,2488.887,5164.17,5572.66,5302.45,4981.26,8914.44,34025.38
2021-04-30,2662.9583,2446.8631,5123.49,5544.26,5233.05,4956.5,8838.81,33991.0
2021-05-06,2704.6096,2515.3969,5061.12,5510.01,5256.13,5029.41,8958.3,33386.98
2021-05-07,2741.1702,2560.551,4996.05,5445.09,5265.14,5037.87,9002.18,32750.01
2021-05-10,2780.6297,2625.9311,4992.42,5454.54,5244.92,5080.9,9075.73,32533.76
2021-05-11,2752.0497,2572.3502,5023.06,5473.07,5235.84,5033.75,9022.12,32798.1
2021-05-12,2763.7951,2592.5758,5044.55,5511.47,5243.39,5080.38,9115.84,33108.55
2021-05-13,2708.8954,2523.9944,4992.97,5460.08,5187.4,5016.72,9051.05,33021.42
2021-05-14,2717.6622,2532.3809,5110.59,5562.16,5276.61,5051.42,9071.06,33503.96
2021-05-17,2719.5566,2559.9282,5184.99,5611.83,5305.12,5043.01,9113.08,34145.99
2021-05-18,2726.9329,2583.5195,5187.6,5622.27,5320.85,5070.85,9143.44,34242.94
2021-05-19,2695.6804,2551.272,5172.27,5612.2,5255.03,5068.85,9111.37,34071.19
2021-05-20,2657.2705,2471.888,5186.41,5614.16,5256.8,4994.91,8977.08,34625.92
2021-05-21,2662.3114,2518.3549,5134.15,5582.61,5216.75,5009.73,8999.86,34302.74
2021-05-24,2661.5472,2500.6158,5155.59,5611.12,5209.21,5042.46,9057.52,34672.36
2021-05-25,2682.7577,2517.7879,5318.48,5736.13,5354.91,5105.87,9205.73,35416.25
2021-05-26,2691.1127,2512.3978,5320.59,5744.16,5391.52,5136.14,9249.36,35200.56
2021-05-27,2695.029,2520.5621,5338.23,5776.21,5381.63,5152.81,9295.55,35246.49
2021-05-28,2678.997,2518.8821,5321.09,5765.0,5380.52,5160.21,9349.01,35101.97
2021-05-31,2673.9381,2519.5471,5331.57,5809.37,5349.49,5204.73,9417.96,35225.55
2021-06-01,2679.284,2539.8523,5341.68,5825.59,5338.15,5236.08,9408.25,35486.22
2021-06-02,2678.3292,2518.6503,5289.97,5767.11,5325.82,5209.3,9415.24,35123.78
2021-06-03,2691.2284,2529.8642,5255.29,5740.73,5285.66,5205.28,9391.8,35443.45
2021-06-04,2683.3213,2505.5661,5282.28,5768.97,5309.55,5179.99,9336.9,35874.92
2021-06-07,2680.4953,2521.5165,5277.63,5780.22,5294.4,5170.73,9240.92,36064.0
2021-06-08,2680.2752,2516.5058,5232.12,5739.39,5286.67,5142.36,9236.19,35215.51
2021-06-09,2698.6613,2561.0292,5236.45,5747.46,5287.78,5157.38,9242.68,35071.85
2021-06-10,2681.3974,2581.1424,5271.47,5797.19,5278.48,5169.69,9230.08,35434.06
2021-06-11,2670.4761,2597.622,5224.7,5755.73,5262.05,5147.63,9194.39,34879.26
2021-06-15,2652.0221,2572.2849,5166.56,5699.55,5178.43,5105.45,9104.27,34775.84
2021-06-16,2650.0179,2554.8149,5080.49,5598.98,5178.99,5038.75,9071.48,34193.71
2021-06-17,2608.1556,2556.7593,5101.89,5643.38,5143.93,5029.82,9046.13,34528.47
2021-06-18,2586.6688,2551.056,5102.47,5669.45,5104.13,5009.93,8981.13,34562.84
2021-06-21,2561.9913,2548.5837,5090.39,5690.65,5045.59,5036.61,8969.23,34354.05
2021-06-22,2585.4076,2564.707,5122.16,5725.3,5095.34,5096.2,8997.29,34549.29
2021-06-23,2612.7237,2591.5344,5147.39,5760.18,5113.31,5168.74,9104.71,34589.53
2021-06-24,2612.2204,2581.4103,5155.97,5745.76,5128.3,5163.13,9097.78,34346.36
2021-06-25,2648.7638,2627.4287,5239.97,5812.08,5207.76,5185.63,9098.76,34729.66
2021-06-28,2623.8338,2607.979,5251.76,5839.27,5158.38,5143.83,8935.78,35129.45
2021-06-29,2600.7633,2572.1075,5190.54,5785.5,5089.59,5136.99,8902.6,35090.16
2021-06-30,2606.7723,2592.5737,5224.04,5834.19,5112.45,5153.4,8947.46,35135.0
2021-07-01,2596.2581,2558.5671,5229.66,5801.89,5147.44,5129.82,9009.69,35185.12
2021-07-02,2573.4947,2559.1053,5081.12,5687.29,5025.08,5095.13,8914.44,34241.56
2021-07-05,2572.0364,2568.4295,5085.79,5720.74,5023.82,5102.94,8869.66,34533.29
2021-07-06,2586.0594,2579.7772,5083.1,5710.24,5078.65,5093.26,8885.92,34086.75
2021-07-07,2576.5928,2596.2276,5140.49,5781.48,5067.42,5097.02,8845.01,34632.84
2021-07-08,2523.5161,2544.2607,5088.26,5748.98,4966.13,4999.4,8670.24,34114.43
2021-07-09,2537.1202,2569.0207,5069.44,5752.11,4944.57,5041.8,8720.03,33636.62
2021-07-12,2516.0734,2558.5918,5132.71,5839.9,4939.56,5077.15,8646.43,33936.68
2021-07-13,2550.599,2611.2853,5142.1,5861.07,4953.01,5110.62,8675.39,34368.89
2021-07-14,2538.7479,2597.5138,5083.08,5798.98,4877.58,5076.15,8673.1,34390.06
2021-07-15,2556.4774,2610.0028,5151.46,5845.15,4959.59,5102.58,8697.54,34581.87
2021-07-16,2565.0752,2639.5914,5094.77,5795.53,4939.68,5107.88,8721.73,34314.72
2021-07-19,2549.7591,2644.9813,5113.49,5798.31,4932.91,5096.59,8736.23,34400.29
2021-07-20,2544.8448,2636.804,5108.99,5805.93,4878.05,5079.32,8706.41,34251.78
2021-07-21,2545.1628,2633.8254,5144.04,5875.68,4849.35,5078.76,8635.95,34517.25
2021-07-22,2579.0583,2683.5071,5151.75,5898.53,4899.07,5134.35,8709.89,34284.38
2021-07-23,2576.6753,2671.7122,5089.23,5833.64,4872.04,5054.1,8619.23,33479.92
2021-07-26,2528.0895,2646.6621,4925.3,5694.92,4728.01,4951.13,8428.53,32213.28
2021-07-27,2457.3881,2573.2209,4751.31,5517.65,4591.44,4803.44,8164.23,31032.56
2021-07-28,2436.0527,2551.135,4760.48,5481.89,4596.31,4750.03,8135.94,31057.09
2021-07-29,2443.7207,2569.2251,4850.27,5618.94,4601.8,4799.05,8148.49,31705.2
2021-07-30,2457.9844,2592.1845,4811.17,5607.75,4589.94,4858.43,8154.18,31566.01
2021-08-02,2485.6686,2616.5363,4933.74,5727.72,4695.42,4870.71,8119.38,32260.31
2021-08-03,2471.6691,2603.9741,4934.46,5699.81,4703.28,4812.43,8055.93,32807.6
2021-08-04,2498.9753,2635.9708,4978.85,5780.62,4682.57,4886.7,8117.57,32944.96
2021-08-05,2501.0531,2647.2782,4948.67,5748.75,4668.66,4856.89,8101.05,32724.01
2021-08-06,2513.0577,2684.2786,4921.56,5738.2,4672.68,4882.56,8142.4,32299.8
2021-08-09,2553.6646,2703.5334,4985.56,5785.83,4789.16,4950.71,8259.8,32836.09
2021-08-10,2569.2251,2713.3666,5043.15,5837.26,4835.14,4959.39,8279.51,33195.97
2021-08-11,2606.7921,2755.4525,5015.34,5841.8,4872.84,5036.93,8460.73,33160.82
2021-08-12,2623.3374,2785.2785,4973.35,5824.18,4851.14,5101.58,8558.89,32985.38
2021-08-13,2630.1609,2807.0985,4945.98,5804.73,4849.98,5108.1,8552.29,32828.81
2021-08-16,2644.3369,2792.8614,4941.07,5779.83,4869.5,5108.37,8613.83,33099.07
2021-08-17,2604.0648,2748.9412,4837.4,5646.55,4813.6,5011.67,8492.08,31936.2
2021-08-18,2617.3763,2766.1132,4894.24,5703.63,4944.75,5043.67,8532.02,32183.69
2021-08-19,2580.2484,2745.7081,4862.14,5694.73,4855.04,5014.93,8435.14,32354.06
2021-08-20,2582.7747,2739.0283,4769.27,5626.24,4813.15,5022.09,8446.44,31679.66
2021-08-23,2612.0203,2807.6662,4835.88,5730.8,4833.38,5080.22,8517.02,32256.21
2021-08-24,2627.592,2833.4582,4888.39,5786.15,4852.0,5122.62,8564.9,32855.89
2021-08-25,2662.6877,2898.2392,4898.16,5816.81,4827.93,5184.79,8613.99,33119.92
2021-08-26,2690.3433,2939.9489,4801.61,5733.42,4763.9,5205.18,8678.39,32313.51
2021-08-27,2712.5634,2989.4385,4827.04,5757.15,4802.02,5240.64,8773.56,32334.77
2021-08-30,2740.7518,3043.9066,4813.27,5762.84,4736.77,5271.52,8807.17,32136.74
2021-08-31,2848.4773,3127.5306,4805.61,5759.26,4809.63,5385.98,9034.18,31750.07
2021-09-01,2857.3268,3122.392,4869.46,5761.87,4934.54,5361.02,9038.48,32208.52
2021-09-02,2930.9438,3214.0976,4869.41,5798.48,4996.04,5448.12,9208.91,31877.65
2021-09-03,2910.5059,3158.2763,4843.06,5767.88,4971.32,5431.93,9169.09,31953.96
2021-09-06,2957.051,3192.348,4933.73,5861.81,5004.68,5482.7,9266.62,32967.38
2021-09-07,3032.1633,3293.8752,4992.83,5943.95,5100.3,5592.55,9465.19,33301.7
2021-09-08,3060.7698,3345.5528,4972.13,5943.76,5105.5,5639.62,9627.05,33081.6
2021-09-09,3182.5278,3496.424,4970.01,5954.42,5111.38,5746.51,9881.1,33095.37
2021-09-10,3129.0216,3422.3546,5013.52,5980.36,5154.76,5668.78,9803.86,33587.04
2021-09-13,3229.7604,3519.5794,4991.66,5981.76,5198.51,5772.51,10088.5,33602.34
2021-09-14,3130.8589,3409.5161,4917.16,5920.57,5056.27,5670.94,9892.29,33057.37
2021-09-15,3103.6897,3408.0081,4867.32,5910.01,5016.1,5687.31,9851.75,32574.37
2021-09-16,3083.5579,3378.1977,4807.7,5807.1,4953.51,5601.54,9790.0,32046.39
2021-09-17,3021.5417,3294.5321,4855.94,5827.81,4960.43,5496.14,9586.19,32396.13
2021-09-22,3106.5,3391.3393,4821.77,5824.67,4957.28,5574.29,9861.5,31907.57
2021-09-23,3143.1951,3376.9359,4853.2,5854.08,4981.52,5581.68,9836.61,32125.77
2021-09-24,2984.0153,3254.8185,4849.43,5807.96,4907.41,5404.99,9511.9,32059.3
2021-09-27,2892.2777,3127.3334,4877.37,5743.8,4853.79,5251.93,9281.07,32361.68
2021-09-28,2953.6207,3164.4244,4883.83,5752.75,4924.45,5335.04,9546.65,32420.04
2021-09-29,2851.8386,3023.5453,4833.93,5639.47,4895.89,5166.0,9276.76,31767.04
2021-09-30,2885.4124,3070.8085,4866.38,5723.46,4878.15,5245.35,9399.99,32041.66
2021-10-08,2873.4897,3022.6161,4929.94,5769.29,4940.07,5244.44,9321.65,32581.84
2021-10-11,2903.8983,3034.5085,4936.19,5757.89,4981.67,5275.22,9410.33,32546.75
2021-10-12,2855.0308,2969.9788,4883.84,5668.45,4932.08,5187.63,9355.82,32102.61
2021-10-13,2802.8295,2933.4298,4940.11,5723.25,4902.15,5151.12,9195.17,32757.84
2021-10-14,2791.4,2923.0308,4913.61,5725.21,4860.66,5130.9,9100.77,32683.98
2021-10-15,2805.9548,2932.0789,4932.11,5740.99,4871.93,5143.64,9155.39,32657.79
2021-10-18,2861.8812,3013.5517,4874.78,5736.73,4863.18,5220.44,9340.55,31772.61
2021-10-19,2865.7853,3050.1096,4922.72,5785.59,4915.4,5257.33,9338.58,32096.75
2021-10-20,2803.9767,2973.4972,4910.18,5779.11,4877.97,5205.66,9159.74,31848.5
2021-10-21,2845.3577,3004.1292,4928.02,5782.98,4960.73,5243.45,9277.21,31929.39
2021-10-22,2796.9626,2922.0994,4959.73,5775.44,4957.54,5149.86,9074.55,32163.35
2021-10-25,2798.5321,2956.4276,4979.52,5820.16,4961.71,5155.31,9096.11,31960.17
2021-10-26,2775.7305,2945.0068,4963.1,5801.98,4931.49,5132.2,9035.05,31916.0
2021-10-27,2716.0373,2877.2951,4898.16,5739.81,4873.79,5054.62,8856.07,31235.87
2021-10-28,2647.3967,2784.4573,4864.14,5668.07,4821.04,4940.01,8604.88,31260.22
2021-10-29,2647.2543,2808.7116,4908.77,5740.29,4803.1,4964.67,8565.59,31689.94
2021-11-01,2647.1078,2828.8557,4890.69,5752.86,4824.32,4990.25,8662.92,31785.08
2021-11-02,2588.4782,2764.7212,4839.85,5694.34,4720.47,4888.58,8443.13,31563.43
2021-11-03,2622.4514,2805.6242,4821.11,5688.08,4740.17,4952.71,8613.31,31751.47
2021-11-04,2613.8662,2794.4978,4868.74,5749.67,4735.17,4954.04,8592.85,32307.9
2021-11-05,2575.9242,2736.1153,4842.35,5702.48,4691.68,4881.95,8404.23,32200.4
2021-11-08,2586.7962,2755.8933,4848.18,5724.72,4695.3,4912.02,8436.27,31944.08
2021-11-09,2576.0137,2743.3958,4846.74,5755.41,4683.4,4937.52,8406.37,31938.87
2021-11-10,2563.7371,2725.5126,4821.19,5736.36,4661.58,4932.43,8381.28,31730.25
2021-11-11,2625.7862,2749.6995,4898.65,5806.49,4793.44,5005.17,8576.44,32376.29
2021-11-12,2599.6052,2732.2391,4888.37,5821.34,4765.5,4970.96,8507.93,32267.89
2021-11-15,2604.6387,2725.0526,4882.38,5806.09,4765.69,4979.0,8489.24,32476.47
2021-11-16,2574.9064,2710.6766,4883.32,5781.86,4735.42,4951.63,8421.34,32536.57
2021-11-17,2588.0722,2729.0447,4885.75,5825.66,4723.76,4992.96,8403.58,32437.1
2021-11-18,2575.5184,2729.8205,4837.62,5787.9,4687.56,4989.29,8399.26,32212.67
2021-11-19,2618.8301,2770.8829,4890.06,5853.57,4758.11,5059.43,8524.04,32461.87
2021-11-22,2609.6267,2786.3614,4912.4,5914.58,4727.82,5067.43,8508.06,32660.29
2021-11-23,2628.1238,2819.4169,4913.35,5913.53,4737.28,5095.6,8598.26,32664.3
2021-11-24,2645.4731,2832.6734,4916.66,5911.98,4734.61,5120.14,8707.62,32891.49
2021-11-25,2637.3907,2821.2129,4896.44,5897.33,4713.8,5097.97,8687.77,32848.07
2021-11-26,2609.2095,2797.7815,4860.13,5876.02,4664.62,5061.1,8572.1,32608.76
2021-11-29,2589.5313,2803.0175,4851.42,5887.0,4644.44,5029.29,8493.28,32637.8
2021-11-30,2585.8887,2816.202,4832.03,5891.45,4642.25,5044.12,8473.52,32598.11
2021-12-01,2637.5449,2859.5246,4843.85,5906.55,4693.31,5103.48,8612.31,32518.53
2021-12-02,2698.6834,2917.1806,4856.16,5887.0,4736.69,5114.32,8647.4,32562.08
2021-12-03,2753.2694,2971.6407,4901.02,5935.4,4778.13,5150.05,8789.31,32970.37
2021-12-06,2747.0431,2959.5416,4892.62,5887.77,4810.99,5092.92,8755.65,32857.68
2021-12-07,2792.7371,2983.2551,4922.1,5869.69,4872.57,5119.6,8894.55,33017.09
2021-12-08,2777.7312,2985.1943,4995.93,5960.45,4882.78,5124.21,8895.37,33525.9
2021-12-09,2791.6591,2971.811,5078.69,6015.09,4939.66,5130.75,8933.17,34166.12
2021-12-10,2756.8461,2955.4629,5055.12,6008.62,4910.57,5118.56,8863.55,34153.96
2021-12-13,2783.7186,2991.2418,5083.8,6043.28,4921.91,5117.09,8878.73,34419.97
2021-12-14,2734.5686,2934.1534,5049.7,6021.94,4861.24,5064.59,8781.34,34498.69
2021-12-15,2744.6856,2962.3645,5005.9,5992.05,4862.09,5087.39,8858.75,34285.33
2021-12-16,2826.3629,3089.2469,5034.73,6031.25,4916.77,5162.86,9012.34,34622.25
2021-12-17,2800.9453,3061.0957,4954.76,5951.29,4879.57,5129.74,9013.91,34108.18
2021-12-20,2771.4452,2988.5271,4880.42,5860.27,4851.14,5084.14,8980.37,33982.47
2021-12-21,2823.6685,3022.4815,4913.49,5918.82,4900.12,5186.49,9137.93,34410.67
2021-12-22,2814.3119,3033.9615,4914.45,5937.93,4866.95,5166.85,9105.55,34704.02
2021-12-23,2838.7184,3079.3477,4948.74,5959.16,4892.88,5186.92,9139.93,34880.88
2021-12-24,2808.16,3019.6472,4921.34,5896.64,4860.9,5156.06,9073.24,35097.89
2021-12-27,2839.0106,3028.631,4919.32,5897.16,4874.73,5186.57,9116.79,35033.77
2021-12-28,2814.2695,2980.6609,4955.96,5939.42,4887.46,5160.62,9039.56,34988.89
2021-12-29,2798.3473,2963.6085,4883.48,5885.31,4837.04,5145.03,8994.35,34166.37
2021-12-30,2795.0084,2959.44,4921.51,5935.27,4857.73,5158.35,9025.55,34564.39
2021-12-31,2820.7414,2976.3025,4940.37,5969.8,4882.95,5209.9,9093.64,34901.23
2022-01-04,2866.7382,3006.6776,4917.77,5958.74,4910.56,5272.76,9241.83,34798.61
2022-01-05,2878.7291,2968.7808,4868.12,5868.58,4943.43,5258.01,9292.15,34137.72
2022-01-06,2898.8725,2998.2519,4818.23,5855.53,4909.83,5281.62,9338.58,34038.66
2022-01-07,2943.4752,3013.8124,4822.37,5811.61,4983.38,5296.28,9439.81,33801.27
2022-01-10,2963.5932,3054.037,4844.05,5839.64,5009.25,5347.83,9507.02,34140.93
2022-01-11,2955.1539,3038.2602,4797.77,5787.49,5008.92,5371.9,9518.76,33732.66
2022-01-12,2928.5258,3035.0634,4845.58,5857.31,4997.3,5347.72,9467.74,33971.56
2022-01-13,2908.2819,3028.9308,4765.92,5768.85,4964.75,5331.5,9420.68,33249.79
2022-01-14,2838.5288,2956.9171,4726.73,5746.23,4856.96,5235.98,9250.66,33528.77
2022-01-17,2848.7204,2966.2276,4767.28,5814.11,4871.23,5251.16,9283.31,33702.63
2022-01-18,2910.3294,3019.2291,4813.35,5823.33,4956.09,5303.18,9397.25,33631.92
2022-01-19,2965.0478,3039.5122,4780.38,5784.12,4977.21,5338.34,9502.22,33222.59
2022-01-20,2961.4647,3027.3727,4823.51,5756.52,5051.59,5318.14,9477.94,33419.51
2022-01-21,2924.438,3032.6514,4779.31,5695.02,5004.5,5276.73,9390.63,33016.4
2022-01-24,2932.6186,3028.7219,4786.74,5704.39,5002.27,5252.39,9406.75,32988.43
2022-01-25,2839.6817,2905.9528,4678.45,5531.88,4883.65,5070.73,9135.9,32036.15
2022-01-26,2858.7876,2915.09,4712.31,5568.44,4919.37,5102.66,9207.21,32071.63
2022-01-27,2817.4614,2879.1161,4619.88,5433.24,4858.96,5033.89,9119.18,31457.42
2022-01-28,2778.3081,2825.5668,4563.77,5405.91,4796.69,5009.74,9023.28,30953.78
2022-02-07,2883.688,2945.7941,4634.09,5484.44,4939.4,5140.6,9284.94,31565.48
2022-02-08,2958.03,3054.7597,4608.77,5490.48,5014.14,5254.53,9491.99,31558.44
2022-02-09,2955.8485,3069.1457,4652.06,5560.69,5014.35,5278.93,9540.47,32333.29
2022-02-10,3009.0275,3131.2911,4639.86,5544.29,5061.88,5336.19,9675.4,32477.61
2022-02-11,3015.2903,3128.7558,4601.4,5471.57,5093.82,5325.3,9702.21,31976.65
2022-02-14,2957.0089,3083.2186,4551.69,5432.64,4967.72,5242.91,9508.13,31728.76
2022-02-15,2923.013,3050.6839,4600.1,5490.89,4927.14,5221.09,9430.17,32325.52
2022-02-16,2954.1576,3079.6873,4617.99,5522.11,4962.79,5268.18,9536.93,32429.77
2022-02-17,2938.1154,3074.7543,4629.16,5532.49,4949.65,5244.61,9495.46,32288.85
2022-02-18,3007.9479,3150.8428,4651.24,5564.38,5017.35,5345.16,9700.56,32682.33
2022-02-21,3015.5227,3182.88,4634.31,5582.13,5002.08,5379.54,9725.69,32771.5
2022-02-22,2986.8633,3178.8116,4574.15,5518.63,4945.34,5334.18,9633.53,32228.13
2022-02-23,2961.0275,3153.3528,4623.05,5601.32,4927.15,5319.45,9537.88,32571.53
2022-02-24,2903.295,3106.0999,4529.32,5483.35,4834.36,5216.49,9355.78,31861.27
2022-02-25,2887.5444,3079.5788,4573.42,5536.75,4823.91,5215.19,9343.39,32356.31
2022-02-28,2901.9819,3112.6908,4581.65,5554.68,4820.62,5219.15,9347.49,32593.81
2022-03-01,2943.9805,3161.2546,4619.69,5588.58,4866.84,5263.58,9441.59,32704.48
2022-03-02,2962.3913,3211.9835,4578.6,5564.6,4849.89,5298.65,9521.64,32644.66
2022-03-03,3014.2242,3258.9049,4551.63,5532.53,4889.32,5355.01,9660.21,32324.41
2022-03-04,2997.4735,3259.9046,4496.43,5464.87,4840.8,5329.22,9583.02,32199.06
2022-03-07,2983.4122,3231.745,4352.78,5323.15,4751.81,5271.52,9498.02,31378.2
2022-03-08,2880.1531,3078.2003,4265.39,5184.96,4623.65,5090.09,9194.78,30294.11
2022-03-09,2849.8573,3079.6937,4226.35,5128.01,4546.35,5024.81,9102.05,30052.36
2022-03-10,2861.797,3106.7338,4292.84,5220.5,4566.95,5087.35,9180.76,30940.55
2022-03-11,2868.0815,3118.7094,4306.52,5248.11,4588.99,5120.31,9228.04,31581.52
2022-03-14,2800.5938,3039.7233,4174.76,5098.41,4486.1,5009.31,9048.4,30606.51
2022-03-15,2608.2197,2828.4396,3983.81,4854.05,4229.37,4699.87,8523.65,29097.68
2022-03-16,2674.795,2897.3669,4156.08,5040.99,4393.64,4811.54,8732.41,29706.9
2022-03-17,2716.365,2937.4488,4237.7,5135.63,4443.55,4896.58,8842.47,30617.38
2022-03-18,2787.4984,3023.0088,4265.9,5179.14,4550.93,5025.5,9079.93,30946.24
2022-03-21,2794.8782,3048.0361,4258.75,5200.6,4505.0,5046.46,9042.21,31183.16
2022-03-22,2847.8151,3100.2918,4255.3,5191.67,4572.28,5131.93,9217.65,30988.66
2022-03-23,2845.564,3090.5607,4276.52,5216.87,4562.59,5145.75,9217.79,31310.46
2022-03-24,2844.4406,3100.7061,4251.31,5174.91,4551.82,5128.44,9162.08,31189.3
2022-03-25,2833.0713,3083.9757,4174.57,5103.07,4512.46,5124.29,9181.97,30756.52
2022-03-28,2891.2458,3158.1376,4148.47,5078.44,4545.34,5187.17,9377.95,30957.12
2022-03-29,2898.9632,3173.1693,4134.14,5053.11,4535.4,5177.71,9343.56,31080.0
2022-03-30,2919.8326,3155.1461,4254.1,5174.75,4628.45,5244.39,9495.51,31472.9
2022-03-31,2951.8891,3185.0187,4222.6,5134.62,4644.27,5303.28,9603.23,31474.37
2022-04-01,2977.0563,3192.3061,4276.16,5170.98,4709.52,5357.43,9776.0,31851.78
2022-04-06,3023.9663,3209.7514,4263.84,5167.55,4764.07,5447.77,9948.97,31724.27
2022-04-07,2992.0749,3192.435,4209.1,5076.52,4696.4,5342.52,9775.03,31261.39
2022-04-08,3038.0786,3246.2344,4230.77,5078.0,4755.09,5399.54,9901.76,31236.75
2022-04-11,2990.1664,3191.3022,4100.07,4916.17,4670.85,5280.01,9743.05,30498.01
2022-04-12,2994.4452,3209.0717,4179.97,5001.97,4695.9,5264.82,9742.44,30971.08
2022-04-13,2999.8431,3253.1185,4139.74,4933.02,4668.29,5254.47,9674.0,30542.08
2022-04-14,3064.3511,3331.9394,4191.57,4993.45,4711.76,5379.79,9858.45,31210.1
2022-04-15,3026.2722,3277.8654,4188.75,4957.72,4729.9,5347.9,9810.36,31063.44
2022-04-18,2968.7235,3219.2138,4166.38,4957.23,4625.88,5276.56,9664.14,30919.92
2022-04-19,3005.0817,3273.7938,4134.9,4947.55,4617.4,5338.53,9781.88,30874.79
2022-04-20,2913.4294,3159.6529,4070.79,4867.24,4539.02,5182.91,9530.77,30236.26
2022-04-21,2845.1809,3074.3987,3995.83,4731.33,4494.73,5062.85,9358.57,29572.62
2022-04-22,2888.3718,3094.7242,4013.25,4718.91,4557.52,5128.4,9532.99,29724.91
2022-04-25,2752.5189,2922.7006,3814.91,4432.89,4356.68,4859.16,9154.52,28216.46
2022-04-26,2707.0141,2837.3221,3784.12,4351.27,4312.98,4766.71,9085.29,27997.3
2022-04-27,2767.5806,2931.0755,3895.54,4503.95,4349.69,4820.59,9154.35,28686.22
2022-04-28,2821.4513,3006.589,3921.11,4501.36,4404.62,4883.17,9353.19,28924.58
2022-04-29,2863.4012,3052.4324,4016.24,4647.02,4451.82,5019.23,9515.18,29724.52
2022-05-05,2877.0274,3063.2927,4010.21,4676.85,4455.5,5052.01,9531.32,30026.68
2022-05-06,2803.5535,2999.4445,3908.82,4580.55,4346.29,4921.83,9251.31,29373.76
2022-05-09,2799.9799,2988.7727,3877.44,4587.44,4323.25,4934.04,9306.27,29273.2
2022-05-10,2785.612,2960.1925,3919.87,4651.72,4353.7,4930.67,9397.05,29354.47
2022-05-11,2792.6056,2996.6946,3976.42,4703.87,4345.46,4923.27,9385.6,29735.78
2022-05-12,2769.1505,2971.9152,3958.74,4704.52,4315.7,4911.54,9390.53,29666.07
2022-05-13,2828.781,3040.3268,3988.6,4739.19,4377.59,5028.31,9615.24,29933.44
2022-05-16,2852.697,3071.1486,3956.54,4721.8,4351.9,5078.78,9661.59,29693.97
2022-05-17,2844.3619,3093.136,4005.89,4759.94,4380.1,5040.82,9562.19,29859.04
2022-05-18,2819.8224,3070.776,3991.91,4755.46,4361.85,5006.19,9507.8,29623.13
2022-05-19,2824.2255,3067.3562,3999.6,4778.54,4364.1,5024.25,9560.74,29462.06
2022-05-20,2876.3981,3154.477,4077.6,4857.26,4434.44,5070.66,9583.64,30044.74
2022-05-23,2880.0637,3189.2659,4053.98,4868.52,4406.82,5084.99,9536.69,30075.93
2022-05-24,2824.7234,3135.8545,3959.15,4714.13,4341.06,4951.53,9324.18,29251.07
2022-05-25,2860.9691,3192.792,3983.18,4769.14,4372.81,5031.29,9481.18,29316.38
2022-05-26,2906.14,3250.0929,3993.04,4792.16,4400.22,5081.99,9592.52,29437.56
2022-05-27,2911.4143,3267.0663,4001.3,4795.29,4412.8,5074.43,9629.77,29613.24
2022-05-30,2896.5972,3260.2272,4029.02,4834.67,4391.91,5072.06,9603.11,29797.03
2022-05-31,2901.7639,3259.3006,4091.52,4901.99,4416.97,5070.53,9579.25,30387.81
2022-06-01,2909.0068,3286.281,4083.18,4904.74,4406.25,5093.22,9603.07,30470.02
2022-06-02,2879.7423,3250.6403,4089.57,4931.21,4381.35,5054.23,9504.91,30198.64
2022-06-06,2896.5034,3301.7033,4166.09,5027.55,4389.83,5073.12,9495.2,30812.13
2022-06-07,2900.6777,3296.1775,4179.13,5031.34,4404.92,5087.42,9504.98,31305.8
2022-06-08,2944.8745,3376.3362,4219.81,5061.66,4428.34,5125.17,9583.0,31623.93
2022-06-09,2947.0168,3368.5815,4175.67,4994.07,4444.73,5100.76,9602.12,31206.98
2022-06-10,2958.0149,3389.3847,4238.99,5079.69,4478.1,5134.13,9613.74,31640.9
2022-06-13,2915.3038,3353.7869,4189.35,5058.04,4405.64,5071.64,9424.31,31325.45
2022-06-14,2957.8593,3401.2364,4222.31,5084.09,4490.81,5143.29,9554.13,31376.74
2022-06-15,2965.9055,3380.8773,4278.22,5111.96,4587.52,5137.36,9564.9,31608.48
2022-06-16,2903.4709,3311.2157,4250.06,5107.8,4489.63,5058.37,9423.49,31441.75
2022-06-17,2900.3786,3307.3922,4309.04,5165.79,4504.53,5056.85,9388.35,31550.46
2022-06-20,2859.3647,3239.02,4330.43,5200.68,4470.81,5035.07,9355.56,31680.07
2022-06-21,2851.9619,3250.8164,4325.57,5177.68,4493.24,5037.47,9399.9,31566.06
2022-06-22,2802.3087,3206.2946,4270.62,5111.06,4427.71,4970.58,9247.94,31097.27
2022-06-23,2837.4494,3262.4728,4343.88,5208.37,4488.04,5039.95,9320.37,31511.57
2022-06-24,2844.1406,3259.3736,4394.77,5269.81,4488.03,5033.96,9278.25,31785.03
2022-06-27,2865.6539,3327.5135,4444.26,5322.66,4518.6,5079.56,9374.37,32180.31
2022-06-28,2890.2776,3384.3244,4490.52,5386.11,4541.21,5125.14,9418.79,32364.14
2022-06-29,2870.0608,3334.986,4421.36,5281.53,4532.05,5091.24,9470.7,32043.79
2022-06-30,2873.9061,3331.9729,4485.01,5350.83,4564.47,5106.47,9486.99,32700.74
2022-07-01,2887.6037,3351.3731,4466.72,5336.14,4560.65,5125.94,9493.64,32548.25
2022-07-04,2896.3562,3351.2304,4496.03,5381.56,4562.91,5143.81,9468.97,32760.06
2022-07-05,2927.9025,3392.4737,4489.54,5364.21,4566.36,5151.22,9498.3,32831.1
2022-07-06,2846.5948,3283.516,4423.97,5293.9,4487.01,5050.61,9284.25,31870.89
2022-07-07,2849.0058,3313.2835,4443.47,5329.09,4487.59,5081.07,9272.36,31805.21
2022-07-08,2827.3289,3288.061,4428.78,5308.52,4490.32,5070.86,9257.77,31686.58
2022-07-11,2773.0965,3207.3471,4354.62,5231.29,4454.62,4997.9,9187.53,31143.45
2022-07-12,2796.1566,3221.3756,4313.62,5167.81,4461.82,4997.94,9247.68,30858.66
2022-07-13,2789.8018,3214.8925,4321.46,5194.87,4420.3,5004.27,9220.19,30746.89
2022-07-14,2763.2306,3189.707,4322.07,5215.73,4347.16,4937.89,9048.75,30757.19
2022-07-15,2692.6615,3136.7179,4248.53,5133.32,4236.51,4813.94,8834.8,30308.38
2022-07-18,2759.6363,3224.4907,4292.59,5210.42,4318.18,4932.11,9019.45,30469.43
2022-07-19,2758.4241,3227.7675,4269.34,5214.09,4320.69,4951.39,9052.02,30557.11
2022-07-20,2760.2215,3226.6006,4283.8,5252.89,4327.91,4968.22,9063.08,30719.36
2022-07-21,2712.7188,3168.387,4236.06,5206.88,4249.8,4896.21,8882.81,30402.59
2022-07-22,2697.4061,3164.023,4238.23,5194.89,4260.06,4874.3,8877.22,30153.71
2022-07-25,2694.4995,3156.3399,4212.64,5151.87,4252.42,4869.84,8882.9,30198.81
2022-07-26,2724.8048,3192.1037,4245.98,5201.61,4290.75,4938.79,9010.45,30625.59
2022-07-27,2717.8448,3191.081,4225.04,5209.35,4265.94,4943.23,8975.58,30417.62
2022-07-28,2731.3065,3211.6581,4225.67,5224.38,4265.52,4962.89,8987.08,30425.25
2022-07-29,2710.5952,3177.1701,4170.1,5174.98,4227.71,4921.72,8897.19,29663.31
2022-08-01,2717.0052,3203.8858,4188.68,5206.5,4197.98,4937.89,8895.66,29951.76
2022-08-02,2645.023,3116.5819,4107.02,5069.12,4109.94,4798.78,8682.35,29289.52
2022-08-03,2614.9909,3076.0445,4066.98,5026.75,4063.67,4736.11,8567.44,29149.87
2022-08-04,2623.0231,3077.2369,4101.54,5069.67,4099.25,4762.28,8634.61,29493.52
2022-08-05,2631.2036,3079.4069,4156.91,5142.27,4137.03,4797.14,8680.25,29842.75
2022-08-08,2668.8667,3133.2455,4148.07,5169.24,4135.81,4873.23,8766.1,30034.36
2022-08-09,2686.3276,3165.8793,4156.29,5184.38,4129.65,4883.65,8792.35,30166.1
2022-08-10,2672.7965,3153.009,4109.74,5158.4,4104.25,4862.62,8767.35,29849.31
2022-08-11,2709.7224,3182.4674,4193.54,5245.26,4183.97,4923.72,8874.85,30355.56
2022-08-12,2736.7778,3219.0858,4191.15,5228.89,4199.99,4957.35,8936.2,30666.1
2022-08-15,2741.0273,3234.2225,4185.68,5241.73,4175.8,4969.85,8934.0,30595.59
2022-08-16,2741.9115,3246.5959,4177.84,5254.11,4175.2,4996.1,8949.36,30384.38
2022-08-17,2745.2383,3245.7701,4216.96,5284.56,4212.4,5012.05,8989.26,30510.15
2022-08-18,2715.9119,3208.6915,4180.1,5265.72,4165.98,4969.34,8906.01,30163.2
2022-08-19,2733.4923,3226.5054,4151.07,5209.72,4193.7,5007.0,8992.26,30148.15
2022-08-22,2763.6047,3270.3187,4181.4,5250.74,4202.99,5050.92,9063.27,30550.99
2022-08-23,2772.4242,3295.1795,4161.08,5245.85,4180.78,5075.63,9066.28,30399.14
2022-08-24,2739.4225,3240.8004,4082.42,5110.53,4156.36,4984.46,8973.57,29898.4
2022-08-25,2805.7408,3313.5037,4116.24,5127.57,4228.49,5073.62,9184.36,30568.83
2022-08-26,2777.9643,3267.3803,4107.55,5109.44,4208.96,5051.22,9159.54,30460.79
2022-08-29,2796.7604,3302.5661,4089.52,5112.72,4197.16,5090.85,9224.34,30363.77
2022-08-30,2762.8002,3238.6852,4075.79,5089.1,4199.56,5060.86,9238.34,30096.18
2022-08-31,2745.986,3189.3837,4078.84,5017.15,4243.01,5009.62,9188.83,30047.92
2022-09-01,2776.496,3223.8048,4043.74,4983.7,4230.87,5043.03,9291.29,30007.53
2022-09-02,2766.8202,3208.5274,4023.61,4994.81,4214.54,5040.13,9271.14,29798.27
2022-09-05,2825.1353,3291.9166,4015.43,4999.18,4247.83,5115.83,9450.2,29888.02
2022-09-06,2870.7238,3346.7111,4052.28,5066.94,4276.24,5201.74,9554.32,30318.59
2022-09-07,2860.3337,3347.7745,4054.98,5080.88,4261.98,5187.12,9562.35,30104.27
2022-09-08,2853.8429,3330.9115,4037.68,5048.68,4263.11,5168.47,9573.36,29945.52
2022-09-09,2895.3752,3362.7849,4093.79,5087.47,4333.12,5222.86,9690.41,30307.96
2022-09-13,2882.4356,3331.8677,4111.11,5097.08,4337.5,5187.63,9633.8,30326.37
2022-09-14,2855.5997,3296.621,4065.36,5044.05,4296.84,5144.59,9562.09,29956.41
2022-09-15,2872.294,3274.2379,4027.12,4951.87,4322.84,5134.27,9609.08,29839.85
2022-09-16,2770.6434,3139.311,3932.68,4836.37,4193.34,4975.15,9321.73,28934.83
2022-09-19,2763.8974,3136.1597,3928.0,4808.79,4191.1,4975.77,9323.48,29005.2
2022-09-20,2757.9383,3149.3616,3932.84,4842.25,4155.38,4980.39,9276.14,29219.5
2022-09-21,2776.6426,3178.6012,3903.73,4828.52,4164.48,5020.62,9353.07,28988.75
2022-09-22,2781.1455,3202.8586,3869.34,4803.13,4144.42,5015.05,9313.11,28860.77
2022-09-23,2768.0272,3165.5247,3856.02,4750.71,4148.1,4962.21,9232.71,28524.23
2022-09-26,2698.8425,3064.377,3836.68,4705.37,4076.88,4872.49,9069.09,28405.9
2022-09-27,2719.4303,3088.0027,3892.3,4788.62,4099.65,4930.36,9165.68,29106.23
2022-09-28,2687.567,3034.4486,3828.71,4680.74,4059.77,4869.64,9085.24,28811.16
2022-09-29,2679.0587,3049.9441,3827.14,4676.93,4021.17,4846.59,9012.16,29085.93
2022-09-30,2699.0188,3058.3701,3804.89,4631.68,4052.3,4869.99,9050.86,29133.24
2022-10-10,2700.0778,3064.58,3720.94,4537.69,4031.78,4856.02,9090.0,28811.98
2022-10-11,2690.5123,3064.4026,3727.69,4559.23,4022.89,4856.67,9078.45,28620.03
2022-10-12,2736.1776,3104.3209,3784.31,4655.92,4070.11,4924.67,9195.5,28931.21
2022-10-13,2692.6034,3052.9051,3752.67,4651.48,4020.17,4878.3,9109.1,28679.12
2022-10-14,2725.7321,3088.3386,3842.47,4762.02,4063.96,4934.51,9171.86,29625.83
2022-10-17,2730.339,3092.6462,3846.41,4790.52,4065.47,4935.9,9137.37,29537.57
2022-10-18,2721.969,3086.9734,3838.27,4795.51,4050.09,4941.31,9105.9,29780.66
2022-10-19,2698.771,3073.6875,3776.53,4736.7,4004.66,4901.75,9061.76,29411.41
2022-10-20,2676.833,3040.6003,3754.93,4711.96,3981.35,4855.5,8991.57,29231.84
2022-10-21,2681.5218,3063.8256,3742.89,4706.91,3981.1,4878.47,9023.55,29250.37
2022-10-24,2616.6901,3002.3982,3633.37,4613.74,3872.57,4772.91,8818.34,28460.98
2022-10-25,2603.6365,2993.6286,3627.45,4603.81,3873.86,4753.56,8769.66,28006.54
2022-10-26,2593.9672,2986.6482,3656.9,4666.43,3856.42,4741.76,8702.83,28326.67
2022-10-27,2611.3194,3001.3173,3631.14,4640.72,3853.44,4754.5,8745.69,28505.15
2022-10-28,2558.6497,2942.8467,3541.33,4503.14,3784.25,4628.83,8592.95,27972.83
2022-10-31,2487.805,2868.0886,3508.7,4500.13,3707.89,4562.0,8378.54,27710.94
2022-11-01,2534.5476,2915.2566,3634.17,4634.42,3789.77,4622.14,8459.1,28167.15
2022-11-02,2557.181,2967.7549,3677.81,4692.07,3809.22,4679.53,8569.74,28583.08
2022-11-03,2539.7103,2954.8186,3647.9,4683.03,3773.24,4654.33,8500.42,28493.37
2022-11-04,2600.3399,3025.1289,3767.17,4808.23,3865.37,4750.54,8644.02,29247.25
2022-11-07,2631.2963,3053.4358,3775.3,4820.8,3882.05,4784.93,8685.95,29242.88
2022-11-08,2626.3827,3037.7249,3749.33,4800.07,3873.9,4790.02,8688.21,29054.83
2022-11-09,2614.2008,3020.518,3714.27,4774.9,3866.5,4795.23,8678.29,28872.39
2022-11-10,2613.457,3009.7179,3685.69,4740.97,3867.91,4793.47,8693.6,28746.14
2022-11-11,2677.6242,3063.8575,3788.44,4817.24,3995.08,4900.02,8918.7,29307.19
2022-11-14,2674.4619,3022.4593,3794.02,4810.85,4040.58,4914.24,8892.16,29616.39
2022-11-15,2709.3638,3053.774,3865.97,4905.34,4089.33,4961.88,8935.43,30275.71
2022-11-16,2702.9793,3053.8436,3834.39,4872.57,4063.38,4943.74,8906.29,29884.39
2022-11-17,2684.7781,3016.7612,3818.66,4869.63,4049.24,4924.2,8875.63,30019.65
2022-11-18,2667.4432,3001.9538,3801.57,4842.81,4023.01,4891.54,8825.12,29967.15
2022-11-21,2643.7444,2990.5176,3769.13,4831.03,3993.99,4894.16,8790.67,29793.7
2022-11-22,2678.5928,3048.797,3769.57,4798.73,4063.44,4899.19,8885.25,29509.58
2022-11-23,2692.3582,3074.7512,3773.53,4792.97,4082.73,4910.77,8944.54,29315.5
2022-11-24,2697.3803,3073.7353,3756.81,4789.02,4070.74,4945.97,8984.99,29502.11
2022-11-25,2747.6993,3133.2905,3775.78,4777.88,4163.68,5007.61,9158.58,29632.72
2022-11-28,2717.0479,3118.6321,3733.24,4743.22,4098.97,4986.38,9108.97,29422.08
2022-11-29,2793.146,3162.4598,3848.42,4855.44,4253.5,5129.63,9378.73,30342.37
2022-11-30,2796.157,3179.6123,3853.04,4857.84,4244.7,5120.05,9362.46,30339.08
2022-12-01,2781.3385,3181.3136,3894.77,4902.41,4241.41,5093.58,9299.57,30512.79
2022-12-02,2763.2182,3158.1343,3870.95,4893.82,4205.7,5077.22,9230.31,30288.32
2022-12-05,2853.7472,3276.9434,3946.88,4956.84,4352.86,5151.15,9385.64,30613.4
2022-12-06,2853.3718,3251.339,3968.2,4963.62,4338.71,5125.57,9344.86,30670.51
2022-12-07,2819.9228,3220.1191,3958.44,4957.98,4288.55,5095.95,9290.18,30565.63
2022-12-08,2820.7549,3220.9123,3959.18,4947.63,4304.68,5106.72,9321.29,30595.0
2022-12-09,2838.6906,3228.7243,3998.24,4973.35,4344.44,5151.55,9279.63,31020.65
2022-12-12,2773.6986,3189.7727,3953.44,4936.63,4254.63,5077.86,9153.66,31018.92
2022-12-13,2789.7288,3191.9792,3945.68,4917.09,4272.84,5101.6,9201.18,30873.99
2022-12-14,2794.3077,3181.9099,3954.89,4913.74,4268.93,5082.25,9165.71,30890.69
2022-12-15,2761.8496,3151.1675,3951.99,4919.81,4227.3,5030.61,9069.04,30723.85
2022-12-16,2787.6993,3161.5067,3954.23,4897.95,4272.24,5083.34,9168.83,30697.13
2022-12-19,2723.5059,3073.1105,3893.22,4806.92,4178.15,4978.93,9009.5,29922.84
2022-12-20,2702.5147,3062.3339,3829.02,4749.95,4128.66,4928.73,8918.5,29508.68
2022-12-21,2702.9456,3055.2337,3830.54,4733.77,4134.53,4930.9,8914.3,29562.34
2022-12-22,2691.869,3024.0608,3836.03,4703.35,4135.21,4896.18,8863.29,29355.6
2022-12-23,2686.5598,3034.3391,3828.22,4689.82,4130.25,4890.01,8829.07,29395.72
2022-12-26,2668.8604,3053.3154,3843.49,4739.47,4106.78,4877.97,8815.64,29475.87
2022-12-27,2707.1467,3090.7507,3887.85,4782.14,4164.34,4928.71,8921.88,29801.53
2022-12-28,2710.9216,3072.9316,3871.26,4751.54,4176.35,4936.9,8927.98,29764.56
2022-12-29,2673.6044,3017.4961,3856.7,4737.12,4139.18,4892.79,8860.3,29800.79
2022-12-30,2697.1849,3021.7248,3871.63,4756.62,4174.25,4925.86,8920.76,29826.37
2023-01-03,2720.3022,3090.8984,3887.9,4815.92,4196.96,4957.78,8971.98,29958.22
2023-01-04,2743.5793,3079.6293,3892.95,4821.47,4257.64,4996.91,9036.88,29929.25
2023-01-05,2763.2572,3083.0117,3968.58,4887.54,4276.45,5010.51,9033.07,30456.97
2023-01-06,2767.0896,3083.8181,3980.89,4895.24,4279.7,5000.11,9023.29,30453.99
2023-01-09,2776.3323,3102.7708,4013.12,4928.5,4301.61,4997.31,9019.69,30833.03
2023-01-10,2752.7117,3083.1715,4017.47,4932.2,4260.41,4969.0,8957.52,30906.38
2023-01-11,2795.9214,3134.4461,4010.03,4909.22,4299.53,4995.85,8991.57,30959.88
2023-01-12,2804.0439,3150.6665,4017.87,4914.2,4301.81,4976.54,8977.9,31069.28
2023-01-13,2837.8723,3160.9466,4074.38,4959.14,4351.9,5019.25,9062.94,31579.81
2023-01-16,2855.2803,3153.9111,4137.96,5023.43,4383.52,5038.56,9092.93,32151.14
2023-01-17,2840.5207,3136.2689,4137.24,5022.05,4374.04,5030.96,9074.93,31866.68
2023-01-18,2845.1169,3166.389,4130.31,5025.95,4371.32,5036.72,9108.95,31645.53
2023-01-19,2865.8748,3181.3371,4156.01,5059.34,4389.55,5057.06,9134.04,32059.12
2023-01-20,2907.2623,3278.2683,4181.53,5096.78,4429.81,5106.67,9214.22,32142.31
2023-01-30,2890.9243,3247.7594,4201.35,5132.83,4417.26,5088.46,9209.17,32236.6
2023-01-31,2887.9558,3253.9738,4156.86,5112.41,4392.88,5099.71,9226.94,31868.66
2023-02-01,2911.7292,3278.5182,4195.93,5175.55,4415.47,5115.41,9272.96,32153.19
2023-02-02,2906.7838,3292.8592,4181.15,5172.52,4392.42,5123.74,9279.01,32556.0
2023-02-03,2877.0375,3266.4757,4141.63,5143.68,4345.15,5078.34,9207.44,32432.0
2023-02-06,2851.6886,3243.7702,4086.88,5100.22,4295.57,5049.8,9189.12,32116.55
2023-02-07,2868.5356,3248.1122,4094.23,5117.06,4321.26,5076.74,9227.2,32031.21
2023-02-08,2856.4799,3217.4325,4076.14,5089.44,4305.35,5054.09,9172.01,31878.68
2023-02-09,2886.2298,3244.9826,4130.86,5160.82,4338.64,5091.42,9249.51,32327.0
2023-02-10,2871.0082,3223.6156,4106.31,5139.43,4329.82,5093.73,9273.12,32165.2
2023-02-13,2888.999,3239.3343,4143.57,5188.13,4335.79,5111.87,9307.22,32569.93
2023-02-14,2907.4227,3247.0975,4145.29,5192.17,4353.38,5138.18,9357.24,32646.44
2023-02-15,2888.5642,3253.0144,4123.69,5180.86,4323.06,5106.61,9330.38,32630.91
2023-02-16,2870.385,3262.8487,4093.49,5109.81,4306.92,5062.8,9282.26,32397.87
2023-02-17,2869.1757,3244.3963,4034.51,5054.77,4271.4,5069.23,9251.96,32250.2
2023-02-20,2958.1019,3375.7143,4133.49,5152.0,4406.64,5182.75,9472.61,32954.32
2023-02-21,3003.2756,3425.001,4144.35,5171.26,4435.67,5241.19,9565.72,32962.72
2023-02-22,2993.7048,3381.618,4106.95,5149.38,4394.63,5244.3,9568.1,33026.53
2023-02-23,2998.5708,3366.0608,4103.65,5139.31,4394.92,5251.4,9570.01,32963.53
2023-02-24,2978.8201,3356.4206,4061.05,5105.6,4353.24,5230.06,9547.34,32792.44
2023-02-27,2966.7196,3357.8516,4043.84,5076.6,4328.72,5222.78,9497.14,32770.45
2023-02-28,2979.7383,3396.4277,4069.46,5115.27,4360.33,5245.94,9550.35,32964.89
2023-03-01,3028.5374,3485.6321,4126.94,5169.95,4440.27,5281.48,9620.14,33257.29
2023-03-02,3046.0219,3507.5654,4117.74,5154.21,4460.22,5304.99,9679.78,33213.47
2023-03-03,3069.0108,3557.2247,4130.55,5161.79,4502.54,5327.93,9767.41,33076.17
2023-03-06,3040.9173,3548.2862,4109.01,5154.66,4440.71,5302.98,9751.51,32952.15
2023-03-07,3022.8061,3549.1933,4048.85,5066.12,4409.59,5271.29,9718.34,32403.25
2023-03-08,3017.5305,3573.1302,4034.11,5071.47,4394.45,5267.15,9716.93,32447.72
2023-03-09,3014.732,3598.4727,4019.85,5061.66,4374.15,5250.3,9689.27,32382.4
2023-03-10,2947.1214,3515.4503,3967.14,4993.51,4301.8,5156.62,9518.53,32027.38
2023-03-13,3011.247,3647.196,4008.69,5031.03,4364.08,5219.06,9648.84,32574.24
2023-03-14,2974.8896,3621.0153,3984.7,4989.8,4327.4,5175.87,9591.21,32062.54
2023-03-15,3009.4673,3633.4703,3986.9,5007.39,4374.17,5238.44,9756.98,32017.84
2023-03-16,2963.5735,3551.2091,3939.15,4937.71,4341.0,5189.85,9665.46,31858.42
2023-03-17,3015.1246,3623.3455,3958.82,4967.68,4384.81,5220.77,9788.07,31897.68
2023-03-20,2993.7957,3528.9114,3939.08,4948.42,4345.03,5196.13,9758.34,31553.66
2023-03-21,2985.5062,3520.8419,3982.38,5009.77,4339.17,5195.35,9719.66,32018.38
2023-03-22,2998.1129,3541.996,3999.44,5034.08,4372.74,5219.88,9783.46,32164.59
2023-03-23,3022.7043,3581.8642,4039.09,5065.68,4414.06,5224.2,9789.92,32444.76
2023-03-24,2989.1529,3516.637,4027.05,5060.34,4359.73,5181.61,9718.89,32414.14
2023-03-27,2958.2848,3474.4052,4012.48,5055.62,4315.55,5139.55,9635.93,32434.89
2023-03-28,2956.4613,3498.6675,3999.51,5027.03,4318.42,5141.4,9663.72,32360.99
2023-03-29,2941.9922,3477.9406,4006.14,5021.84,4297.2,5126.52,9611.0,32573.91
2023-03-30,2990.3295,3510.2105,4038.53,5040.63,4337.13,5158.66,9664.32,32956.04
2023-03-31,2995.4743,3545.4671,4050.93,5074.03,4337.26,5175.89,9694.85,33130.76
2023-04-03,3021.6702,3579.562,4090.57,5128.98,4368.74,5199.37,9781.02,33268.36
2023-04-04,3042.1465,3652.2824,4103.11,5125.26,4414.48,5217.98,9840.61,33324.05
2023-04-06,3022.3294,3622.6318,4096.64,5123.78,4400.56,5185.44,9755.86,33165.35
2023-04-07,3034.9534,3601.7012,4123.28,5162.81,4416.9,5205.39,9748.43,33347.5
2023-04-10,3049.4051,3608.8394,4104.81,5121.36,4426.77,5206.9,9761.02,32856.97
2023-04-11,3065.6185,3592.7103,4100.15,5124.77,4433.28,5240.32,9868.34,32930.12
2023-04-12,3113.2075,3665.4468,4097.29,5139.65,4469.94,5292.26,10022.25,33088.94
2023-04-13,3098.3968,3653.5029,4068.98,5105.75,4455.12,5293.25,10040.83,32905.1
2023-04-14,3106.2199,3686.2659,4092.0,5131.82,4476.72,5287.03,10005.38,32725.6
2023-04-17,3193.6892,3784.1467,4149.38,5168.22,4580.1,5359.76,10147.15,32843.28
2023-04-18,3221.5223,3817.8379,4162.03,5167.22,4617.41,5379.56,10162.85,32976.37
2023-04-19,3206.6764,3772.8864,4124.56,5134.1,4567.1,5374.94,10175.87,33011.6
2023-04-20,3236.2687,3788.4279,4113.02,5123.43,4589.45,5383.53,10251.08,32925.93
2023-04-21,3174.8996,3727.2722,4032.57,5003.55,4498.9,5318.82,10100.73,32297.45
2023-04-24,3168.6738,3705.8649,3982.64,4959.07,4461.08,5314.87,10118.92,31969.51
2023-04-25,3173.7176,3713.7496,3962.67,4902.1,4477.7,5332.14,10196.45,31828.01
2023-04-26,3161.2422,3682.1394,3959.23,4915.13,4439.14,5345.38,10203.02,31825.63
2023-04-27,3203.0972,3701.974,3988.42,4932.27,4496.77,5357.91,10236.86,31875.81
2023-04-28,3251.1103,3786.8407,4029.09,4998.81,4562.36,5414.95,10414.86,32136.49
2023-05-04,3287.9769,3808.3025,4030.25,5010.52,4639.37,5523.84,10694.36,32507.2
2023-05-05,3279.5352,3778.3908,4016.88,4976.58,4660.64,5537.91,10720.84,32157.39
2023-05-08,3366.0915,3936.9968,4062.66,5021.7,4794.13,5653.01,11032.54,32324.07
2023-05-09,3324.6988,3891.2691,4027.88,4965.36,4742.56,5607.72,10909.38,32009.52
2023-05-10,3266.9832,3833.7888,3996.87,4951.69,4640.38,5499.45,10636.99,31853.38
2023-05-11,3250.0846,3790.0231,3990.66,4950.45,4626.39,5495.85,10604.27,31883.85
2023-05-12,3210.6695,3729.885,3937.76,4888.84,4561.45,5463.14,10481.21,31432.7
2023-05-15,3235.4075,3750.7539,3998.89,4948.33,4620.95,5461.78,10442.18,31629.71
2023-05-16,3211.5224,3722.2202,3978.21,4913.2,4589.71,5423.52,10335.14,31471.15
2023-05-17,3180.0178,3691.688,3960.17,4916.86,4551.67,5396.71,10302.98,31360.43
2023-05-18,3205.8205,3720.4057,3956.07,4924.36,4573.54,5426.51,10408.32,31399.81
2023-05-19,3176.4944,3694.5253,3944.54,4916.98,4520.25,5360.59,10242.63,31652.29
2023-05-22,3177.084,3688.0794,3969.33,4934.47,4531.88,5355.01,10217.35,31724.27
2023-05-23,3128.8159,3621.794,3913.19,4873.94,4451.78,5287.39,10067.57,31516.87
2023-05-24,3069.7057,3565.7465,3859.09,4833.62,4351.16,5211.99,9927.11,31152.36
2023-05-25,3054.6762,3545.5786,3850.5,4824.01,4347.35,5188.24,9867.88,30903.38
2023-05-26,3050.8715,3537.9046,3850.95,4841.93,4371.25,5233.14,10007.51,31139.23
2023-05-29,3080.3706,3576.6914,3833.94,4824.92,4389.3,5268.17,10061.11,31289.49
2023-05-30,3090.2626,3595.9938,3837.75,4841.24,4397.08,5262.09,10096.06,31283.69
2023-05-31,3048.6608,3535.4548,3798.54,4814.79,4361.49,5214.21,10014.99,30933.98
2023-06-01,3052.5852,3559.9156,3806.87,4825.01,4358.06,5195.67,10055.85,30980.48
2023-06-02,3087.1264,3584.1926,3861.83,4877.55,4414.81,5225.23,10065.41,31186.04
2023-06-05,3092.3869,3594.4898,3844.25,4871.86,4415.17,5252.58,10177.22,31114.15
2023-06-06,3084.7175,3595.2008,3808.16,4799.35,4401.2,5209.35,10104.8,30553.65
2023-06-07,3099.7018,3589.2932,3789.34,4794.77,4415.92,5247.88,10197.94,30305.33
2023-06-08,3116.5938,3622.2248,3820.19,4799.24,4487.25,5295.2,10273.08,30065.38
2023-06-09,3115.647,3667.3631,3836.7,4827.0,4489.87,5284.15,10279.21,30254.28
2023-06-12,3120.2934,3668.4882,3844.43,4844.86,4459.16,5252.32,10201.99,30560.06
2023-06-13,3104.0046,3629.1502,3864.91,4866.3,4457.93,5243.4,10191.8,30566.61
2023-06-14,3102.5745,3642.0179,3864.02,4870.51,4421.48,5214.89,10105.94,30958.39
2023-06-15,3108.3341,3653.0625,3925.5,4921.72,4445.93,5216.58,10082.82,31121.43
2023-06-16,3106.8061,3678.9404,3963.35,4965.48,4460.97,5197.77,10059.87,31275.46
2023-06-19,3057.0596,3646.0681,3930.91,4949.89,4403.31,5132.54,9898.92,31088.15
2023-06-20,3036.9257,3606.9974,3924.24,4941.42,4364.2,5090.26,9795.54,30965.68
2023-06-21,3018.8398,3571.9663,3864.03,4853.02,4323.44,5040.7,9678.32,30311.23
2023-06-26,2973.9483,3528.0602,3809.7,4770.78,4252.13,4974.28,9506.51,29608.95
2023-06-27,3040.6942,3605.0016,3845.43,4828.32,4321.72,5060.82,9695.73,30122.77
2023-06-28,3055.4337,3623.0917,3840.8,4815.63,4323.28,5084.63,9714.63,30214.6
2023-06-29,3039.9962,3602.0404,3821.84,4818.68,4302.31,5067.45,9664.07,30194.37
2023-06-30,3051.1436,3630.6192,3842.45,4859.89,4326.61,5072.55,9680.02,30257.87
2023-07-03,3117.7588,3707.5191,3892.88,4900.64,4406.76,5125.96,9814.65,30337.12
2023-07-04,3109.2803,3706.919,3899.01,4914.69,4386.12,5100.77,9762.05,30301.36
2023-07-05,3083.1918,3688.1293,3868.81,4877.96,4360.78,5086.77,9720.35,30090.25
2023-07-06,3068.8049,3670.5705,3842.75,4856.98,4341.92,5054.04,9691.26,29861.78
2023-07-07,3077.0491,3690.9309,3825.7,4831.17,4348.27,5072.59,9715.55,29760.9
2023-07-10,3078.6548,3685.6612,3844.33,4845.36,4343.7,5093.41,9749.63,29903.79
2023-07-11,3084.8097,3668.727,3869.49,4879.53,4363.98,5103.35,9771.39,30178.58
2023-07-12,3072.879,3638.9258,3843.44,4830.43,4333.42,5064.72,9718.66,29994.67
2023-07-13,3112.0853,3699.0355,3898.42,4891.43,4384.64,5113.9,9856.05,30435.92
2023-07-14,3110.3463,3709.1721,3899.1,4889.74,4410.23,5111.72,9867.7,30369.84
2023-07-17,3088.9213,3656.5824,3867.17,4862.88,4361.9,5060.94,9738.54,30155.21
2023-07-18,3090.4337,3645.7821,3854.94,4851.57,4337.99,5056.12,9704.49,30086.29
2023-07-19,3102.2219,3663.6942,3850.87,4844.29,4349.89,5076.31,9782.03,30153.7
2023-07-20,3074.3844,3638.5805,3823.69,4796.91,4323.81,5048.75,9693.34,30004.07
2023-07-21,3061.2449,3620.7501,3821.91,4791.52,4312.48,5046.85,9679.61,30091.79
2023-07-24,3050.0343,3603.2852,3805.22,4779.82,4298.63,5048.47,9687.46,29913.35
2023-07-25,3145.1788,3676.9331,3915.12,4885.71,4446.57,5132.84,9869.75,30659.84
2023-07-26,3131.9452,3655.929,3907.01,4867.53,4438.75,5142.0,9843.06,30468.81
2023-07-27,3115.3885,3638.2787,3902.35,4847.07,4437.94,5147.45,9861.41,30272.7
2023-07-28,3191.5974,3684.356,3992.74,4924.52,4579.12,5241.8,10016.12,30810.96
2023-07-31,3209.3551,3684.7969,4014.63,4959.94,4606.04,5278.66,10093.53,30787.21
2023-08-01,3208.5318,3696.627,3998.0,4948.38,4582.36,5283.46,10115.48,30533.76
2023-08-02,3174.9134,3639.9844,3969.9,4926.31,4530.69,5235.29,9980.77,30353.08
2023-08-03,3189.4003,3637.1495,4004.98,4948.64,4585.09,5264.09,9995.13,30590.55
2023-08-04,3192.7539,3647.7725,4020.58,4967.31,4601.89,5248.91,10013.5,30587.19
2023-08-07,3170.1964,3632.2402,3990.15,4934.83,4565.05,5203.11,9949.3,30285.78
2023-08-08,3171.182,3641.5764,3979.73,4918.2,4550.46,5195.85,9943.25,30397.69
2023-08-09,3147.1243,3612.8133,3967.57,4889.41,4537.77,5172.88,9869.21,30187.69
2023-08-10,3163.3846,3660.2376,3975.72,4898.82,4553.06,5185.83,9882.43,30242.13
2023-08-11,3094.6547,3584.1882,3884.25,4798.58,4441.27,5105.88,9728.56,29816.44
2023-08-14,3090.2971,3590.7994,3855.91,4789.02,4416.83,5103.19,9733.01,29916.88
2023-08-15,3096.6442,3592.1643,3846.54,4764.97,4443.37,5137.04,9783.73,29860.95
2023-08-16,3078.7921,3547.3021,3818.33,4722.82,4418.8,5134.51,9749.4,29617.26
2023-08-17,3084.8086,3561.6292,3831.1,4755.59,4403.32,5134.98,9739.64,29769.81
2023-08-18,3063.4352,3520.3502,3784.0,4683.69,4378.25,5112.66,9698.11,29195.3
2023-08-21,3013.5714,3483.4585,3729.56,4630.06,4306.18,5059.37,9636.35,28921.63
2023-08-22,3041.5837,3541.6821,3758.23,4661.4,4369.47,5099.76,9759.42,28972.62
2023-08-23,3027.9698,3534.0237,3696.63,4579.47,4325.51,5085.62,9748.03,28648.74
2023-08-24,3018.0846,3499.9687,3723.43,4600.32,4302.01,5061.56,9692.53,28992.14
2023-08-25,3015.7024,3478.0342,3709.15,4550.02,4314.05,5071.87,9694.42,28786.35
2023-08-28,3072.1005,3542.2309,3752.62,4598.06,4390.42,5141.93,9825.16,28964.26
2023-08-29,3084.775,3551.3598,3790.11,4690.31,4374.26,5151.08,9816.18,29361.85
2023-08-30,3067.8135,3537.4081,3788.51,4700.68,4340.02,5113.63,9734.73,29530.57
2023-08-31,3050.0657,3523.9283,3765.27,4672.31,4320.37,5060.9,9663.59,29458.0
2023-09-01,3105.1595,3604.0003,3791.49,4690.29,4379.32,5114.92,9735.9,29752.44
2023-09-04,3165.2691,3698.3205,3848.95,4759.88,4462.59,5194.16,9928.32,30037.83
2023-09-05,3139.8426,3687.2547,3820.32,4729.16,4413.97,5153.77,9820.69,29747.79
2023-09-06,3146.0967,3689.8222,3812.03,4732.82,4420.79,5152.7,9801.23,29656.55
2023-09-07,3132.4643,3686.6244,3758.47,4660.31,4390.13,5125.61,9769.43,29331.16
2023-09-08,3110.2246,3639.5963,3739.99,4654.75,4377.8,5092.1,9707.14,29073.73
2023-09-11,3134.3365,3678.7243,3767.54,4698.91,4396.58,5129.38,9789.87,29446.45
2023-09-12,3126.6884,3669.8656,3760.6,4693.46,4384.45,5122.77,9771.66,29345.48
2023-09-13,3129.7958,3690.0623,3736.65,4651.33,4372.87,5137.0,9798.49,29175.75
2023-09-14,3157.0174,3753.3949,3733.51,4636.86,4401.34,5188.45,9875.92,29202.78
2023-09-15,3147.2845,3738.4844,3708.78,4625.13,4368.29,5176.43,9863.61,29078.13
2023-09-18,3155.0815,3747.3251,3727.71,4644.68,4367.84,5182.17,9853.4,29356.79
2023-09-19,3163.2437,3767.992,3720.5,4619.89,4387.74,5216.85,9918.61,29283.76
2023-09-20,3154.1461,3754.7845,3705.69,4593.03,4383.02,5223.79,9939.16,29209.59
2023-09-21,3132.1282,3727.7068,3672.44,4557.44,4353.64,5189.76,9860.32,28918.91
2023-09-22,3165.6749,3743.9117,3738.93,4639.86,4422.0,5211.97,9935.76,29308.59
2023-09-25,3147.5014,3728.5615,3714.6,4615.13,4383.21,5201.56,9914.34,29264.92
2023-09-26,3131.2389,3709.2488,3692.89,4592.6,4358.37,5178.05,9892.51,29168.6
2023-09-27,3122.7796,3710.1838,3700.5,4608.98,4352.92,5160.21,9865.85,29290.57
2023-09-28,3125.9194,3732.196,3689.52,4621.41,4345.98,5161.13,9853.04,29190.4
2023-10-09,3118.3208,3741.155,3684.73,4609.57,4335.71,5142.71,9817.41,29109.44
2023-10-10,3063.1869,3659.8443,3657.13,4587.27,4289.53,5091.63,9715.7,28692.82
2023-10-11,3049.1968,3639.4045,3667.55,4597.76,4281.98,5075.79,9692.4,28688.01
2023-10-12,3080.9419,3660.3389,3702.38,4634.92,4337.99,5127.17,9815.07,28732.51
2023-10-13,3062.1102,3656.7379,3663.41,4600.13,4315.47,5120.71,9797.91,28451.61
2023-10-16,3071.5757,3682.9739,3626.6,4560.09,4300.56,5130.52,9843.46,28235.18
2023-10-17,3094.2379,3712.969,3639.4,4566.25,4325.46,5140.49,9892.17,28272.02
2023-10-18,3070.425,3681.0888,3610.58,4511.9,4302.24,5093.11,9841.14,27842.12
2023-10-19,3014.5791,3607.5359,3533.54,4439.93,4207.6,5008.19,9654.91,27325.92
2023-10-20,2993.4696,3579.9246,3510.59,4402.69,4185.6,4982.37,9592.96,27083.76
2023-10-23,2958.0942,3543.3005,3474.24,4327.13,4140.72,4915.65,9453.14,26780.88
2023-10-24,2990.799,3569.0992,3487.13,4373.52,4148.72,4953.04,9528.32,27069.71
2023-10-25,2998.2028,3560.7778,3504.46,4409.52,4158.66,4997.21,9627.66,27086.63
2023-10-26,3003.4504,3570.4266,3514.14,4426.1,4174.96,5021.2,9672.92,27269.24
2023-10-27,3017.6178,3585.7584,3562.39,4490.1,4179.02,5041.47,9700.25,27837.45
2023-10-30,2987.4168,3533.9351,3583.77,4533.61,4137.71,4989.67,9533.76,27950.54
2023-10-31,2998.9008,3543.4393,3572.51,4515.15,4142.57,4998.89,9548.63,27889.1
2023-11-01,2992.2386,3535.3345,3571.03,4513.0,4128.39,4992.94,9550.38,27909.56
2023-11-02,2990.4753,3536.8893,3554.19,4477.81,4132.41,5001.2,9578.13,27766.72
2023-11-03,2987.5976,3545.5642,3584.14,4523.67,4140.66,4977.79,9528.66,27978.78
2023-11-06,2984.6117,3506.2914,3632.61,4601.01,4169.18,4969.89,9514.74,28189.91
2023-11-07,2971.5429,3520.2451,3619.76,4603.61,4155.58,4967.49,9519.92,28175.73
2023-11-08,2958.2116,3513.2664,3611.07,4604.26,4131.54,4961.33,9524.83,28322.08
2023-11-09,2973.5093,3571.3019,3612.83,4590.53,4137.61,4993.89,9551.31,28276.84
2023-11-10,2961.1198,3575.574,3586.49,4567.89,4107.71,4975.8,9484.58,28250.45
2023-11-13,2958.7609,3584.4913,3579.41,4585.24,4103.21,4984.7,9529.41,28151.45
2023-11-14,2950.3051,3572.9508,3582.06,4601.29,4115.04,4977.84,9529.6,28075.48
2023-11-15,2972.9116,3603.0357,3607.25,4629.33,4140.49,5002.09,9600.61,28249.78
2023-11-16,2962.0326,3597.7446,3572.36,4587.87,4118.89,4995.86,9601.51,28136.12
2023-11-17,2959.2909,3590.8347,3568.07,4602.61,4103.62,4982.95,9578.62,28186.37
2023-11-20,2967.9057,3597.2198,3576.32,4627.68,4108.78,4995.52,9596.85,28398.0
2023-11-21,2978.5854,3599.4828,3581.07,4617.59,4121.63,5014.03,9636.1,28534.07
2023-11-22,2966.1202,3591.4684,3544.42,4567.24,4097.48,4998.8,9620.97,28444.69
2023-11-23,2993.9494,3628.243,3561.52,4600.5,4116.55,5037.95,9657.73,28594.68
2023-11-24,2995.1888,3643.1691,3538.01,4558.18,4105.2,5041.07,9655.07,28689.31
2023-11-27,2987.6807,3663.3502,3511.94,4541.56,4073.39,5027.75,9609.33,28524.6
2023-11-28,2991.7756,3669.1177,3518.52,4559.44,4064.22,5027.38,9602.04,28635.82
2023-11-29,2988.6125,3673.1769,3488.31,4527.06,4019.8,4992.13,9513.56,28567.9
2023-11-30,2998.9028,3693.7155,3496.2,4522.11,4034.12,5008.61,9550.56,28650.09
2023-12-01,3012.5799,3710.2172,3482.88,4531.14,4036.47,5023.62,9597.39,28637.19
2023-12-04,3014.7388,3727.9517,3460.14,4516.04,4017.31,5024.14,9616.36,28474.41
2023-12-05,2966.257,3666.9698,3394.26,4431.26,3950.8,4959.32,9462.05,27957.82
2023-12-06,2966.494,3651.7848,3399.6,4445.61,3938.29,4957.19,9449.18,28002.37
2023-12-07,2963.9283,3639.3671,3391.28,4437.89,3938.83,4964.69,9466.39,28076.02
2023-12-08,2958.1428,3633.6636,3399.46,4433.67,3939.07,4963.75,9434.41,27928.84
2023-12-11,2997.5793,3672.6823,3419.45,4473.18,3958.2,5039.7,9560.73,28202.84
2023-12-12,3017.8065,3699.2138,3426.8,4483.39,3990.32,5078.07,9618.38,28208.07
2023-12-13,2987.2504,3653.5425,3369.61,4429.42,3936.1,5036.12,9540.93,27822.41
2023-12-14,2986.4119,3655.3605,3351.96,4410.01,3922.35,5031.52,9527.87,27693.83
2023-12-15,2968.5383,3634.4675,3341.55,4390.01,3910.1,5001.82,9467.9,27567.12
2023-12-18,2968.6449,3631.473,3329.37,4350.38,3913.63,4990.64,9460.72,27432.79
2023-12-19,2966.4169,3627.9526,3334.04,4354.54,3912.93,4981.94,9455.24,27446.2
2023-12-20,2932.8369,3607.6986,3297.5,4300.24,3878.23,4959.65,9437.41,27111.28
2023-12-21,2946.1988,3616.7921,3330.87,4334.65,3900.81,4954.71,9412.84,27341.42
2023-12-22,2955.7204,3637.5653,3337.23,4310.39,3922.28,4943.32,9416.01,27265.64
2023-12-25,2969.6268,3653.9691,3347.45,4314.54,3924.38,4951.06,9419.94,27288.03
2023-12-26,2949.2828,3632.3949,3324.79,4270.44,3910.11,4921.87,9410.36,27033.17
2023-12-27,2977.4453,3678.5602,3336.36,4292.67,3934.0,4950.14,9477.2,27208.27
2023-12-28,2992.6955,3661.1522,3414.54,4379.77,3984.35,4943.8,9440.79,27760.61
2023-12-29,3006.6071,3682.4529,3431.11,4421.96,4003.08,4969.67,9496.48,28021.0
2024-01-02,3033.716,3734.9014,3386.35,4390.83,3977.64,5020.99,9597.92,27741.78
2024-01-03,3057.7905,3778.6732,3378.3,4376.82,3999.36,5074.18,9718.84,27665.71
2024-01-04,3074.741,3810.3789,3347.05,4344.0,3992.33,5096.16,9797.79,27487.15
2024-01-05,3082.5871,3812.3811,3329.11,4292.79,4004.45,5099.25,9831.13,27236.24
2024-01-08,3058.6149,3782.1321,3286.06,4219.12,3973.86,5046.02,9740.64,26804.25
2024-01-09,3080.8042,3807.2232,3292.5,4231.06,3980.11,5074.4,9799.66,26995.47
2024-01-10,3061.724,3779.5143,3277.13,4204.0,3953.73,5046.52,9730.29,27070.57
2024-01-11,3046.8492,3750.6691,3295.67,4252.17,3952.27,5020.58,9668.83,27171.07
2024-01-12,3043.0532,3762.5711,3284.17,4230.09,3959.33,5032.42,9707.01,27057.4
2024-01-15,3068.6269,3800.4952,3280.92,4223.36,3979.51,5057.51,9777.74,27170.75
2024-01-16,3097.9066,3805.8765,3300.88,4228.42,4013.5,5075.15,9829.15,27261.15
2024-01-17,3056.0749,3754.0471,3229.08,4127.42,3964.73,5004.11,9701.19,26729.17
2024-01-18,3054.9861,3743.1806,3274.73,4147.01,3988.63,4971.3,9631.59,26983.61
2024-01-19,3033.693,3700.817,3269.78,4117.72,3978.37,4942.08,9573.97,26847.62
2024-01-22,2960.184,3615.8023,3218.9,3966.84,3938.42,4778.68,9301.46,25880.49
2024-01-23,2993.1962,3654.6911,3231.93,3997.06,3953.7,4835.93,9390.53,26181.56
2024-01-24,3072.6489,3764.8917,3277.11,4052.89,4048.54,4943.46,9614.97,26410.44
2024-01-25,3172.317,3949.3475,3342.92,4161.78,4155.22,5085.89,9904.65,26851.68
2024-01-26,3209.98,4011.1985,3333.82,4142.73,4195.17,5152.4,10044.07,26711.96
2024-01-29,3218.7347,4013.7478,3303.96,4065.92,4209.58,5166.21,10068.14,26502.13
2024-01-30,3177.0874,3986.9533,3245.04,3971.53,4168.6,5098.27,9942.79,26004.05
2024-01-31,3179.7689,3983.7861,3215.35,3874.62,4160.82,5079.34,9934.89,25515.39
2024-02-01,3144.252,3908.6091,3217.71,3856.96,4134.29,5028.79,9817.5,25601.74
2024-02-02,3135.5411,3908.3925,3179.63,3765.66,4127.57,5024.8,9823.68,25268.27
2024-02-05,3151.7216,3932.6526,3200.42,3666.37,4158.69,5020.68,9813.0,25371.96
2024-02-06,3209.6586,3950.4515,3311.69,3827.76,4234.13,5139.15,9977.46,26790.03
2024-02-07,3287.5447,4023.1,3343.63,3895.0,4247.81,5240.32,10116.72,27694.75
2024-02-08,3279.9091,4025.7862,3364.93,3985.4,4251.38,5244.22,10078.66,27752.12
2024-02-19,3352.4706,4192.5947,3403.81,4041.51,4323.49,5348.88,10327.2,27901.13
2024-02-20,3380.4106,4216.4131,3410.85,4057.94,4355.49,5410.19,10421.41,27989.53
2024-02-21,3386.4074,4215.4785,3456.87,4100.1,4416.24,5411.45,10467.65,28215.1
2024-02-22,3453.9456,4360.8489,3486.67,4150.67,4455.92,5490.4,10621.8,28358.7
2024-02-23,3430.3266,4326.0017,3489.74,4187.61,4453.49,5470.98,10618.29,28300.33
2024-02-26,3389.3434,4254.7049,3453.36,4182.33,4374.72,5374.68,10366.39,28305.45
2024-02-27,3426.2869,4288.7106,3494.79,4262.19,4398.6,5402.89,10425.79,28632.28
2024-02-28,3391.9251,4252.8136,3450.26,4136.21,4365.16,5352.36,10333.97,28163.27
2024-02-29,3433.9525,4277.0288,3516.08,4251.41,4405.75,5414.02,10434.74,28841.51
2024-03-01,3449.3094,4288.0424,3537.8,4286.5,4417.65,5414.24,10435.16,29004.87
2024-03-04,3485.5751,4387.1093,3540.87,4296.9,4416.99,5439.76,10491.73,29196.05
2024-03-05,3493.8405,4392.6374,3565.51,4286.67,4460.5,5469.15,10567.44,29310.94
2024-03-06,3489.6652,4398.0239,3551.05,4288.04,4439.08,5467.62,10565.15,29311.98
2024-03-07,3519.1891,4436.4221,3529.72,4249.46,4454.31,5493.8,10607.42,29113.0
2024-03-08,3535.1856,4488.3009,3544.91,4285.62,4469.04,5524.19,10674.12,29273.78
2024-03-11,3515.1536,4411.0039,3589.26,4352.16,4461.51,5482.49,10601.67,29705.24
2024-03-12,3445.2248,4288.4002,3597.49,4368.39,4415.26,5379.18,10337.87,29859.15
2024-03-13,3415.471,4301.7141,3572.36,4358.35,4371.03,5356.53,10307.16,29762.52
2024-03-14,3419.7067,4325.4125,3562.22,4339.61,4368.95,5370.83,10340.42,29677.73
2024-03-15,3410.9745,4322.0345,3569.99,4372.02,4374.43,5370.6,10369.81,29757.29
2024-03-18,3412.2253,4334.9672,3603.53,4430.66,4389.6,5357.79,10366.13,29959.19
2024-03-19,3398.481,4327.3943,3577.63,4401.3,4352.28,5338.32,10320.44,29832.51
2024-03-20,3409.993,4352.7174,3585.38,4424.51,4369.52,5359.21,10383.42,29813.65
2024-03-21,3400.3898,4356.0525,3581.09,4420.66,4372.28,5365.83,10428.28,29539.06
2024-03-22,3379.2429,4324.6429,3545.0,4370.85,4342.81,5347.74,10389.1,29315.99
2024-03-25,3371.4807,4342.6231,3525.76,4309.05,4343.73,5352.36,10408.86,29164.38
2024-03-26,3360.5357,4309.3935,3543.75,4314.0,4373.01,5348.76,10417.88,29233.49
2024-03-27,3341.535,4276.6837,3502.79,4221.59,4360.06,5330.7,10400.59,29025.69
2024-03-28,3366.0208,4313.3738,3520.96,4275.62,4354.94,5325.65,10373.75,29240.9
2024-03-29,3419.7377,4414.2786,3537.48,4310.67,4380.14,5380.73,10526.17,29522.42
2024-04-01,3455.9253,4426.4147,3595.65,4392.63,4427.76,5396.83,10554.08,30065.4
2024-04-02,3464.2121,4459.8039,3580.68,4374.78,4427.94,5416.89,10618.84,29825.42
2024-04-03,3500.8941,4523.1194,3567.8,4353.74,4421.5,5470.48,10709.46,29807.72
2024-04-08,3478.247,4504.0238,3536.41,4293.42,4415.54,5461.65,10756.88,29275.77
2024-04-09,3453.7786,4463.8597,3533.49,4315.47,4382.74,5441.75,10693.07,29370.47
2024-04-10,3444.6965,4481.7458,3504.71,4258.49,4364.24,5454.41,10720.3,29095.72
2024-04-11,3479.0446,4526.2636,3504.24,4265.38,4367.13,5502.44,10818.66,29207.78
2024-04-12,3466.9072,4517.939,3475.84,4235.38,4328.39,5483.85,10806.56,29143.03
2024-04-15,3564.5402,4626.9489,3549.08,4249.41,4433.75,5585.26,11027.53,29703.63
2024-04-16,3541.09,4600.3828,3511.11,4126.45,4423.8,5566.74,11017.18,29474.86
2024-04-17,3590.5161,4659.8022,3565.4,4251.51,4493.33,5669.06,11240.3,29749.54
2024-04-18,3617.1679,4631.5481,3569.8,4253.33,4518.54,5693.42,11288.09,29786.39
2024-04-19,3626.0215,4676.1708,3541.66,4226.22,4513.39,5710.27,11297.77,29607.77
2024-04-22,3548.0729,4535.0603,3530.9,4204.4,4470.97,5594.4,11066.45,29614.79
2024-04-23,3486.0558,4443.9794,3506.22,4183.7,4425.08,5501.33,10899.26,29424.27
2024-04-24,3501.1295,4453.6056,3521.62,4226.65,4438.0,5509.22,10875.19,29482.52
2024-04-25,3521.2288,4476.4832,3530.28,4234.66,4464.25,5536.79,10955.69,29357.52
2024-04-26,3563.0417,4508.021,3584.27,4305.35,4485.64,5502.14,10829.23,29910.72
2024-04-29,3567.6174,4466.5066,3623.91,4380.75,4505.65,5495.31,10783.65,30386.62
2024-04-30,3585.2594,4486.4847,3604.39,4353.88,4499.03,5499.66,10829.76,30374.0
2024-05-06,3666.8564,4499.0653,3657.88,4428.17,4532.79,5554.32,10902.4,31156.34
2024-05-07,3666.5417,4517.4748,3659.01,4435.58,4534.22,5556.5,10914.12,31149.51
2024-05-08,3649.5516,4542.9702,3630.22,4387.87,4517.09,5563.15,10960.58,30891.04
2024-05-09,3683.5624,4569.9356,3664.56,4441.63,4548.48,5602.73,11036.28,31291.08
2024-05-10,3714.646,4577.8279,3666.28,4425.06,4591.49,5628.3,11097.71,31193.98
2024-05-13,3721.7234,4554.0105,3664.69,4400.23,4609.32,5644.16,11173.93,31106.82
2024-05-14,3698.7434,4530.1502,3657.05,4405.66,4579.38,5627.96,11124.55,31164.12
2024-05-15,3679.7556,4511.8336,3626.06,4366.65,4557.6,5621.33,11106.59,30897.57
2024-05-16,3684.2,4479.4645,3640.36,4375.15,4595.05,5633.55,11117.9,30770.42
2024-05-17,3719.9498,4491.9634,3677.97,4424.81,4654.65,5689.08,11188.67,30904.07
2024-05-20,3756.6693,4586.4941,3690.96,4444.14,4660.76,5742.41,11301.93,30908.52
2024-05-21,3754.1251,4588.1129,3676.16,4414.56,4665.62,5757.02,11332.51,30751.96
2024-05-22,3737.6238,4563.0169,3684.45,4420.67,4672.38,5754.62,11307.78,30439.44
2024-05-23,3687.3755,4503.611,3641.79,4348.25,4628.58,5675.44,11192.78,30098.94
2024-05-24,3658.8888,4487.8367,3601.48,4302.13,4591.69,5650.87,11183.63,29789.15
2024-05-27,3727.6163,4581.2194,3635.71,4343.26,4652.21,5732.45,11376.35,30086.45
2024-05-28,3704.7068,4575.1321,3609.17,4305.39,4626.32,5705.08,11338.95,29884.99
2024-05-29,3711.7869,4612.5799,3613.52,4311.23,4614.91,5716.21,11336.88,29829.38
2024-05-30,3674.7891,4554.8401,3594.31,4288.48,4577.99,5664.77,11239.54,29573.1
2024-05-31,3665.2587,4545.8881,3579.92,4288.11,4563.28,5669.49,11239.3,29424.85
2024-06-03,3664.3225,4548.8335,3588.75,4264.53,4565.87,5634.79,11138.83,29287.33
2024-06-04,3683.8551,4533.7415,3615.67,4285.91,4584.09,5663.53,11164.93,29698.23
2024-06-05,3618.586,4463.9079,3594.79,4240.09,4546.01,5591.39,11009.06,29295.33
2024-06-06,3631.8877,4512.1485,3592.25,4190.2,4561.3,5596.1,11027.94,29250.17
2024-06-07,3624.6286,4533.2734,3574.11,4192.82,4569.57,5629.32,11110.08,28947.0
2024-06-11,3578.2987,4469.8249,3542.88,4184.72,4499.53,5535.75,10903.0,28971.59
2024-06-12,3617.7479,4570.0656,3544.12,4201.18,4503.87,5597.65,11025.91,29046.6
2024-06-13,3587.916,4529.6876,3526.13,4176.73,4473.38,5528.94,10899.07,28673.91
2024-06-14,3610.7923,4520.3652,3541.53,4188.78,4503.36,5514.71,10874.72,28570.17
2024-06-17,3565.5021,4471.9974,3536.2,4182.15,4463.15,5442.69,10760.39,28439.31
2024-06-18,3576.2965,4504.7403,3545.59,4207.65,4492.23,5460.87,10797.01,28368.38
2024-06-19,3555.7031,4499.913,3528.75,4177.57,4500.38,5438.2,10800.65,27920.24
2024-06-20,3535.8521,4490.4548,3503.28,4124.0,4487.18,5421.53,10798.77,27614.99
2024-06-21,3534.2726,4480.933,3495.62,4119.17,4487.26,5417.8,10771.26,27476.49
2024-06-24,3501.4989,4417.6758,3476.81,4045.24,4473.78,5347.62,10636.45,27361.93
2024-06-25,3513.1409,4428.4128,3457.9,4022.65,4473.48,5360.9,10656.02,27144.96
2024-06-26,3502.8365,4423.9468,3480.26,4081.94,4478.4,5368.96,10658.67,27485.32
2024-06-27,3467.7096,4374.7974,3454.12,4024.88,4469.51,5334.25,10646.94,26976.97
2024-06-28,3484.1838,4452.7058,3461.66,4039.97,4505.06,5354.83,10735.22,26774.88
2024-07-01,3537.8957,4524.8923,3478.18,4070.44,4555.37,5471.46,10941.8,26814.58
2024-07-02,3503.5785,4524.7583,3471.79,4055.67,4572.04,5464.48,10968.49,26414.5
2024-07-03,3495.6705,4497.9174,3463.41,4032.86,4548.77,5419.51,10867.28,26157.41
2024-07-04,3470.1717,4482.0987,3445.81,3979.92,4543.85,5384.29,10814.38,25849.38
2024-07-05,3450.699,4476.7427,3431.06,3989.44,4488.91,5365.13,10728.95,26069.94
2024-07-08,3415.7499,4449.9501,3401.76,3928.15,4476.98,5326.18,10630.81,25663.71
2024-07-09,3453.7641,4485.3557,3439.81,3989.07,4510.08,5382.26,10741.13,25954.69
2024-07-10,3414.9243,4409.8727,3428.97,3969.79,4478.21,5273.2,10508.09,26021.17
2024-07-11,3431.2704,4464.6814,3468.17,4041.79,4471.24,5283.23,10516.36,26339.3
2024-07-12,3426.3933,4416.9165,3472.4,4036.84,4491.46,5254.14,10485.37,26356.87
2024-07-15,3432.493,4435.0956,3476.25,4016.26,4509.09,5300.04,10586.14,26169.14
2024-07-16,3423.088,4432.8646,3498.28,4033.05,4496.02,5263.49,10504.64,26163.56
2024-07-17,3426.6322,4352.0234,3501.58,4013.72,4489.62,5227.97,10429.15,26287.9
2024-07-18,3457.2229,4389.1614,3520.93,4028.92,4513.15,5235.43,10473.92,26486.96
2024-07-19,3440.3324,4335.754,3539.02,4042.73,4514.32,5199.05,10390.98,26554.8
2024-07-22,3416.4958,4299.2793,3514.92,4032.86,4465.83,5151.02,10295.95,26505.58
2024-07-23,3359.7024,4217.1608,3439.88,3939.51,4437.7,5087.1,10244.74,25574.37
2024-07-24,3321.3937,4186.8642,3418.17,3899.95,4428.8,5075.72,10258.7,25167.63
2024-07-25,3315.0968,4155.6915,3399.27,3891.1,4397.83,5063.54,10195.61,25072.89
2024-07-26,3357.6855,4213.4695,3409.29,3927.62,4382.19,5062.35,10122.65,25216.69
2024-07-29,3346.688,4223.6406,3390.74,3914.44,4407.59,5067.15,10171.26,24771.5
2024-07-30,3310.2148,4157.4411,3369.38,3906.45,4371.3,5035.22,10091.35,24574.76
2024-07-31,3410.5947,4263.5998,3442.08,4020.58,4413.57,5114.86,10181.15,25700.37
2024-08-01,3398.9119,4256.0597,3419.27,4003.24,4417.81,5105.84,10186.51,25296.5
2024-08-02,3359.4424,4202.0915,3384.39,3956.12,4378.81,5092.8,10175.99,25061.43
2024-08-05,3328.9284,4101.4886,3343.32,3883.97,4329.56,5034.11,10059.62,24897.04
2024-08-06,3310.0922,4114.6631,3342.98,3912.69,4296.76,5018.31,10018.47,25066.36
2024-08-07,3302.8556,4145.7904,3341.49,3912.14,4302.9,5031.85,10063.4,25154.87
2024-08-08,3316.6883,4158.3108,3342.94,3909.42,4303.93,5055.42,10074.05,25280.66
2024-08-09,3317.0617,4167.9308,3331.63,3888.78,4301.91,5034.24,10077.88,25104.56
2024-08-12,3311.857,4169.9808,3325.86,3875.28,4297.26,5062.34,10110.67,25225.38
2024-08-13,3316.3104,4187.2089,3334.39,3890.66,4313.5,5070.04,10147.37,25158.61
2024-08-14,3291.7765,4155.8289,3309.24,3858.53,4301.87,5047.33,10126.16,24876.93
2024-08-15,3323.7125,4186.8217,3341.95,3894.41,4356.48,5092.54,10228.77,24956.5
2024-08-16,3320.5279,4184.5031,3345.63,3886.64,4382.57,5092.86,10259.62,24945.46
2024-08-19,3343.9487,4201.9533,3356.97,3892.44,4428.57,5135.8,10408.48,24970.53
2024-08-20,3308.4375,4127.7649,3332.7,3845.22,4410.45,5076.74,10306.84,24666.38
2024-08-21,3287.1103,4102.5538,3321.64,3831.52,4392.5,5036.84,10229.0,24639.67
2024-08-22,3283.0919,4074.0493,3313.14,3800.87,4406.45,5028.88,10258.59,24412.57
2024-08-23,3320.4387,4099.4644,3327.19,3806.93,4443.94,5034.11,10241.69,24536.35
2024-08-26,3330.0249,4126.7808,3324.22,3814.97,4448.37,5028.44,10244.66,24232.3
2024-08-27,3309.5241,4135.4165,3305.33,3778.92,4442.65,5027.49,10304.38,23923.4
2024-08-28,3267.5881,4114.7253,3286.5,3772.0,4408.16,5001.42,10240.16,23743.33
2024-08-29,3240.4026,4097.5299,3277.68,3793.0,4320.36,4928.91,10025.0,24097.31
2024-08-30,3320.9886,4141.9803,3321.43,3854.74,4327.11,4946.1,9965.65,24550.92
2024-09-02,3296.8704,4129.2799,3265.01,3786.0,4305.64,4964.3,10018.64,23948.02
2024-09-03,3305.8968,4119.1009,3273.43,3809.5,4272.32,4928.78,9898.57,24214.43
2024-09-04,3277.5632,4050.6423,3252.16,3787.36,4238.0,4922.38,9865.72,24225.68
2024-09-05,3288.4186,4040.7153,3257.76,3804.18,4235.81,4922.91,9841.84,24405.16
2024-09-06,3268.7462,4008.2575,3231.35,3758.18,4217.67,4875.41,9778.56,23990.27
2024-09-09,3209.3422,3933.5274,3192.95,3725.79,4144.16,4793.09,9613.57,23662.97
2024-09-10,3201.2476,3930.6633,3195.76,3732.97,4155.35,4797.09,9627.93,23520.64
2024-09-11,3189.5781,3896.1652,3186.13,3723.93,4100.11,4703.98,9389.15,23609.8
2024-09-12,3194.7647,3913.4178,3172.47,3710.27,4111.39,4717.86,9436.21,23230.56
2024-09-13,3200.0814,3921.5676,3159.25,3681.44,4112.87,4696.57,9402.76,22979.04
2024-09-18,3261.655,3971.2427,3171.01,3684.16,4164.15,4750.47,9533.34,23171.99
2024-09-19,3305.3783,4019.5766,3196.04,3731.52,4184.92,4765.35,9543.24,23501.92
2024-09-20,3308.0779,4019.6648,3201.05,3727.81,4209.18,4759.79,9525.61,23450.76
2024-09-23,3334.1716,4058.2507,3212.76,3736.57,4256.64,4810.41,9640.1,23478.11
2024-09-24,3456.1561,4197.6621,3351.91,3888.2,4429.07,5025.98,10065.91,24381.72
2024-09-25,3514.9723,4268.1895,3401.53,3937.57,4501.5,5093.98,10224.61,24580.81
2024-09-26,3691.3039,4405.7228,3545.32,4096.24,4671.36,5279.07,10532.42,26020.64
2024-09-27,3818.797,4497.5708,3703.68,4293.11,4729.92,5355.89,10555.08,27819.17
2024-09-30,4126.9181,4835.6421,4017.85,4706.77,5039.21,5699.29,11171.0,30837.58
2024-10-08,4297.1454,4966.764,4256.1,5037.01,5231.04,5753.63,11308.29,32862.81
2024-10-09,3943.2452,4589.336,3955.98,4661.71,4860.01,5313.82,10499.82,29903.38
2024-10-10,4021.643,4732.2387,3997.79,4670.36,5031.08,5478.74,10931.03,30016.89
2024-10-11,3929.0322,4628.0478,3887.17,4514.19,4937.22,5382.62,10714.18,29005.33
2024-10-14,4013.1758,4734.7961,3961.34,4629.51,5057.99,5524.01,11051.07,29347.72
2024-10-15,3903.0888,4584.4858,3855.99,4524.67,4932.96,5400.97,10812.4,28516.29
2024-10-16,3919.3646,4601.927,3831.59,4515.43,4970.86,5474.85,10998.02,28230.8
2024-10-17,3844.0289,4530.9937,3788.22,4480.87,4898.72,5383.42,10854.92,27968.88
2024-10-18,3910.2524,4597.1086,3925.23,4647.3,4970.8,5430.08,10918.91,29114.99
2024-10-21,3887.1616,4588.6822,3935.2,4696.8,4950.5,5394.99,10843.71,29145.59
2024-10-22,3929.7202,4642.2753,3957.78,4728.44,4981.38,5429.92,10897.2,29421.33
2024-10-23,3942.0828,4652.5102,3973.21,4744.8,5008.88,5439.08,10881.24,29388.93
2024-10-24,3906.9796,4632.9123,3928.83,4705.98,4972.93,5411.05,10825.92,28958.47
2024-10-25,3914.0844,4635.5917,3956.42,4767.43,4964.62,5416.04,10788.78,29152.35
2024-10-28,3947.9028,4708.1139,3964.16,4822.49,4957.41,5469.86,10826.77,29373.48
2024-10-29,3889.4069,4636.1427,3924.65,4763.81,4928.61,5386.33,10673.03,28894.51
2024-10-30,3845.5532,4601.295,3889.45,4755.97,4872.74,5339.59,10593.39,28682.09
2024-10-31,3813.1784,4592.339,3891.04,4794.14,4857.75,5319.41,10575.96,28570.29
2024-11-01,3810.5711,4608.8736,3890.02,4723.34,4895.17,5360.42,10674.34,28482.55
2024-11-04,3845.7711,4637.2934,3944.76,4803.01,4929.7,5406.55,10777.96,28858.62
2024-11-05,3936.4773,4707.7432,4044.57,4943.21,5009.86,5475.9,10909.21,29531.51
2024-11-06,3905.5751,4698.6918,4024.28,4946.63,4962.75,5455.84,10876.72,29417.26
2024-11-07,4039.408,4793.722,4145.7,5071.74,5098.44,5564.85,11055.6,30918.51
2024-11-08,3990.3238,4751.7384,4104.05,5049.45,5029.31,5489.28,10899.12,30641.82
2024-11-11,3958.6309,4739.641,4131.13,5118.28,4979.9,5449.77,10814.38,30674.93
2024-11-12,3929.8973,4693.5594,4085.74,5059.11,4918.55,5421.26,10719.16,30816.21
2024-11-13,3947.0929,4728.4678,4110.89,5072.36,4959.76,5443.07,10774.87,30795.11
2024-11-14,3886.575,4644.0795,4039.62,4949.25,4927.43,5372.8,10699.46,30187.78
2024-11-15,3845.9224,4610.5661,3968.83,4847.63,4882.98,5356.62,10675.3,29453.17
2024-11-18,3867.6704,4643.5356,3950.38,4780.66,4932.59,5445.0,10849.51,28929.4
2024-11-19,3869.2981,4648.9323,3976.89,4854.4,4908.58,5449.51,10875.06,29435.73
2024-11-20,3879.3715,4672.2799,3985.77,4906.8,4905.95,5465.77,10895.73,29612.35
2024-11-21,3871.0385,4675.8195,3989.3,4912.67,4901.95,5461.15,10867.64,29708.54
2024-11-22,3753.1023,4541.5218,3865.7,4746.37,4767.51,5312.33,10594.0,28731.32
2024-11-25,3748.5171,4532.8715,3848.09,4749.14,4756.37,5320.61,10613.13,28596.59
2024-11-26,3734.4537,4500.6,3840.18,4718.85,4768.95,5322.63,10641.61,28652.88
2024-11-27,3778.5398,4557.5243,3907.04,4806.63,4826.25,5380.43,10771.44,29247.77
2024-11-28,3753.0521,4527.9627,3872.55,4778.97,4795.32,5358.43,10732.88,28756.72
2024-11-29,3795.0623,4562.1392,3916.58,4845.9,4812.35,5392.24,10762.82,29352.14
2024-12-02,3837.0359,4636.8321,3947.63,4917.31,4836.88,5420.61,10775.88,29595.36
2024-12-03,3864.9676,4662.4129,3951.89,4921.12,4886.83,5475.91,10909.21,29484.04
2024-12-04,3857.3137,4672.0689,3930.56,4875.11,4884.47,5483.94,10937.81,29304.6
2024-12-05,3838.9307,4665.2967,3921.59,4898.18,4873.1,5474.81,10932.16,29193.54
2024-12-06,3906.7596,4729.6295,3973.14,4956.57,4928.08,5549.69,11066.5,29507.57
2024-12-09,3893.272,4737.8916,3966.57,4940.24,4929.58,5558.78,11104.62,29323.15
2024-12-10,3922.5606,4745.062,3995.64,4977.83,4965.03,5559.89,11109.63,29658.44
2024-12-11,3954.8714,4809.4545,3988.83,5006.7,4948.63,5587.8,11113.44,29902.46
2024-12-12,3988.973,4821.7407,4028.5,5053.03,4988.83,5609.68,11144.92,30351.21
2024-12-13,3894.9311,4716.3764,3933.18,4947.39,4886.32,5511.56,10939.02,29572.68
2024-12-16,3895.8158,4718.8764,3911.84,4908.61,4894.02,5557.69,11108.82,29385.81
2024-12-17,3879.5344,4686.0732,3922.03,4845.44,4894.19,5537.64,11099.03,29330.67
2024-12-18,3904.8708,4725.407,3941.89,4875.99,4931.68,5571.98,11184.37,29468.24
2024-12-19,3890.1594,4722.0671,3945.46,4880.27,4907.69,5518.37,11066.14,29432.31
2024-12-20,3857.0773,4687.2978,3927.74,4891.54,4871.91,5472.42,10984.38,29368.02
2024-12-23,3890.2214,4678.6211,3933.57,4812.5,4929.34,5475.13,11018.6,29197.06
2024-12-24,3943.0191,4750.3248,3983.69,4867.73,4996.15,5537.93,11135.63,29508.55
2024-12-25,3965.8041,4747.6009,3985.63,4829.76,5026.67,5559.46,11209.5,29491.5
2024-12-26,3956.3812,4763.2305,3987.48,4857.74,5003.15,5533.8,11162.13,29376.62
2024-12-27,3950.7006,4757.2812,3981.03,4864.18,5002.9,5545.56,11187.83,29496.26
2024-12-30,3981.5687,4777.211,3999.05,4859.79,5053.59,5612.29,11278.05,29581.96
2024-12-31,3938.7423,4716.2886,3934.91,4750.67,4997.9,5581.5,11190.82,29187.08
2025-01-02,3892.863,4614.6095,3820.4,4625.11,4869.26,5470.19,10947.1,28381.13
2025-01-03,3862.6172,4556.3465,3775.16,4523.12,4829.76,5424.41,10824.55,28130.65
2025-01-06,3882.7091,4539.1484,3768.97,4509.93,4839.78,5444.26,10850.64,28111.23
2025-01-07,3884.4086,4553.4244,3796.11,4567.61,4852.75,5428.63,10870.23,28156.09
2025-01-08,3941.056,4574.6395,3789.22,4559.04,4874.88,5416.3,10910.47,28463.43
2025-01-09,3906.2012,4568.0551,3779.88,4558.51,4828.42,5336.23,10775.19,28321.77
2025-01-10,3839.1786,4480.5582,3732.48,4475.61,4766.46,5255.72,10646.89,27996.56
2025-01-13,3802.8461,4482.9753,3722.51,4472.6,4724.18,5214.98,10543.62,27859.53
2025-01-14,3879.1122,4609.3723,3820.54,4632.23,4804.48,5310.86,10695.28,28475.54
2025-01-15,3875.8072,4576.5417,3796.03,4604.12,4805.66,5312.62,10711.94,28272.62
2025-01-16,3914.6459,4628.6339,3800.38,4620.34,4837.47,5355.67,10808.31,28314.42
2025-01-17,3911.8531,4635.4307,3812.34,4636.07,4825.47,5340.43,10791.59,28620.12
2025-01-20,3888.6556,4618.9648,3829.68,4663.53,4811.18,5328.87,10774.98,28660.81
2025-01-21,3868.6685,4593.024,3832.61,4671.06,4800.29,5295.87,10699.56,28763.07
2025-01-22,3819.0928,4559.5798,3797.02,4627.98,4736.68,5242.84,10538.75,28502.78
2025-01-23,3844.9726,4564.0702,3803.74,4623.63,4802.11,5296.17,10692.47,28517.34
2025-01-24,3864.1785,4601.0499,3832.86,4674.23,4823.56,5330.38,10721.22,28813.67
2025-01-27,3903.5811,4589.5795,3817.08,4632.67,4864.37,5397.84,10875.65,28881.7
2025-02-05,3829.1579,4558.9811,3795.08,4639.2,4788.17,5291.46,10681.47,28677.04
2025-02-06,3840.4867,4592.8323,3842.83,4728.58,4802.8,5295.8,10686.25,28890.33
2025-02-07,3873.2221,4645.2168,3892.7,4796.04,4836.29,5331.43,10698.43,29179.39
2025-02-10,3871.1951,4659.7989,3901.06,4839.79,4843.81,5325.35,10687.12,28969.81
2025-02-11,3886.1338,4657.4691,3883.14,4819.45,4856.09,5345.53,10801.09,28960.51
2025-02-12,3890.5549,4677.3118,3919.86,4876.28,4878.12,5346.74,10832.69,29203.25
2025-02-13,3872.9341,4638.5071,3905.14,4844.65,4872.82,5348.71,10845.19,29080.15
2025-02-14,3889.118,4638.5897,3939.01,4875.07,4907.39,5359.12,10856.46,29189.93
2025-02-17,3866.8251,4625.5056,3947.4,4899.83,4910.94,5336.57,10845.1,28975.88
2025-02-18,3838.4855,4553.9218,3912.78,4820.19,4898.65,5318.64,10844.39,28597.28
2025-02-19,3830.4504,4575.4107,3940.16,4893.41,4887.17,5303.7,10844.34,28778.17
2025-02-20,3825.0237,4583.3181,3928.9,4905.71,4860.3,5291.03,10825.1,28723.69
2025-02-21,3827.2203,4628.6014,3978.44,4973.11,4860.34,5257.0,10722.64,28860.1
2025-02-24,3822.0334,4622.5762,3969.72,4971.26,4860.32,5261.45,10714.96,28802.66
2025-02-25,3786.2972,4574.6317,3925.65,4930.3,4805.88,5226.62,10620.42,28402.75
2025-02-26,3821.7299,4615.0356,3959.94,4986.89,4842.99,5292.16,10698.59,28590.15
2025-02-27,3867.7062,4621.5958,3968.12,4983.16,4877.73,5350.67,10791.61,28631.83
2025-02-28,3834.0403,4556.6802,3890.05,4847.41,4822.54,5311.65,10739.33,28255.73
2025-03-03,3827.4889,4538.067,3888.47,4853.2,4821.67,5305.07,10749.19,28502.72
2025-03-04,3839.0355,4541.7884,3885.22,4882.45,4819.67,5305.59,10747.38,28503.08
2025-03-05,3872.5326,4539.8269,3902.57,4905.03,4862.76,5330.74,10840.2,28556.52
2025-03-06,3883.9208,4582.8029,3956.24,4985.97,4881.54,5329.47,10786.68,28823.65
2025-03-07,3888.7604,4578.6919,3944.01,4964.77,4876.59,5336.69,10769.55,28647.08
2025-03-10,3882.8247,4584.0509,3928.8,4961.58,4844.82,5352.34,10717.19,28712.08
2025-03-11,3902.5487,4588.4099,3941.42,4980.13,4862.77,5386.43,10788.29,28805.13
2025-03-12,3892.8404,4597.3312,3927.23,4979.87,4846.87,5364.77,10772.93,28810.39
2025-03-13,3906.6205,4594.7139,3911.58,4935.97,4861.74,5402.28,10828.0,28731.89
2025-03-14,3953.2114,4642.0107,4006.56,5037.25,4944.98,5443.38,10919.86,29393.69
2025-03-17,3963.9321,4648.6983,3996.79,5042.84,4946.34,5463.47,10954.09,29367.12
2025-03-18,3981.8553,4674.3302,4007.72,5060.94,4957.94,5454.1,10943.09,29406.71
2025-03-19,3996.2316,4673.4758,4010.17,5045.48,4979.99,5462.32,11013.65,29308.35
2025-03-20,3973.7581,4683.2399,3974.99,5015.24,4935.94,5447.28,10965.66,29106.48
2025-03-21,3964.3236,4674.9496,3914.7,4931.82,4898.43,5424.09,10931.57,28757.1
2025-03-24,3999.0776,4731.9596,3934.85,4918.64,4928.29,5454.45,11004.47,29048.77
2025-03-25,4013.0384,4746.8934,3932.3,4899.42,4944.04,5489.03,11079.94,29033.07
2025-03-26,4001.1257,4741.3881,3919.36,4905.47,4907.13,5481.38,11044.66,28940.23
2025-03-27,3999.879,4708.7012,3932.41,4906.85,4918.09,5476.23,11068.44,29183.77
2025-03-28,3992.7477,4649.5772,3915.17,4868.75,4902.47,5436.47,11033.2,29063.51
2025-03-31,3989.7281,4625.6244,3887.31,4826.86,4892.94,5407.99,11039.76,28919.13
2025-04-01,3983.4598,4647.4298,3887.68,4844.53,4879.19,5460.51,11066.43,29156.62
2025-04-02,3997.801,4621.2998,3884.39,4847.56,4896.3,5480.34,11148.44,29169.0
2025-04-03,3972.6139,4562.9912,3861.5,4809.73,4885.6,5487.75,11173.51,28889.5
2025-04-07,3689.7751,4151.6813,3589.44,4365.18,4593.17,5121.63,10575.66,26710.06
2025-04-08,3773.6758,4217.8253,3650.76,4409.98,4708.96,5252.5,10805.73,27236.99
2025-04-09,3780.3052,4252.2007,3686.79,4486.47,4710.69,5268.15,10777.01,27493.37
2025-04-10,3827.5538,4332.177,3735.12,4571.47,4750.42,5317.96,10838.95,27922.46
2025-04-11,3812.6647,4316.1175,3750.52,4603.03,4738.89,5294.01,10787.04,28044.46
2025-04-14,3830.9588,4366.015,3759.14,4643.07,4757.13,5341.43,10874.59,28144.41
2025-04-15,3864.1366,4376.2454,3761.23,4637.01,4798.31,5367.05,10997.39,28350.97
2025-04-16,3879.5187,4355.6768,3772.82,4612.72,4835.85,5391.45,11092.54,28259.39
2025-04-17,3882.0188,4348.9114,3772.22,4617.88,4836.01,5380.3,11105.36,28338.84
2025-04-18,3892.3712,4367.5552,3772.52,4616.84,4854.24,5382.34,11126.96,28236.38
2025-04-21,3890.9422,4397.9376,3784.88,4668.91,4829.3,5375.04,11055.19,28437.71
2025-04-22,3908.6635,4404.0235,3783.95,4665.27,4844.28,5395.88,11118.11,28485.45
2025-04-23,3902.1563,4420.4172,3786.88,4681.08,4832.22,5371.85,11065.89,28470.23
2025-04-24,3922.8185,4419.9328,3784.36,4658.58,4861.76,5400.71,11180.83,28475.79
2025-04-25,3909.8037,4428.7489,3786.99,4667.56,4850.06,5392.28,11160.12,28369.87
2025-04-28,3915.3877,4414.0446,3781.62,4639.9,4865.28,5391.38,11215.77,28036.21
2025-04-29,3921.1197,4421.1611,3775.08,4649.04,4853.22,5377.23,11183.8,28010.14
2025-04-30,3891.9888,4402.381,3770.57,4666.8,4801.96,5341.77,10971.48,28104.13
2025-05-06,3907.5535,4456.8529,3808.54,4751.8,4826.66,5355.26,10989.8,28317.01
2025-05-07,3932.6986,4484.3578,3831.63,4775.75,4875.38,5391.5,11086.35,28444.18
2025-05-08,3942.5196,4485.1142,3852.9,4807.39,4900.54,5394.13,11144.87,28565.53
2025-05-09,3962.7596,4471.0288,3846.16,4773.33,4924.1,5421.84,11220.36,28520.29
2025-05-12,3980.6605,4516.7222,3890.61,4834.22,4955.21,5440.61,11225.68,28707.72
2025-05-13,4005.9319,4523.8274,3896.26,4831.24,4992.06,5478.64,11341.65,28736.29
2025-05-14,4031.2015,4562.1745,3943.21,4864.48,5055.78,5509.56,11408.46,29032.74
2025-05-15,4004.6951,4512.5928,3907.2,4807.4,5028.86,5486.94,11361.25,28891.61
2025-05-16,3984.0971,4502.9868,3889.09,4805.37,4988.51,5456.46,11291.27,28873.38
2025-05-19,3999.6625,4528.9996,3877.15,4812.05,4982.88,5470.96,11315.27,28878.5
2025-05-20,4022.2708,4558.8792,3898.17,4843.57,5003.56,5486.86,11355.59,29116.25
2025-05-21,4055.9072,4595.1013,3916.38,4846.77,5026.1,5528.8,11419.05,29229.47
2025-05-22,4055.8929,4565.6879,3913.87,4816.98,5043.96,5519.05,11471.24,29226.14
2025-05-23,4016.2385,4539.5228,3882.27,4771.62,4995.06,5464.77,11381.44,29044.26
2025-05-26,3997.9629,4547.5019,3860.11,4776.18,4978.41,5427.86,11338.12,28875.3
2025-05-27,3990.8492,4516.3107,3839.4,4761.07,4977.32,5413.75,11347.43,28792.58
2025-05-28,4019.0606,4542.9284,3836.24,4751.01,4980.05,5431.02,11402.55,28907.03
2025-05-29,4025.3188,4563.5314,3858.7,4805.66,4986.93,5440.66,11381.56,29160.54
2025-05-30,4025.8643,4537.4762,3840.23,4764.6,4990.27,5445.8,11420.31,29056.63
2025-06-03,4016.1641,4528.4324,3852.01,4788.37,5010.22,5465.69,11539.2,29122.96
2025-06-04,4034.9416,4548.4316,3868.74,4821.11,5019.06,5480.87,11585.37,29261.44
2025-06-05,4010.4003,4542.4301,3877.56,4840.08,5012.35,5449.49,11493.13,29390.68
2025-06-06,4023.0316,4558.446,3873.98,4834.86,5019.62,5448.3,11503.01,29331.31
2025-06-09,4036.0824,4593.2348,3885.25,4870.43,5028.76,5458.88,11508.6,29443.71
2025-06-10,4040.8643,4562.1532,3865.47,4836.67,5021.58,5454.57,11522.1,29426.6
2025-06-11,4053.1393,4589.2613,3894.63,4866.33,5057.22,5471.48,11533.35,29621.48
2025-06-12,4046.1275,4568.9716,3892.2,4868.92,5049.44,5471.6,11570.57,29477.67
2025-06-13,4019.1815,4542.1891,3864.18,4813.2,5029.15,5416.31,11457.89,29124.24
2025-06-16,4020.0004,4519.4492,3873.8,4838.23,5059.13,5428.6,11522.91,29044.7
2025-06-17,4025.3887,4523.7514,3870.38,4832.05,5068.53,5426.02,11496.22,28825.35
2025-06-18,4026.6315,4512.0958,3874.97,4830.93,5068.6,5419.95,11563.5,28805.75
2025-06-19,3993.8441,4459.4341,3843.09,4772.14,5032.39,5384.74,11532.38,28633.23
2025-06-20,4020.7017,4475.2691,3846.64,4754.83,5065.35,5393.71,11574.36,28653.83
2025-06-23,4026.4173,4478.6032,3857.9,4794.14,5100.86,5407.43,11639.58,28511.02
2025-06-24,4054.0247,4524.4871,3904.03,4868.08,5151.23,5424.75,11668.01,28978.39
2025-06-25,4065.9537,4549.2018,3960.07,4933.59,5212.93,5443.2,11737.65,29429.73
2025-06-26,4068.2974,4543.1295,3946.02,4916.56,5211.65,5444.7,11767.43,29158.79
2025-06-27,4046.6998,4550.4754,3921.76,4913.66,5134.85,5416.2,11578.34,29136.34
2025-06-30,4035.3277,4555.7446,3936.08,4954.23,5119.61,5410.26,11544.86,29559.46
2025-07-01,4062.263,4574.4257,3942.76,4966.82,5153.0,5454.33,11664.28,29739.78
2025-07-02,4101.8027,4620.4715,3943.68,4947.14,5183.24,5493.47,11690.35,29550.54
2025-07-03,4096.579,4626.0308,3968.07,4976.66,5189.75,5493.13,11692.72,29785.59
2025-07-04,4120.463,4641.9056,3982.2,4969.21,5242.64,5520.94,11803.5,29702.79
2025-07-07,4106.0919,4632.6025,3965.17,4966.1,5242.94,5545.08,11863.71,29598.91
2025-07-08,4121.4975,4658.4978,3998.45,5018.79,5251.07,5542.35,11838.53,29784.86
2025-07-09,4114.4538,4626.6063,3991.4,5008.5,5239.94,5560.32,11902.55,29813.1
2025-07-10,4144.2127,4660.4398,4010.02,5026.49,5282.47,5594.92,11946.95,29755.34
2025-07-11,4138.1275,4658.7221,4014.81,5045.76,5244.6,5553.97,11808.71,30048.3
2025-07-14,4160.9364,4694.7721,4017.67,5052.93,5260.48,5581.21,11884.86,30142.85
2025-07-15,4141.8884,4687.6465,4019.06,5042.65,5225.72,5516.33,11775.08,30355.87
2025-07-16,4132.1005,4670.8295,4007.2,5044.13,5196.45,5492.6,11731.93,30339.9
2025-07-17,4128.2243,4677.1035,4034.49,5090.82,5188.37,5487.89,11697.79,30586.06
2025-07-18,4151.3174,4698.945,4058.55,5110.45,5215.51,5506.74,11756.51,30684.61
2025-07-21,4192.0275,4766.1226,4085.61,5156.72,5243.24,5575.87,11758.42,30805.72
2025-07-22,4238.7993,4825.5107,4118.96,5188.27,5267.16,5667.61,11781.17,30970.5
2025-07-23,4218.7677,4811.1314,4119.77,5173.47,5288.01,5647.09,11795.91,31083.2
2025-07-24,4218.6337,4838.07,4149.04,5229.1,5289.38,5670.75,11703.87,31233.77
2025-07-25,4181.7453,4799.4873,4127.16,5220.95,5251.22,5633.83,11625.29,31378.2
2025-07-28,4158.0883,4778.1157,4135.82,5238.8,5259.66,5572.53,11569.65,31330.63
2025-07-29,4142.5873,4789.3339,4152.02,5262.32,5233.14,5570.46,11501.6,31471.73
2025-07-30,4171.8183,4796.7307,4151.24,5241.33,5257.61,5581.48,11543.98,31624.66
2025-07-31,4087.0325,4689.8857,4075.59,5168.75,5174.58,5484.71,11400.2,31137.0
2025-08-01,4090.2736,4700.2159,4054.93,5161.09,5159.43,5484.59,11397.97,31154.38
2025-08-04,4110.0917,4729.7826,4070.7,5199.57,5178.26,5510.34,11466.9,31458.87
2025-08-05,4148.8358,4776.0663,4103.45,5239.87,5240.23,5567.88,11603.09,31711.58
2025-08-06,4154.3655,4787.6124,4113.49,5272.08,5242.93,5603.2,11618.83,31900.99
2025-08-07,4153.824,4781.0424,4114.67,5271.11,5248.46,5612.68,11656.17,31714.36
2025-08-08,4167.1334,4804.5767,4104.97,5258.78,5247.41,5615.61,11675.79,31528.71
2025-08-11,4156.9171,4813.2604,4122.51,5310.51,5227.57,5591.7,11600.86,31892.62
2025-08-12,4177.3776,4844.7096,4143.83,5328.4,5244.42,5623.04,11641.71,32027.5
2025-08-13,4174.6,4878.0463,4176.58,5382.35,5223.78,5593.7,11573.6,32413.9
2025-08-14,4151.7698,4849.6389,4173.31,5336.83,5230.41,5540.13,11568.04,32301.27
2025-08-15,4172.1312,4924.1999,4202.35,5412.02,5229.49,5553.42,11530.92,32850.83
2025-08-18,4165.1415,4900.8197,4239.41,5486.57,5237.64,5542.76,11562.45,33177.73
2025-08-19,4161.9556,4885.4741,4223.37,5483.45,5213.16,5537.45,11569.32,32772.75
2025-08-20,4200.5833,4969.85,4271.4,5536.44,5260.68,5579.27,11662.64,33358.02
2025-08-21,4215.3586,4969.6694,4288.07,5529.21,5285.17,5609.2,11721.45,33528.48
2025-08-22,4211.5519,4995.4696,4378.0,5620.43,5329.5,5599.4,11681.7,33851.63
2025-08-25,4282.9159,5112.5085,4469.22,5722.08,5382.37,5640.48,11788.35,34283.47
2025-08-26,4306.1237,5099.9117,4452.59,5715.79,5352.4,5634.04,11759.82,34304.8
2025-08-27,4210.3577,4982.5087,4386.13,5615.16,5240.49,5532.43,11548.44,34013.82
2025-08-28,4224.0954,5029.7637,4463.78,5703.55,5272.12,5544.19,11570.38,34362.12
2025-08-29,4192.293,4994.5665,4496.76,5723.95,5245.75,5538.04,11516.87,34791.73
2025-09-01,4179.1886,5037.2784,4523.71,5769.45,5205.45,5524.75,11497.62,34771.18
2025-09-02,4209.7499,5040.676,4490.45,5684.0,5239.39,5542.17,11593.73,34280.15
2025-09-03,4178.9465,5008.1918,4459.83,5615.64,5171.57,5495.47,11464.96,33901.68
2025-09-04,4150.4948,4908.4409,4365.21,5502.11,5166.27,5493.08,11494.93,32951.3
2025-09-05,4186.8838,4990.6772,4460.32,5642.59,5170.71,5510.04,11442.96,33658.16
2025-09-08,4204.6078,5000.1544,4467.57,5681.23,5164.71,5552.59,11456.98,34253.75
2025-09-09,4215.6984,4993.9344,4436.26,5629.75,5177.2,5565.03,11505.07,34049.58
2025-09-10,4194.8234,4971.6422,4445.36,5641.21,5168.84,5537.79,11484.59,33973.39
2025-09-11,4226.4956,5023.4806,4548.03,5769.36,5216.64,5559.81,11517.31,34489.27
2025-09-12,4198.2299,5024.796,4522.0,5759.29,5156.69,5529.95,11430.28,34304.63
2025-09-15,4180.9227,5027.4365,4533.06,5764.16,5132.22,5511.14,11342.12,34217.1
2025-09-16,4157.0173,5025.4233,4523.34,5790.93,5084.35,5508.97,11294.34,34307.52
2025-09-17,4174.507,5081.4452,4551.02,5829.84,5091.33,5522.29,11328.98,34808.2
2025-09-18,4099.2098,5002.06,4498.11,5766.72,4993.53,5424.13,11104.34,34514.69
2025-09-19,4115.6865,5009.7436,4501.92,5749.1,5005.95,5468.73,11173.04,34605.76
2025-09-22,4077.286,4969.4087,4522.61,5778.26,4979.16,5434.04,11090.31,34368.15
2025-09-23,4081.0378,4955.8125,4519.78,5742.37,5000.03,5454.06,11165.43,34156.31
2025-09-24,4102.817,4954.6391,4566.07,5821.91,5007.8,5467.04,11155.5,34728.63
2025-09-25,4073.6397,4961.7212,4593.49,5831.15,4982.99,5440.51,11064.03,35001.94
2025-09-26,4081.6697,4955.449,4550.05,5760.9,4990.79,5455.01,11057.02,34347.91
2025-09-29,4104.4225,5007.2498,4620.05,5840.45,5022.91,5474.39,11051.18,34629.08
2025-09-30,4097.7657,5047.3651,4640.69,5875.46,5004.26,5461.08,10967.06,34948.44
2025-10-09,4161.8186,5190.3759,4709.48,5952.85,5048.3,5502.38,10992.49,35015.87
2025-10-10,4165.5912,5181.8873,4616.83,5855.65,5067.22,5559.05,11074.12,34588.73
2025-10-13,4137.9253,5148.745,4593.98,5833.96,5059.97,5534.32,11142.0,34045.54
2025-10-14,4172.6863,5133.758,4539.06,5741.33,5124.26,5596.29,11339.4,33638.87
2025-10-15,4203.9449,5184.2044,4606.29,5826.49,5164.88,5620.2,11398.22,33910.5
2025-10-16,4206.7619,5153.0203,4618.42,5800.59,5197.81,5639.6,11455.07,33857.65
2025-10-17,4156.481,5043.2962,4514.23,5652.46,5140.0,5596.32,11412.03,32997.8
2025-10-20,4172.454,5072.6201,4538.22,5697.16,5152.25,5637.94,11419.24,33232.03
2025-10-21,4199.2778,5117.8957,4607.87,5788.83,5173.66,5640.36,11459.72,33541.28
2025-10-22,4219.5172,5124.5709,4592.57,5764.93,5187.83,5645.9,11530.87,33447.28
2025-10-23,4261.542,5170.4121,4606.34,5772.78,5228.3,5691.9,11591.33,33569.73
2025-10-24,4244.0961,5192.8918,4660.68,5842.57,5210.86,5655.08,11514.38,33791.58
2025-10-27,4266.797,5249.1402,4716.02,5913.07,5242.83,5681.5,11520.77,33867.61
2025-10-28,4241.5365,5202.5988,4691.97,5893.14,5213.48,5651.65,11503.14,33685.06
2025-10-29,4269.0036,5264.3369,4747.84,5961.19,5215.58,5653.75,11411.03,34132.64
2025-10-30,4278.1927,5258.2522,4709.91,5898.9,5220.01,5630.55,11421.11,33396.01
2025-10-31,4292.5957,5223.4491,4640.67,5866.65,5179.32,5627.67,11415.44,33385.06
2025-11-03,4331.5769,5276.0115,4653.4,5888.68,5225.47,5678.43,11567.42,33159.23
2025-11-04,4329.6256,5225.9523,4618.7,5827.93,5257.22,5699.45,11688.88,32662.31
2025-11-05,4346.7875,5244.1921,4627.26,5847.93,5261.47,5723.39,11692.4,32699.58
2025-11-06,4433.436,5365.456,4693.4,5918.75,5303.66,5745.9,11695.07,32937.53
2025-11-07,4454.4951,5383.678,4678.79,5903.58,5308.77,5752.94,11696.68,32717.23
2025-11-10,4512.5591,5443.4386,4695.05,5926.66,5350.53,5795.39,11802.59,32876.05
2025-11-11,4499.8659,5416.1039,4652.17,5895.64,5332.87,5782.59,11830.57,32586.56
2025-11-12,4522.3653,5428.1028,4645.91,5871.63,5352.08,5786.42,11919.99,32532.74
2025-11-13,4543.0148,5476.0409,4702.07,5948.0,5373.19,5801.99,11908.58,32757.62
2025-11-14,4489.0812,5421.0386,4628.14,5872.13,5337.79,5767.56,11868.59,32244.89
2025-11-17,4458.7392,5370.3089,4598.05,5864.13,5286.17,5739.32,11771.06,31969.37
2025-11-18,4398.202,5271.6518,4568.19,5809.6,5251.17,5659.78,11684.99,31875.27
2025-11-19,4419.9782,5297.1615,4588.29,5793.29,5291.84,5668.66,11704.44,31804.08
2025-11-20,4411.1339,5256.8692,4564.95,5755.79,5296.54,5656.04,11750.23,31620.9
2025-11-21,4333.8693,5126.9785,4453.61,5575.48,5206.53,5554.52,11592.02,31102.83
2025-11-24,4312.6101,5116.3992,4448.05,5608.69,5179.45,5527.17,11521.24,31265.7
2025-11-25,4345.6894,5159.0133,4490.4,5676.33,5226.87,5554.22,11592.02,31483.35
2025-11-26,4348.8723,5162.7278,4517.63,5690.08,5210.97,5530.79,11520.94,31561.58
2025-11-27,4361.837,5163.4379,4515.4,5690.01,5223.36,5540.0,11541.7,31425.64
2025-11-28,4365.6946,5194.2595,4526.66,5732.77,5209.73,5545.84,11525.32,31475.39
2025-12-01,4409.7181,5275.4785,4576.49,5787.18,5250.67,5591.82,11617.14,31792.32
2025-12-02,4405.1933,5266.6295,4554.33,5750.4,5247.89,5584.86,11606.63,31410.43
2025-12-03,4417.9104,5288.3711,4531.05,5710.58,5228.56,5573.9,11547.9,31299.43
2025-12-04,4407.8482,5293.2296,4546.57,5711.8,5227.77,5552.96,11491.85,31292.33
2025-12-05,4445.3642,5367.5247,4584.54,5776.83,5279.15,5557.97,11425.6,31468.13
2025-12-08,4417.6463,5350.1309,4621.75,5835.55,5293.14,5527.42,11398.9,31537.05
2025-12-09,4346.8462,5250.1005,4598.22,5802.85,5246.92,5476.84,11320.32,31249.83
2025-12-10,4347.7713,5273.0038,4591.83,5809.35,5222.91,5481.58,11260.78,31422.56
2025-12-11,4329.4921,5231.2739,4552.18,5745.07,5209.44,5435.62,11202.41,31098.76
2025-12-12,4343.7821,5269.0935,4580.95,5787.86,5231.04,5426.72,11206.51,31304.53
2025-12-15,4348.794,5256.1515,4552.06,5751.55,5257.09,5457.03,11236.04,31044.7
2025-12-16,4311.002,5194.9699,4497.55,5668.2,5223.73,5414.32,11185.87,30770.52
2025-12-17,4345.517,5255.9268,4579.88,5756.23,5271.06,5429.68,11197.32,31278.58
2025-12-18,4367.4857,5255.8131,4552.79,5733.55,5305.11,5473.71,11307.28,31185.04
2025-12-19,4376.64,5302.4498,4568.18,5777.54,5302.18,5483.35,11290.71,31244.23
2025-12-22,4377.2713,5315.0463,4611.62,5835.54,5291.99,5458.23,11223.6,31519.82
2025-12-23,4386.7988,5306.063,4620.73,5831.47,5310.25,5459.13,11244.53,31591.91
2025-12-24,4381.8497,5326.0951,4634.06,5883.66,5299.66,5472.24,11255.45,31689.18
2025-12-25,4379.1761,5323.5938,4642.54,5918.57,5309.19,5486.44,11268.02,31874.58
2025-12-26,4413.0862,5371.499,4657.24,5938.29,5319.2,5513.75,11248.56,31751.49
2025-12-29,4408.0148,5352.8468,4639.37,5921.12,5321.91,5501.74,11251.68,31523.18
2025-12-30,4431.66,5380.1208,4651.28,5928.96,5318.19,5499.21,11238.48,31592.1
2025-12-31,4423.5165,5387.6018,4629.94,5919.12,5318.45,5503.98,11240.0,31508.74
2026-01-05,4445.4162,5427.8122,4717.75,6035.98,5372.04,5525.12,11235.18,32386.37
2026-01-06,4519.072,5522.0105,4790.69,6131.69,5474.83,5591.04,11248.35,33015.58
2026-01-07,4505.908,5491.9296,4776.67,6142.57,5438.21,5592.91,11188.37,32924.85
2026-01-08,4473.8529,5483.1776,4737.65,6145.54,5372.74,5574.6,11119.0,32797.8
2026-01-09,4503.9772,5522.2785,4758.92,6217.68,5370.9,5592.68,11125.01,33180.98
2026-01-12,4508.0969,5548.5128,4789.92,6325.64,5364.28,5611.17,11141.69,33564.36
2026-01-13,4512.0708,5583.4412,4761.03,6251.44,5386.7,5591.97,11169.91,33487.39
2026-01-14,4486.8513,5568.7795,4741.93,6270.41,5324.66,5552.31,11051.67,33688.93
2026-01-15,4507.4311,5573.4899,4751.43,6259.82,5311.93,5541.7,11026.26,33848.47
2026-01-16,4477.911,5545.7039,4731.87,6246.92,5252.05,5493.39,10930.35,34009.73
2026-01-19,4537.8737,5631.6519,4734.46,6272.45,5267.2,5538.89,10949.26,33870.82
2026-01-20,4582.269,5675.7858,4718.88,6235.57,5316.95,5611.84,11110.63,33761.94
2026-01-21,4580.6765,5702.7105,4723.07,6270.26,5255.73,5577.54,11019.9,34283.59
2026-01-22,4599.9734,5768.2687,4723.71,6298.06,5237.54,5618.15,11039.97,34305.84
2026-01-23,4593.8374,5786.6751,4702.5,6356.82,5197.09,5611.48,10994.32,34633.26
2026-01-26,4647.6031,5838.2364,4706.96,6314.82,5247.9,5648.09,11051.79,34244.79
2026-01-27,4610.4894,5797.7343,4705.69,6323.78,5226.02,5599.92,10991.55,34467.11
2026-01-28,4682.4669,5931.2301,4717.99,6331.49,5237.08,5687.32,11016.89,34584.84
2026-01-29,4754.1614,5994.5882,4753.87,6319.77,5328.15,5757.64,11176.26,34661.99
2026-01-30,4686.0801,5873.8301,4706.34,6259.18,5272.74,5700.01,11168.2,34369.08
2026-02-02,4528.1054,5620.2922,4605.98,6088.28,5189.54,5521.87,11026.07,33357.86
2026-02-03,4591.8326,5730.5227,4660.11,6217.13,5199.99,5563.8,11006.12,34068.72
2026-02-04,4681.6356,5822.2891,4698.68,6245.44,5296.12,5712.03,11172.66,34263.16
2026-02-05,4647.1519,5741.8171,4670.42,6176.13,5303.34,5686.51,11299.01,34024.28
2026-02-06,4640.9919,5728.3537,4643.6,6161.61,5277.12,5671.12,11262.01,33881.89
2026-02-09,4697.8119,5812.6503,4719.06,6279.14,5319.95,5709.06,11314.06,34572.47
2026-02-10,4713.0346,5815.3479,4724.3,6283.26,5319.08,5730.01,11342.3,34648.25
2026-02-11,4741.6267,5856.9361,4713.82,6272.72,5322.18,5770.13,11369.4,34579.87
2026-02-12,4770.1649,5879.6989,4719.58,6299.9,5292.62,5751.64,11264.2,34580.97
2026-02-13,4675.4872,5767.9022,4660.41,6227.54,5222.39,5668.22,11144.77,34125.79
2026-02-24,4801.4777,5956.6202,4707.54,6295.28,5265.88,5754.41,11216.71,34181.66
2026-02-25,4827.1697,5997.0117,4735.89,6360.54,5270.77,5785.57,11199.59,34330.78
2026-02-26,4834.7774,6014.1876,4726.87,6373.71,5241.08,5768.92,11177.51,34453.37
2026-02-27,4829.3497,6042.3032,4710.65,6398.46,5255.88,5826.71,11212.0,34543.15
2026-03-02,4906.6739,6154.8887,4728.67,6375.69,5299.4,5905.25,11321.9,34236.55
2026-03-03,4931.138,6118.6709,4655.9,6188.09,5320.37,5952.09,11424.71,33362.93
2026-03-04,4890.1271,6068.0551,4602.62,6143.19,5260.08,5856.15,11280.99,33005.63
2026-03-05,4913.1127,6124.9077,4647.69,6208.81,5304.8,5849.52,11309.9,33183.44
2026-03-06,4921.0474,6145.7059,4660.44,6252.38,5314.34,5860.51,11367.82,33497.5
2026-03-09,4901.6456,6163.3571,4615.46,6199.43,5271.47,5864.51,11373.38,33126.53
2026-03-10,4885.6085,6146.424,4674.76,6296.2,5273.68,5820.49,11340.58,33778.24
2026-03-11,4932.3454,6202.4314,4704.5,6313.02,5326.11,5905.18,11464.33,33825.19
2026-03-12,4965.0006,6227.1452,4687.56,6279.68,5353.07,5976.53,11526.56,33510.31
2026-03-13,4935.606,6169.0315,4669.14,6220.66,5336.44,5954.46,11550.16,33433.75
2026-03-16,4889.782,6073.7845,4671.56,6217.07,5296.85,5912.37,11547.4,33531.29
2026-03-17,4868.9833,6015.0542,4637.44,6120.17,5306.59,5868.48,11574.01,33431.43
2026-03-18,4857.7382,5985.6707,4658.33,6169.42,5296.93,5833.4,11531.92,33667.73
2026-03-19,4821.2333,5884.563,4583.25,6039.18,5249.07,5799.19,11486.4,32958.21
2026-03-20,4785.214,5826.9373,4567.02,5965.89,5206.72,5772.65,11449.53,33018.11
2026-03-23,4656.0265,5649.2942,4418.0,5723.41,5049.1,5626.12,11054.69,31604.18
2026-03-24,4709.7594,5750.3249,4474.72,5843.73,5115.19,5712.79,11278.01,32324.02
2026-03-25,4735.11,5821.2919,4537.47,5948.6,5148.72,5726.78,11359.02,32982.88
2026-03-26,4720.5355,5777.2724,4477.53,5861.89,5110.16,5729.34,11351.96,32485.19
2026-03-27,4720.3986,5799.0035,4502.57,5922.21,5109.71,5742.45,11310.67,32947.22
2026-03-30,4728.9272,5825.037,4491.95,5925.21,5110.99,5795.51,11419.98,33020.02
2026-03-31,4719.7748,5772.9182,4450.05,5842.34,5106.82,5727.85,11457.5,32340.98
2026-04-01,4749.2841,5813.9657,4526.07,5946.58,5149.07,5731.25,11466.04,33164.04
2026-04-02,4752.3299,5784.406,4478.91,5860.44,5146.51,5744.64,11515.64,32728.95
2026-04-03,4700.0876,5717.2886,4440.79,5791.49,5093.9,5649.43,11353.92,32395.39
2026-04-07,4707.6101,5732.5251,4440.62,5822.75,5077.25,5677.98,11292.39,32210.05
2026-04-08,4746.7076,5843.7378,4595.56,6059.75,5162.6,5723.65,11400.67,33457.59
2026-04-09,4725.031,5836.7782,4566.22,6020.05,5122.38,5680.34,11316.19,33464.14
2026-04-10,4735.04,5867.5246,4636.57,6090.06,5142.86,5692.53,11307.48,33902.13
2026-04-13,4715.2315,5844.788,4646.15,6103.84,5134.64,5688.09,11270.82,33603.13
2026-04-14,4714.4333,5833.9659,4701.28,6181.43,5170.57,5700.24,11319.76,33663.34
2026-04-15,4724.9079,5806.5601,4685.25,6153.96,5183.8,5720.59,11389.02,33524.79
2026-04-16,4737.4377,5853.9836,4736.61,6239.49,5187.64,5734.51,11387.27,34001.57
2026-04-17,4705.4877,5811.9717,4728.67,6254.11,5155.94,5695.32,11361.19,33921.68
2026-04-20,4700.5915,5783.2298,4757.44,6300.21,5174.74,5702.51,11403.83,34038.76
2026-04-21,4736.1281,5785.1025,4768.0,6297.91,5188.28,5752.84,11465.96,34223.06
2026-04-22,4726.8149,5786.4838,4799.63,6357.1,5171.03,5752.38,11418.65,34275.76
2026-04-23,4751.1524,5783.8629,4786.33,6303.1,5178.64,5781.32,11488.49,33778.54
2026-04-24,4745.9691,5759.4934,4769.37,6271.17,5159.43,5776.34,11471.56,33781.05
2026-04-27,4723.4,5746.9838,4770.95,6296.45,5139.14,5763.87,11356.2,34453.29
2026-04-28,4772.5503,5774.729,4758.21,6246.71,5171.84,5828.88,11395.88,34496.47
2026-04-29,4814.1498,5872.2439,4810.35,6328.36,5206.62,5884.27,11430.24,34954.36
2026-04-30,4786.8464,5830.8215,4807.31,6342.26,5176.68,5865.07,11322.69,34957.44
2026-05-06,4774.8863,5857.4594,4877.09,6465.6,5183.41,5881.84,11266.7,35240.92
2026-05-07,4723.2967,5808.6508,4900.51,6533.33,5160.63,5787.2,11227.97,35527.71
2026-05-08,4706.3396,5788.7816,4871.91,6532.34,5145.62,5767.67,11222.04,35328.92
2026-05-11,4722.9715,5819.3866,4951.84,6633.48,5170.25,5783.46,11221.83,35774.99
2026-05-12,4699.9029,5768.3285,4948.05,6605.72,5153.57,5774.72,11214.5,35391.17
2026-05-13,4704.2521,5804.399,4998.34,6686.87,5139.95,5748.08,11215.12,35572.18
2026-05-14,4684.4636,5724.0043,4914.6,6552.95,5107.31,5694.31,11191.46,34677.69
2026-05-15,4682.75,5655.8694,4859.59,6481.34,5066.83,5680.37,11115.82,34640.04
2026-05-18,4655.1022,5574.5446,4833.52,6477.21,5030.27,5654.2,11049.04,34262.66
2026-05-19,4659.858,5584.9599,4852.88,6526.03,5047.81,5662.36,11121.79,34525.33
2026-05-20,4635.7791,5559.5719,4850.7,6525.06,5004.22,5643.58,11083.39,34639.25
2026-05-21,4572.2273,5443.5673,4783.1,6368.44,4978.21,5554.67,11012.51,33752.28
2026-05-22,4564.7359,5466.299,4845.1,6479.37,4973.6,5545.14,10975.57,34307.48
2026-05-25,4557.2791,5432.0921,4921.6,6559.84,4983.99,5572.23,10959.36,34226.98
2026-05-26,4580.5031,5470.1832,4947.85,6532.44,5017.92,5577.26,10989.33,34048.46
2026-05-27,4555.5068,5393.8868,4908.17,6443.84,4978.81,5527.16,10916.54,33557.27
2026-05-28,4528.114,5366.3544,4914.21,6480.47,4936.69,5513.88,10866.06,33373.02
2026-05-29,4605.4058,5390.0191,4892.12,6368.84,4994.66,5578.69,11082.68,32674.13
2026-06-01,4641.9175,5415.8986,4844.26,6321.11,5048.87,5726.1,11242.83,32633.51
2026-06-02,4640.4681,5412.513,4914.56,6368.51,5060.24,5708.55,11224.92,32549.34
2026-06-03,4630.0359,5392.6466,4938.81,6395.88,5050.31,5706.47,11127.84,32506.89
2026-06-04,4587.9468,5306.3112,4904.75,6368.34,5011.65,5681.52,10988.64,32371.48
2026-06-05,4566.5115,5271.6082,4816.92,6292.19,5024.42,5683.85,11017.46,32319.47
2026-06-08,4547.258,5171.4598,4713.64,6119.24,5007.51,5633.62,11047.11,31835.85
2026-06-09,4525.7531,5162.9512,4801.81,6254.74,5011.93,5629.97,11050.57,32553.65
2026-06-10,4526.6797,5104.3295,4748.59,6173.63,5019.55,5588.98,11109.22,32452.36
2026-06-11,4537.9608,5105.4939,4722.41,6140.75,5004.86,5566.74,11017.03,32280.78
2026-06-12,4547.5839,5175.6333,4777.32,6196.26,5059.16,5649.5,11116.82,32682.72
2026-06-15,4526.1414,5159.94,4891.71,6380.16,5035.9,5590.7,11001.34,32912.61
2026-06-16,4453.4649,5055.55,4884.23,6421.24,4971.57,5493.67,10832.88,32525.21
2026-06-17,4419.6562,5033.9894,4931.39,6477.07,4970.75,5434.15,10770.46,32465.29
2026-06-18,4321.5626,4970.1437,4941.6,6499.33,4832.91,5316.65,10492.7,32322.36
2026-06-22,4384.4367,5021.4915,5059.66,6624.01,4961.14,5373.33,10501.47,33058.84
2026-06-23,4329.7075,4903.5758,4919.39,6483.57,4922.48,5342.69,10557.26,32540.45
2026-06-24,4272.0796,4844.7105,4943.02,6531.25,4846.15,5262.82,10347.77,32639.65
2026-06-25,4238.1364,4798.5565,5020.1,6586.23,4847.32,5198.51,10226.59,32804.97
2026-06-26,4158.5243,4672.4776,4868.22,6401.01,4771.12,5085.73,10152.09,31974.18
2026-06-29,4205.2442,4704.9722,4926.92,6443.3,4813.87,5120.71,10204.61,32689.0
2026-06-30,4118.0962,4666.4354,4979.43,6551.62,4755.78,5022.46,9991.03,32757.05
2026-07-01,4170.7485,4734.6908,4958.98,6563.16,4845.08,5108.21,10095.06,33195.82
2026-07-02,4213.5986,4732.6088,4812.3,6376.36,4848.76,5154.94,10173.16,32884.05
2026-07-03,4248.2442,4808.5824,4842.17,6404.4,4858.54,5207.46,10195.28,33254.25
2026-07-06,4313.9005,4881.0181,4842.0,6350.89,4922.5,5314.92,10406.95,33284.06
2026-07-07,4248.0983,4806.0464,4792.26,6246.03,4866.49,5239.37,10339.75,32711.67
2026-07-08,4262.3539,4774.5933,4755.53,6157.07,4866.34,5264.79,10449.33,32406.54
2026-07-09,4214.6185,4743.4173,4876.31,6304.43,4869.24,5200.44,10326.57,32587.01
2026-07-10,4237.3645,4782.8599,4780.79,6215.11,4846.06,5184.1,10327.58,32620.21
2026-07-13,4256.6839,4749.624,4695.38,6001.65,4849.04,5198.11,10483.35,31967.87
2026-07-14,4328.8209,4862.6538,4796.5,6119.19,4902.29,5307.5,10574.97,32585.64
2026-07-15,4399.6581,4934.1378,4786.78,6075.66,4958.5,5378.84,10709.77,33168.56
2026-07-16,4370.0775,4890.9208,4698.43,5956.5,4894.72,5321.07,10607.56,32943.05
2026-07-17,4363.5019,4847.6195,4529.1,5671.75,4896.85,5281.81,10633.94,31554.24
2026-07-20,4487.1542,5020.032,4598.32,5638.62,5033.99,5450.51,10913.01,32603.61
2026-07-21,4460.0441,5006.093,4739.23,5833.73,4999.01,5391.09,10769.53,32949.44
2026-07-22,4492.5391,5041.9557,4717.24,5790.76,5046.26,5452.59,10824.3,32962.7
2026-07-23,4535.4129,5114.1835,4728.0,5816.08,5092.42,5505.69,10872.34,33105.3
2026-07-24,4478.0783,5017.8184,4649.19,5687.26,5041.24,5404.28,10775.41,32210.4
2026-07-27,4485.3189,5043.1898,4702.43,5807.8,5042.33,5434.0,10818.93,32715.99
2026-07-28,4517.1604,5041.4909,4569.52,5648.71,5061.8,5437.92,10899.73,32327.81
2026-07-29,4583.2576,5117.521,4600.26,5692.34,5097.02,5519.12,11000.28,33039.38
2026-07-30,4654.4716,5176.6706,4549.72,5581.37,5170.78,5579.6,11171.66,33138.78
2026-07-31,4624.0166,5172.6391,4588.2,5681.24,5127.96,5569.41,11125.28,33503.52
2026-08-03,4615.7342,5166.0907,4543.18,5652.57,5126.69,5549.16,11140.27,33230.41
2026-08-04,4541.7006,5107.3056,4600.93,5766.33,5037.5,5459.34,10899.39,33477.02
2026-08-05,4524.7824,5100.7197,4658.15,5881.85,5033.09,5447.98,10766.13,33882.53
2026-08-06,4529.3299,5093.1157,4651.31,5896.36,5030.87,5513.67,10781.2,33758.86
2026-08-07,4501.4652,5081.878,4694.44,5978.3,5015.37,5506.75,10715.06,34236.96
2026-08-10,4555.4232,5166.1139,4702.02,6009.53,5053.83,5561.23,10753.99,34690.78
2026-08-11,4535.5,5165.3675,4663.79,5966.59,5030.71,5531.31,10757.2,34439.35
2026-08-12,4521.9586,5162.3461,4690.92,6024.05,5016.07,5513.68,10709.62,34468.08
2026-08-13,4485.4116,5106.3446,4663.95,5973.27,5004.31,5464.42,10695.18,34086.31
2026-08-14,4462.4022,5093.9294,4665.88,5991.02,4969.27,5478.39,10655.59,34036.07
2026-08-17,4470.3088,5139.5809,4741.1,6112.7,4988.41,5500.06,10687.28,34372.76
2026-08-18,4491.6167,5159.5206,4725.81,6097.5,5011.01,5534.83,10724.73,34426.18
2026-08-19,4518.4644,5114.3493,4588.7,5846.42,5034.24,5553.33,10852.25,33584.01
2026-08-20,4524.789,5137.8946,4592.75,5882.46,5034.61,5585.1,10915.94,34027.49
2026-08-21,4492.2654,5127.3093,4618.9,5902.11,5035.81,5579.34,10858.77,33771.36
2026-08-24,4532.2808,5131.2434,4563.13,5818.51,5073.69,5653.4,10975.8,33541.54
2026-08-25,4534.4198,5138.7675,4552.03,5832.92,5067.46,5619.16,10962.66,33688.59
2026-08-26,4558.5981,5155.078,4590.79,5867.44,5108.9,5658.97,11002.01,33706.38
2026-08-27,4534.1419,5142.7087,4630.28,5958.93,5096.66,5676.05,10925.83,34203.84
2026-08-28,4532.3506,5176.0833,4609.18,5935.03,5096.83,5691.52,10941.54,34135.68
2026-08-31,4538.9008,5183.4832,4625.09,5969.33,5135.34,5718.42,11021.06,34087.79
2026-09-01,4571.1414,5184.203,4611.44,5939.14,5182.7,5719.05,11154.63,33903.13
2026-09-02,4524.0887,5095.96,4547.96,5860.85,5136.34,5634.58,11083.48,33407.67
2026-09-03,4541.4232,5105.6613,4552.58,5867.18,5155.08,5635.06,11072.9,33632.21
2026-09-04,4568.8428,5137.6787,4548.05,5830.14,5180.24,5648.28,11122.86,33718.85
2026-09-07,4527.6288,5116.8404,4575.02,5893.09,5110.76,5580.21,11019.51,33528.53
2026-09-08,4544.9019,5155.052,4558.74,5894.74,5110.69,5652.8,11127.26,33428.58
2026-09-09,4574.0563,5194.0584,4572.6,5899.03,5143.83,5716.0,11161.29,33459.3
2026-09-10,4556.2594,5155.954,4548.39,5851.83,5155.1,5677.09,11194.74,33145.69
2026-09-11,4509.0623,5098.543,4510.16,5769.02,5105.23,5580.28,11082.15,32651.38
2026-09-14,4506.4152,5097.7342,4480.08,5761.88,5110.02,5568.76,11123.89,32707.13
2026-09-15,4452.3346,5058.299,4450.04,5723.69,5066.47,5534.25,11021.32,32500.48
2026-09-16,4433.8961,5027.3496,4480.27,5797.55,5035.14,5503.7,10931.94,32674.38
2026-09-17,4404.0431,5014.9505,4460.16,5778.35,5028.45,5473.85,10890.55,32316.77
2026-09-18,4415.3231,5035.508,4507.39,5862.03,5039.83,5461.76,10871.21,32599.86
2026-09-21,4396.6345,5073.9947,4539.57,5921.92,5063.93,5527.38,10894.17,32761.47
2026-09-22,4403.9326,5059.7008,4544.59,5923.5,5067.83,5527.97,10897.72,32800.06
2026-09-23,4374.5716,5002.0669,4517.28,5897.66,5035.12,5484.03,10847.74,32764.29
2026-09-24,4360.1143,4974.9434,4439.14,5788.14,5014.45,5469.4,10848.95,32175.64
2026-09-28,4346.0461,4963.6713,4340.76,5630.2,4992.02,5439.6,10826.46,31738.75
2026-09-29,4359.3326,4972.8041,4345.21,5650.25,4990.05,5428.67,10819.28,31834.61
2026-09-30,4413.0448,5014.3957,4357.62,5648.25,5037.22,5493.34,10971.43,32172.27
