date,价值100,自由现金流,沪深300,中证全指,300价值,中证红利,红利低波,红利质量
2012-12-31,1000.0,1000.0,2757.77,3001.24,3128.33,3072.39,4968.02,7748.04
2013-01-04,1000.6886,996.8178,2759.37,2996.77,3150.16,3076.42,4969.39,7641.31
2013-01-07,1006.4233,1002.3926,2772.02,3019.12,3173.48,3105.49,5013.39,7714.81
2013-01-08,998.8736,1002.7489,2760.37,3026.69,3134.39,3083.39,5004.29,7818.15
2013-01-09,1000.4799,1009.6756,2761.24,3029.73,3125.54,3079.06,4995.99,7902.47
2013-01-10,1003.9027,1010.125,2766.1,3041.0,3126.75,3082.76,5002.2,7899.7
2013-01-11,984.1628,988.5663,2714.35,2979.43,3068.97,3021.79,4916.82,7811.49
2013-01-14,1017.4429,1013.3235,2817.64,3088.27,3192.69,3143.86,5082.16,8007.3
2013-01-15,1023.0358,1021.78,2837.46,3124.7,3200.16,3151.4,5130.52,8071.31
2013-01-16,1007.8881,1014.3441,2816.95,3110.18,3156.77,3112.45,5078.83,8052.8
2013-01-17,1006.145,1007.9313,2790.35,3078.81,3130.63,3090.08,5042.92,8021.68
2013-01-18,1026.7913,1021.9398,2837.01,3129.42,3194.24,3139.35,5119.22,8122.23
2013-01-21,1036.7162,1033.5111,2853.9,3150.71,3232.19,3170.03,5156.79,8104.3
2013-01-22,1028.6883,1019.2718,2838.6,3118.6,3234.88,3162.09,5122.83,7983.16
2013-01-23,1028.6156,1018.0477,2850.14,3129.08,3246.17,3177.98,5140.92,8025.84
2013-01-24,1016.8407,999.5949,2823.14,3082.8,3230.98,3159.27,5104.09,7883.71
2013-01-25,1010.2773,999.9956,2811.03,3073.32,3215.45,3145.76,5087.57,7862.98
2013-01-28,1040.5516,1023.0857,2898.68,3161.8,3335.84,3267.41,5227.71,7930.29
2013-01-29,1049.0071,1027.7197,2924.92,3190.93,3361.3,3309.16,5246.4,7977.52
2013-01-30,1058.2522,1031.0249,2938.96,3203.34,3385.25,3323.1,5295.29,8038.61
2013-01-31,1050.5158,1031.7184,2936.96,3194.54,3382.9,3335.83,5293.35,7983.69
2013-02-01,1063.4294,1040.0931,2998.66,3242.81,3474.36,3432.47,5387.49,8034.3
2013-02-04,1056.8713,1047.4696,3003.8,3236.43,3492.37,3446.74,5416.17,7951.61
2013-02-05,1076.0728,1061.7338,3029.65,3265.75,3508.64,3455.44,5478.51,8139.05
2013-02-06,1069.1183,1059.333,3034.2,3276.5,3510.3,3459.38,5462.95,8201.85
2013-02-07,1070.4891,1057.4265,3016.74,3270.56,3456.35,3402.88,5419.75,8284.76
2013-02-08,1086.4914,1069.5993,3029.7,3297.82,3458.31,3390.65,5446.41,8407.84
2013-02-18,1080.3989,1071.753,2992.26,3283.46,3422.12,3363.1,5435.17,8341.85
2013-02-19,1051.2211,1047.9929,2935.57,3224.25,3361.1,3322.51,5377.55,8201.43
2013-02-20,1062.9792,1061.2918,2954.18,3263.04,3362.34,3322.07,5409.17,8409.39
2013-02-21,1027.6333,1030.1055,2853.52,3172.01,3233.36,3191.31,5247.77,8332.45
2013-02-22,1021.5693,1028.1121,2838.28,3159.1,3196.19,3157.07,5201.51,8323.95
2013-02-25,1023.8613,1033.9542,2847.41,3179.51,3211.76,3181.09,5268.98,8328.45
2013-02-26,1004.9815,1013.6843,2806.57,3135.05,3170.1,3143.27,5194.2,8228.56
2013-02-27,1016.6353,1015.6095,2836.17,3154.84,3209.9,3186.54,5225.48,8213.92
2013-02-28,1048.7077,1040.0854,2922.14,3236.24,3325.32,3292.98,5353.82,8355.14
2013-03-01,1050.178,1043.1935,2917.23,3250.37,3306.91,3283.53,5379.45,8448.18
2013-03-04,1000.7594,1003.9598,2782.66,3118.82,3121.98,3126.52,5223.88,8215.4
2013-03-05,1015.4238,1017.2798,2866.92,3202.82,3233.44,3260.19,5393.18,8418.2
2013-03-06,1026.8017,1033.8527,2896.87,3244.58,3270.12,3292.88,5472.17,8533.21
2013-03-07,1017.5906,1029.4722,2863.28,3207.58,3225.61,3245.6,5396.12,8482.39
2013-03-08,1011.7046,1023.393,2849.56,3185.62,3222.03,3239.06,5411.25,8389.46
2013-03-11,1009.2021,1019.9848,2833.65,3175.85,3190.96,3203.16,5384.81,8340.48
2013-03-12,994.8899,1002.3571,2793.48,3116.08,3147.28,3147.1,5280.39,8147.45
2013-03-13,979.8736,991.4603,2762.73,3085.02,3108.6,3117.45,5215.42,8125.14
2013-03-14,980.5028,1004.6394,2770.15,3094.57,3117.1,3129.18,5227.95,8189.05
2013-03-15,983.4346,1007.2966,2776.27,3100.79,3126.9,3143.7,5253.06,8212.47
2013-03-18,967.8659,991.4125,2735.41,3059.11,3084.84,3102.74,5227.1,8058.1
2013-03-19,974.2114,997.0085,2760.22,3077.83,3125.94,3139.74,5280.36,8009.8
2013-03-20,999.6311,1017.3925,2853.22,3170.66,3242.29,3253.95,5437.9,8211.56
2013-03-21,1001.7324,1017.6182,2858.58,3188.89,3239.4,3253.15,5519.14,8290.16
2013-03-22,1006.3254,1025.926,2862.21,3195.48,3244.17,3254.47,5541.33,8326.06
2013-03-25,1000.2825,1018.6743,2856.51,3191.17,3237.41,3244.15,5579.61,8311.25
2013-03-26,991.7208,1005.5266,2814.92,3155.73,3178.67,3181.36,5505.73,8315.78
2013-03-27,993.2982,1002.647,2824.19,3165.38,3195.4,3193.05,5506.62,8347.89
2013-03-28,975.3783,984.3487,2732.12,3067.77,3071.41,3058.38,5324.03,8206.12
2013-03-29,973.4616,980.5696,2727.51,3064.86,3076.62,3062.35,5347.53,8158.39
2013-04-01,976.1963,979.1278,2725.43,3072.62,3070.69,3053.76,5394.63,8131.54
2013-04-02,975.6438,978.7107,2718.0,3049.57,3070.62,3046.99,5364.35,7960.65
2013-04-03,974.5244,976.5385,2714.92,3035.41,3079.05,3053.71,5341.56,7907.3
2013-04-08,969.0355,971.4429,2702.62,3033.62,3053.18,3032.06,5354.13,7975.44
2013-04-09,976.4227,975.9084,2721.35,3057.7,3078.1,3051.0,5379.91,7957.24
2013-04-10,976.0233,974.8488,2716.85,3050.24,3068.24,3039.29,5363.26,7926.23
2013-04-11,969.0085,972.3495,2708.82,3040.53,3064.43,3035.29,5341.01,7885.0
2013-04-12,961.6371,967.2113,2691.77,3019.27,3043.39,3015.0,5296.44,7874.96
2013-04-15,956.1563,953.7018,2664.22,2984.41,3022.98,2988.58,5238.54,7779.09
2013-04-16,969.1325,952.3833,2689.15,3013.14,3050.5,2994.11,5260.65,7795.25
2013-04-17,974.6255,957.1079,2687.92,3024.6,3031.77,2970.21,5254.25,7907.6
2013-04-18,977.1432,960.0901,2694.9,3032.82,3043.94,2984.48,5302.06,7902.2
2013-04-19,995.573,979.989,2770.31,3107.19,3140.24,3091.38,5461.95,8072.85
2013-04-22,987.3746,977.9313,2766.99,3113.98,3135.02,3097.81,5463.25,8044.97
2013-04-23,957.9691,952.9363,2678.24,3020.47,3030.04,3004.85,5282.46,7867.14
2013-04-24,972.5058,964.2795,2728.65,3080.4,3082.36,3060.5,5405.13,7989.04
2013-04-25,961.482,952.4144,2698.36,3039.11,3047.9,3030.82,5324.77,7943.93
2013-04-26,955.0074,941.4376,2675.93,3000.97,3026.59,3004.99,5265.33,7835.38
2013-05-02,951.4403,937.7443,2678.49,3010.71,3034.83,3012.97,5305.63,7832.27
2013-05-03,966.0282,951.6926,2726.46,3066.93,3088.67,3066.42,5386.48,8003.59
2013-05-06,977.6139,966.3398,2762.62,3113.97,3117.9,3098.37,5433.02,8141.09
2013-05-07,985.4864,974.0819,2767.0,3120.21,3120.75,3096.06,5469.93,8177.39
2013-05-08,988.4121,976.0145,2781.07,3142.66,3137.35,3103.3,5491.64,8245.66
2013-05-09,979.9195,972.6824,2764.75,3134.71,3107.17,3086.65,5512.1,8263.54
2013-05-10,987.3604,976.3824,2779.05,3152.82,3130.12,3104.47,5558.0,8289.59
2013-05-13,981.2263,975.2004,2768.07,3152.77,3113.17,3096.06,5555.12,8236.61
2013-05-14,963.7806,961.6046,2727.3,3111.38,3070.27,3065.64,5460.37,8079.26
2013-05-15,967.2597,965.4631,2742.35,3140.08,3077.5,3083.27,5496.02,8141.19
2013-05-16,979.4414,973.6334,2793.65,3184.71,3134.59,3129.4,5564.02,8229.17
2013-05-17,995.773,992.5838,2836.87,3232.34,3180.11,3168.04,5612.62,8365.18
2013-05-20,1006.1248,997.0841,2857.0,3266.12,3208.24,3197.3,5668.28,8319.47
2013-05-21,1011.1776,999.6642,2862.8,3289.06,3202.63,3189.42,5712.69,8378.86
2013-05-22,1011.7021,992.7137,2866.74,3277.38,3206.08,3192.58,5662.82,8349.3
2013-05-23,997.8013,983.7878,2829.16,3243.81,3148.39,3139.22,5586.61,8293.15
2013-05-24,999.8355,987.185,2845.34,3276.68,3154.27,3152.04,5615.84,8386.95
2013-05-27,996.561,988.0944,2848.34,3293.62,3147.44,3155.35,5646.3,8391.68
2013-05-28,1015.3127,999.0684,2897.57,3322.61,3219.0,3213.74,5718.92,8446.12
2013-05-29,1017.5662,1002.2918,2895.64,3331.87,3210.11,3205.51,5721.84,8505.34
2013-05-30,1013.9916,998.8976,2886.82,3330.28,3197.74,3205.27,5722.44,8470.11
2013-05-31,1004.226,990.5251,2856.76,3303.26,3169.23,3182.32,5698.79,8470.23
2013-06-03,1005.505,990.5078,2856.57,3292.03,3169.35,3180.9,5683.84,8454.65
2013-06-04,988.3107,973.5987,2816.45,3236.78,3132.94,3144.95,5593.62,8288.59
2013-06-05,988.9885,973.3717,2812.11,3240.99,3114.53,3129.41,5580.74,8319.64
2013-06-06,977.3239,962.9536,2777.73,3195.71,3074.98,3088.78,5487.36,8199.24
2013-06-07,958.1944,946.5774,2732.89,3144.77,3029.19,3048.12,5403.06,8097.85
2013-06-13,925.6279,910.8236,2645.17,3051.86,2932.45,2958.76,5243.06,7937.57
2013-06-14,927.8738,913.6319,2664.2,3092.18,2939.22,2968.34,5275.0,8060.92
2013-06-17,916.1142,905.6243,2650.37,3089.0,2918.68,2952.51,5267.0,8139.14
2013-06-18,924.5174,903.4155,2668.36,3104.41,2938.78,2964.08,5323.71,8163.82
2013-06-19,919.7426,902.6189,2649.69,3085.46,2902.21,2931.39,5272.94,8152.48
2013-06-20,898.5051,878.7286,2562.65,2985.75,2803.68,2835.41,5110.3,7885.29
2013-06-21,897.3448,875.2592,2559.8,2976.92,2804.68,2833.09,5096.81,7921.05
2013-06-24,853.3718,829.5588,2398.48,2793.72,2619.26,2651.39,4794.63,7595.52
2013-06-25,850.0107,825.8921,2392.49,2786.39,2618.04,2646.48,4766.88,7614.12
2013-06-26,851.1763,822.177,2398.07,2818.22,2603.14,2631.1,4783.9,7712.48
2013-06-27,849.8306,819.7582,2391.77,2792.97,2619.27,2641.17,4770.94,7638.45
2013-06-28,861.8265,824.1455,2438.25,2820.13,2695.65,2713.4,4813.2,7667.48
2013-07-01,861.3463,828.9553,2453.76,2858.48,2693.71,2721.6,4850.13,7779.67
2013-07-02,860.9907,834.6254,2463.42,2887.84,2682.03,2722.88,4870.02,7944.38
2013-07-03,857.0217,832.2283,2445.76,2878.99,2654.87,2703.14,4831.36,7969.22
2013-07-04,873.5575,846.973,2466.82,2900.45,2683.39,2718.4,4875.98,7968.05
2013-07-05,878.6681,846.5118,2473.35,2894.79,2699.57,2725.15,4888.98,7927.59
2013-07-08,859.2222,819.187,2405.48,2802.91,2641.96,2662.32,4758.8,7726.16
2013-07-09,860.5031,825.9849,2404.59,2811.11,2642.34,2675.07,4776.82,7781.73
2013-07-10,886.4234,848.3542,2473.09,2891.25,2709.18,2737.01,4900.16,7955.98
2013-07-11,916.3346,880.9946,2592.22,2999.77,2857.06,2891.47,5103.24,8135.82
2013-07-12,895.4124,865.4895,2535.26,2957.38,2783.36,2817.98,5008.64,8065.17
2013-07-15,901.9097,869.6927,2570.96,3010.14,2801.9,2850.51,5061.45,8201.1
2013-07-16,906.7548,875.2128,2582.91,3033.42,2807.52,2857.81,5082.25,8270.73
2013-07-17,899.5249,869.4397,2544.52,2989.65,2779.79,2817.23,5014.18,8155.36
2013-07-18,885.1098,858.5449,2503.41,2962.92,2725.91,2764.71,4944.85,8069.05
2013-07-19,861.2654,835.1861,2442.43,2894.64,2663.51,2704.75,4813.45,7870.13
2013-07-22,866.5841,842.6428,2458.26,2932.26,2663.0,2713.37,4871.37,7961.28
2013-07-23,887.7009,861.3955,2529.34,3010.18,2729.65,2778.55,4975.79,8147.98
2013-07-24,882.1397,858.1647,2511.92,3010.03,2694.76,2754.93,4976.94,8172.96
2013-07-25,879.9153,855.9037,2500.12,2973.33,2689.02,2746.25,4938.79,8107.59
2013-07-26,883.8747,856.3357,2485.15,2964.06,2681.08,2733.15,4920.37,8078.51
2013-07-29,867.9542,842.4354,2431.59,2905.43,2624.03,2672.57,4817.98,7968.85
2013-07-30,873.3361,847.7978,2446.58,2909.54,2650.63,2702.2,4864.18,7922.42
2013-07-31,883.1169,849.9632,2451.31,2919.96,2658.49,2703.34,4869.15,7968.35
2013-08-01,899.0379,867.0941,2509.82,2996.77,2709.55,2759.34,4979.1,8125.17
2013-08-02,902.3649,868.2667,2512.03,3003.3,2708.99,2753.51,4964.55,8124.87
2013-08-05,910.3072,880.406,2546.98,3047.58,2736.53,2780.37,5012.3,8273.67
2013-08-06,919.3779,892.5549,2564.29,3073.14,2742.86,2786.18,5054.31,8366.77
2013-08-07,915.6787,887.4588,2549.73,3047.48,2734.1,2768.48,5015.27,8304.34
2013-08-08,914.4886,885.2781,2546.54,3050.35,2726.29,2759.45,5012.25,8336.95
2013-08-09,916.1095,889.2881,2557.11,3059.87,2726.55,2764.9,5007.73,8362.43
2013-08-12,940.5395,916.6759,2631.81,3124.58,2819.29,2861.61,5150.06,8497.73
2013-08-13,938.8846,915.3672,2638.86,3138.81,2837.69,2880.05,5170.12,8518.73
2013-08-14,939.2159,909.7984,2627.69,3128.48,2827.84,2867.36,5161.03,8484.18
2013-08-15,937.9487,906.2106,2597.06,3092.78,2802.01,2842.86,5131.65,8377.94
2013-08-16,930.9876,896.5544,2577.84,3049.3,2799.7,2839.48,5097.47,8239.73
2013-08-19,939.0058,905.1594,2608.65,3096.76,2831.96,2868.89,5169.98,8347.89
2013-08-20,933.4165,899.9042,2587.54,3083.73,2815.5,2856.14,5153.4,8295.23
2013-08-21,930.6098,901.5879,2583.42,3090.57,2798.04,2847.22,5149.79,8304.04
2013-08-22,928.6188,896.2479,2578.66,3091.99,2791.72,2839.06,5134.32,8323.23
2013-08-23,923.8968,890.5309,2559.63,3078.82,2763.63,2810.31,5097.45,8336.44
2013-08-26,943.7622,909.8883,2614.12,3142.9,2815.98,2870.79,5207.02,8547.25
2013-08-27,947.9742,917.6371,2620.01,3159.41,2819.21,2875.73,5223.92,8616.99
2013-08-28,946.6312,922.0323,2605.7,3137.07,2805.75,2862.45,5211.73,8582.64
2013-08-29,945.0462,920.0655,2594.8,3130.59,2798.23,2854.09,5218.92,8555.08
2013-08-30,950.7405,929.8359,2589.87,3107.71,2810.4,2855.45,5232.06,8467.01
2013-09-02,945.5653,932.0853,2597.07,3122.86,2813.25,2865.04,5202.36,8493.31
2013-09-03,958.1933,936.9127,2635.3,3169.62,2863.33,2906.67,5266.47,8579.77
2013-09-04,959.0174,946.8368,2631.05,3170.56,2861.27,2908.99,5264.81,8600.71
2013-09-05,957.002,944.5485,2621.01,3169.72,2852.29,2903.52,5222.29,8606.57
2013-09-06,964.4459,953.0237,2638.97,3193.15,2876.94,2934.84,5282.62,8686.73
2013-09-09,984.1497,972.3614,2731.68,3263.35,3019.03,3083.64,5446.6,8713.0
2013-09-10,1006.5504,995.3885,2772.36,3300.74,3062.66,3131.91,5534.92,8735.58
2013-09-11,1011.9505,1001.1972,2781.31,3289.19,3077.04,3134.04,5526.2,8670.52
2013-09-12,1018.2107,1001.1968,2809.39,3309.49,3125.4,3187.51,5626.55,8683.34
2013-09-13,1011.0336,989.5231,2788.61,3301.86,3083.7,3139.32,5575.88,8788.98
2013-09-16,1001.5251,984.9147,2776.83,3301.64,3064.9,3125.17,5571.03,8834.46
2013-09-17,982.011,958.5957,2719.61,3240.54,2997.24,3056.81,5454.3,8656.35
2013-09-18,984.1699,965.993,2725.42,3258.66,2998.15,3060.25,5486.3,8695.22
2013-09-23,999.9145,981.9985,2769.99,3318.2,3030.51,3090.44,5566.21,8861.32
2013-09-24,993.2874,983.0895,2738.17,3301.9,2966.58,3033.06,5563.9,8886.8
2013-09-25,994.1644,987.5924,2721.53,3284.72,2950.58,3012.45,5555.43,8889.5
2013-09-26,968.9621,960.3259,2671.57,3224.14,2885.1,2958.91,5397.53,8767.44
2013-09-27,970.3702,959.2056,2683.37,3236.14,2897.48,2974.13,5415.41,8843.5
2013-09-30,974.9045,962.3875,2699.12,3269.11,2906.39,2984.84,5477.54,8928.38
2013-10-08,986.7058,972.1339,2735.87,3318.78,2941.4,3007.99,5550.65,8974.35
2013-10-09,992.4976,973.6466,2749.06,3347.67,2953.76,3022.4,5609.26,9053.8
2013-10-10,1000.4236,972.3399,2721.9,3318.23,2920.01,2970.81,5538.06,8897.62
2013-10-11,1020.1292,989.0126,2765.81,3369.39,2976.53,3031.38,5680.6,9099.09
2013-10-14,1031.5279,1001.1069,2770.33,3390.0,2976.57,3026.92,5752.06,9268.22
2013-10-15,1031.6753,1006.7316,2764.7,3386.3,2958.58,3011.65,5764.41,9315.89
2013-10-16,1005.2415,988.666,2713.0,3306.29,2911.96,2965.86,5660.4,9149.18
2013-10-17,999.5569,983.6889,2703.99,3299.34,2901.46,2960.81,5652.35,9118.95
2013-10-18,1003.4093,986.1255,2718.29,3317.6,2909.78,2971.07,5652.57,9202.33
2013-10-21,1028.8538,1006.8959,2769.02,3390.46,2953.68,3015.92,5834.41,9447.03
2013-10-22,1014.177,997.5529,2740.52,3354.47,2924.67,2988.3,5764.54,9296.35
2013-10-23,998.1558,975.9668,2709.82,3294.39,2913.24,2972.64,5689.58,9082.58
2013-10-24,1002.6292,973.5225,2689.67,3270.84,2899.29,2944.73,5642.29,9041.9
2013-10-25,982.8404,958.3362,2653.87,3218.87,2888.08,2926.63,5596.2,8825.17
2013-10-28,985.8999,962.8257,2650.99,3214.23,2894.31,2924.73,5594.5,8789.04
2013-10-29,981.1599,959.386,2657.83,3178.29,2929.35,2957.07,5543.56,8658.73
2013-10-30,1004.1779,985.9414,2697.51,3227.25,2979.21,2994.08,5643.96,8826.14
2013-10-31,996.8563,974.1697,2659.69,3183.52,2942.16,2952.97,5586.3,8682.27
2013-11-01,1003.5943,975.0408,2672.29,3184.06,2967.88,2977.43,5599.67,8696.33
2013-11-04,1009.7075,978.3872,2667.24,3190.48,2958.14,2967.62,5629.14,8717.22
2013-11-05,1008.7116,981.2021,2670.96,3215.01,2948.46,2961.22,5656.51,8781.62
2013-11-06,996.6717,971.5626,2637.12,3179.75,2909.54,2925.56,5588.13,8691.52
2013-11-07,985.7783,962.5817,2622.53,3149.99,2908.12,2925.4,5558.36,8572.95
2013-11-08,975.1659,951.9474,2586.0,3106.0,2879.43,2889.68,5500.95,8446.52
2013-11-11,975.2367,950.3357,2594.9,3120.05,2886.04,2896.55,5508.96,8512.25
2013-11-12,986.4228,958.2565,2621.91,3151.11,2919.38,2925.3,5542.59,8633.84
2013-11-13,965.488,936.639,2563.78,3087.52,2845.19,2847.47,5399.0,8463.18
2013-11-14,975.5651,943.5237,2582.14,3120.82,2847.38,2845.41,5416.66,8562.33
2013-11-15,994.3398,960.151,2633.94,3183.17,2898.16,2895.29,5499.97,8719.39
2013-11-18,1024.4726,985.2488,2721.53,3273.71,3006.01,3008.57,5680.4,8872.44
2013-11-19,1023.2357,983.6368,2702.77,3268.29,2984.55,2984.24,5690.68,8878.29
2013-11-20,1031.27,990.0769,2716.99,3291.13,2996.19,2994.35,5732.16,8905.19
2013-11-21,1027.5022,990.4201,2700.34,3276.17,2974.15,2983.13,5728.93,8860.19
2013-11-22,1022.6541,983.7087,2686.86,3260.73,2960.62,2973.32,5713.59,8847.05
2013-11-25,1018.8045,980.5557,2676.4,3254.92,2949.7,2953.73,5675.72,8847.35
2013-11-26,1018.6668,983.3806,2675.04,3258.77,2948.89,2950.01,5673.33,8813.99
2013-11-27,1023.9382,990.8076,2705.37,3298.27,2969.32,2978.08,5728.0,8876.84
2013-11-28,1037.0711,1000.4668,2733.43,3328.1,2998.73,3001.65,5777.0,9012.13
2013-11-29,1034.4157,999.8946,2732.79,3342.54,2991.77,2998.33,5788.77,9077.41
2013-12-02,1018.31,981.165,2710.2,3242.76,2999.07,3028.6,5708.58,8741.39
2013-12-03,1035.7714,999.9093,2737.09,3288.92,3014.75,3037.08,5800.58,8958.37
2013-12-04,1058.2694,1017.1281,2773.34,3333.51,3058.71,3063.69,5915.61,9063.71
2013-12-05,1061.7905,1019.6943,2765.56,3322.85,3046.76,3054.38,5913.75,9022.15
2013-12-06,1058.3872,1017.6846,2747.74,3307.65,3028.61,3036.69,5879.51,9008.04
2013-12-09,1063.2167,1021.7575,2746.15,3323.24,3022.88,3029.53,5912.19,9071.01
2013-12-10,1082.0748,1030.8934,2748.9,3326.01,3032.8,3035.0,5938.59,9127.87
2013-12-11,1067.6249,1015.737,2703.45,3283.13,2976.64,2980.24,5872.7,9032.88
2013-12-12,1061.2084,1010.8939,2700.37,3291.11,2966.09,2970.01,5865.97,9126.39
2013-12-13,1063.7656,1014.011,2696.59,3293.9,2960.43,2956.07,5873.4,9149.62
2013-12-16,1046.5954,995.7662,2653.21,3244.02,2923.96,2929.26,5794.02,9005.45
2013-12-17,1033.6293,986.9807,2640.27,3226.08,2905.62,2912.66,5760.58,8897.83
2013-12-18,1031.267,983.6847,2641.22,3224.27,2903.8,2910.84,5758.33,8877.99
2013-12-19,1023.3973,976.0656,2613.42,3193.02,2869.48,2886.59,5707.8,8859.44
2013-12-20,1000.5431,956.8917,2552.6,3136.99,2788.9,2834.23,5559.21,8714.85
2013-12-23,1006.1166,960.6629,2559.85,3137.32,2800.25,2836.18,5602.58,8826.07
2013-12-24,1012.1217,967.1933,2563.93,3153.18,2802.69,2847.14,5620.48,8923.87
2013-12-25,1015.4135,969.88,2582.83,3186.81,2815.77,2864.67,5659.16,9059.82
2013-12-26,994.2607,950.8671,2538.26,3131.81,2767.97,2807.07,5557.93,8858.56
2013-12-27,1011.7341,964.091,2581.0,3184.74,2817.33,2852.48,5651.33,9023.57
2013-12-30,1006.9731,961.489,2576.5,3190.05,2811.19,2841.15,5635.14,9066.87
2013-12-31,1020.4536,969.7255,2610.75,3214.22,2857.17,2865.32,5691.47,9106.23
2014-01-02,1011.9393,965.2425,2601.73,3222.46,2831.65,2860.94,5667.43,9195.78
2014-01-03,995.0841,950.0317,2566.77,3193.24,2782.0,2824.95,5592.57,9099.09
2014-01-06,965.3466,925.2012,2508.35,3114.32,2723.65,2759.39,5487.04,8857.04
2014-01-07,962.6257,923.6115,2507.63,3126.34,2718.74,2760.42,5482.93,8891.1
2014-01-08,959.0504,922.551,2512.02,3139.36,2720.53,2751.88,5486.51,8950.7
2014-01-09,949.794,910.2012,2489.95,3103.44,2707.98,2721.89,5444.83,8815.83
2014-01-10,946.6176,904.5727,2470.49,3065.11,2704.37,2696.0,5393.71,8716.11
2014-01-13,939.8393,900.4405,2457.97,3053.36,2695.57,2690.95,5383.65,8697.56
2014-01-14,956.0759,913.5081,2479.45,3098.28,2713.83,2726.42,5443.44,8925.21
2014-01-15,956.8305,909.4591,2475.07,3107.77,2697.05,2720.81,5425.66,8983.98
2014-01-16,958.0955,913.0797,2478.34,3109.47,2702.15,2729.71,5435.2,8927.23
2014-01-17,944.6176,899.1406,2440.97,3071.4,2667.06,2703.11,5361.9,8843.8
2014-01-20,949.2149,899.4313,2426.97,3050.74,2656.0,2690.41,5364.12,8773.61
2014-01-21,958.3442,909.1817,2450.96,3090.15,2677.5,2716.98,5413.76,8872.56
2014-01-22,989.1505,929.8094,2514.14,3166.16,2739.71,2779.01,5532.8,9087.72
2014-01-23,989.2435,929.5528,2500.82,3170.94,2713.87,2769.61,5512.94,9169.27
2014-01-24,999.759,935.3729,2516.27,3202.33,2719.52,2792.15,5542.55,9318.21
2014-01-27,990.1818,925.647,2482.92,3177.58,2683.89,2768.46,5505.54,9306.22
2014-01-28,988.9171,923.8322,2487.34,3176.33,2700.75,2778.83,5524.11,9298.04
2014-01-29,989.2118,929.5341,2496.22,3199.33,2711.28,2806.46,5568.44,9387.56
2014-01-30,977.8168,922.8902,2467.83,3173.84,2681.93,2782.9,5537.46,9338.84
2014-02-07,984.9361,927.1159,2479.07,3211.45,2682.0,2812.09,5588.53,9466.0
2014-02-10,1006.2704,947.9334,2540.76,3294.07,2731.88,2890.3,5705.1,9708.03
2014-02-11,1008.1933,952.7341,2560.96,3307.92,2767.31,2910.46,5736.68,9645.05
2014-02-12,1013.7868,959.2561,2567.46,3331.93,2767.63,2927.89,5751.14,9725.31
2014-02-13,1009.2224,953.9817,2554.36,3293.75,2774.66,2907.08,5713.37,9535.53
2014-02-14,1022.0755,961.1862,2572.31,3336.22,2782.59,2938.59,5766.38,9722.42
2014-02-17,1030.457,969.5202,2590.32,3382.62,2788.49,2979.02,5836.23,9899.27
2014-02-18,1024.7572,964.4611,2557.6,3360.71,2749.33,2974.17,5819.01,9845.2
2014-02-19,1033.904,971.0278,2586.97,3380.3,2799.04,2993.6,5880.73,9901.58
2014-02-20,1027.4125,971.101,2563.19,3338.91,2780.84,2984.1,5849.48,9762.13
2014-02-21,1011.284,957.5178,2537.26,3315.93,2752.46,2947.18,5779.35,9690.12
2014-02-24,974.2723,936.1311,2481.48,3283.8,2677.7,2909.9,5699.9,9503.82
2014-02-25,951.7169,916.1336,2418.05,3178.51,2629.37,2828.52,5562.11,9142.65
2014-02-26,955.3791,920.7465,2424.21,3192.68,2634.33,2843.54,5568.76,9133.68
2014-02-27,949.7472,919.5173,2413.79,3162.42,2646.29,2847.88,5571.39,9001.52
2014-02-28,962.8171,932.563,2441.65,3196.61,2654.9,2869.92,5594.56,9106.05
2014-03-03,977.9383,949.8538,2454.43,3239.34,2658.11,2907.56,5659.29,9252.91
2014-03-04,974.1295,943.3789,2447.59,3235.48,2660.33,2890.67,5643.19,9189.06
2014-03-05,966.9357,937.1809,2424.85,3216.92,2630.23,2870.85,5614.76,9120.82
2014-03-06,975.3696,932.41,2435.67,3223.49,2654.41,2868.98,5618.5,9167.97
2014-03-07,973.312,928.845,2429.76,3214.42,2643.61,2857.16,5605.06,9172.92
2014-03-10,940.1795,899.9297,2350.68,3102.79,2561.47,2751.62,5434.69,8920.12
2014-03-11,950.9531,905.7951,2362.87,3108.65,2571.82,2756.48,5450.55,8902.95
2014-03-12,953.7726,908.0663,2369.0,3110.1,2587.46,2772.14,5437.61,8850.24
2014-03-13,966.2165,919.429,2398.36,3149.45,2617.63,2818.92,5558.13,9040.08
2014-03-14,960.258,912.8162,2378.75,3132.1,2597.61,2808.09,5555.64,9036.2
2014-03-17,976.0227,920.9733,2401.39,3181.74,2615.49,2849.66,5604.33,9326.65
2014-03-18,976.5405,926.4385,2395.89,3187.62,2606.58,2864.33,5623.37,9336.25
2014-03-19,972.0561,922.6294,2376.55,3174.06,2593.9,2851.9,5604.42,9248.72
2014-03-20,955.5187,905.7481,2338.56,3105.7,2571.91,2793.55,5502.52,8988.84
2014-03-21,985.0373,929.6217,2419.05,3184.31,2672.48,2861.13,5645.06,9134.07
2014-03-24,997.1447,936.7494,2438.94,3204.74,2698.6,2885.24,5676.35,9083.96
2014-03-25,998.7416,946.3968,2436.58,3203.95,2692.12,2890.57,5695.25,9079.68
2014-03-26,992.1661,940.1205,2432.77,3208.54,2686.02,2895.7,5689.36,9097.45
2014-03-27,986.8553,930.2856,2415.84,3168.28,2687.21,2857.87,5657.45,8876.97
2014-03-28,986.578,931.3657,2411.64,3127.87,2705.76,2830.54,5639.35,8775.19
2014-03-31,989.5173,931.3607,2405.3,3112.59,2701.91,2828.84,5631.77,8801.04
2014-04-01,1004.2548,938.0042,2424.14,3150.07,2711.19,2869.65,5714.7,8952.7
2014-04-02,1016.4708,946.1148,2443.88,3157.81,2747.8,2893.69,5746.84,8909.46
2014-04-03,1005.266,933.8388,2426.26,3145.9,2716.31,2858.56,5685.91,8887.38
2014-04-04,1011.3777,942.5021,2449.19,3178.95,2736.81,2877.3,5713.52,9005.28
2014-04-08,1025.9579,958.8207,2507.3,3230.24,2809.14,2920.91,5804.47,9158.82
2014-04-09,1025.9069,961.2855,2508.76,3247.67,2804.38,2933.78,5817.12,9267.96
2014-04-10,1036.6829,973.2759,2548.14,3280.15,2854.07,2970.03,5901.16,9347.78
2014-04-11,1048.238,978.0752,2544.69,3270.63,2849.8,2969.09,5926.58,9349.12
2014-04-14,1046.2385,978.3568,2542.45,3281.15,2836.84,2979.13,5931.33,9381.47
2014-04-15,1027.3796,963.0601,2498.58,3243.48,2780.19,2926.09,5828.35,9257.73
2014-04-16,1029.0367,964.5799,2502.16,3246.81,2788.42,2927.16,5840.38,9197.67
2014-04-17,1027.2344,960.5288,2493.51,3241.34,2774.28,2919.64,5820.81,9200.15
2014-04-18,1026.4961,957.9817,2493.14,3247.85,2768.42,2919.32,5818.92,9201.09
2014-04-21,1008.308,944.2714,2451.41,3196.32,2726.49,2868.32,5709.23,9096.47
2014-04-22,1010.5355,945.4947,2462.13,3191.17,2754.15,2864.83,5711.0,8992.0
2014-04-23,1018.5893,948.0018,2459.82,3183.87,2754.67,2850.83,5702.84,8971.4
2014-04-24,1018.7994,942.6282,2455.72,3165.92,2759.74,2843.39,5694.96,8924.06
2014-04-25,1003.2352,933.1611,2430.44,3116.63,2747.51,2803.13,5615.58,8749.42
2014-04-28,991.1058,919.9346,2393.63,3043.12,2724.28,2751.34,5548.41,8512.1
2014-04-29,1003.273,930.8795,2419.98,3079.58,2745.4,2783.98,5608.01,8646.12
2014-04-30,1002.4693,932.6845,2420.9,3094.32,2740.36,2797.4,5627.1,8791.13
2014-05-05,998.1384,933.5881,2418.45,3108.76,2724.56,2802.77,5625.23,8859.37
2014-05-06,995.1345,933.7275,2419.51,3119.84,2720.53,2808.45,5626.92,8853.67
2014-05-07,988.1135,923.1047,2397.12,3078.89,2705.46,2774.16,5570.53,8706.89
2014-05-08,987.3381,923.9452,2397.56,3080.1,2706.48,2774.48,5576.56,8663.3
2014-05-09,983.3374,922.6886,2395.78,3063.35,2701.81,2761.58,5553.88,8552.48
2014-05-12,998.2164,943.6149,2447.63,3131.65,2748.01,2834.36,5677.94,8778.53
2014-05-13,999.5824,940.9062,2441.79,3126.83,2744.22,2829.39,5671.18,8738.79
2014-05-14,998.0482,939.1029,2439.58,3125.44,2743.9,2827.42,5665.65,8747.52
2014-05-15,988.3919,929.99,2407.86,3076.17,2722.98,2785.27,5610.11,8603.36
2014-05-16,993.472,933.9693,2410.37,3073.15,2732.5,2782.23,5611.66,8524.04
2014-05-19,981.8992,930.4529,2376.03,3045.08,2694.85,2756.18,5556.07,8523.78
2014-05-20,978.8514,928.734,2376.74,3052.11,2698.05,2755.87,5555.36,8533.42
2014-05-21,988.5442,935.6071,2399.52,3080.16,2719.85,2783.37,5598.46,8622.2
2014-05-22,989.4071,933.7634,2394.71,3078.54,2718.54,2774.16,5589.38,8653.36
2014-05-23,1000.1524,939.2369,2415.25,3109.07,2741.69,2798.78,5626.73,8768.15
2014-05-26,1004.5826,942.547,2424.18,3134.45,2745.96,2824.37,5653.73,8876.8
2014-05-27,1002.2834,939.9516,2414.67,3122.88,2741.35,2815.13,5632.27,8831.65
2014-05-28,1014.4574,947.346,2439.75,3158.6,2764.22,2833.89,5672.55,9025.51
2014-05-29,1011.2352,943.6686,2423.82,3130.17,2755.12,2808.37,5636.22,8954.47
2014-05-30,1011.4309,946.7848,2425.42,3135.3,2751.74,2808.14,5614.75,8952.18
2014-06-03,1007.9259,947.0001,2418.5,3128.71,2746.96,2801.27,5610.1,8865.22
2014-06-04,995.0264,937.2708,2394.15,3102.04,2721.19,2771.99,5556.61,8743.58
2014-06-05,1007.0158,945.8118,2419.7,3138.57,2751.59,2798.21,5613.25,8870.69
2014-06-06,1001.7184,940.1196,2403.9,3124.39,2732.59,2782.44,5588.43,8825.26
2014-06-09,1003.793,940.5649,2403.52,3114.46,2738.57,2774.71,5580.2,8740.25
2014-06-10,1017.3715,948.8595,2433.91,3153.46,2772.39,2809.35,5642.97,8876.31
2014-06-11,1018.0125,950.1976,2433.34,3162.67,2767.69,2818.99,5657.11,8912.98
2014-06-12,1012.4409,946.1927,2425.69,3156.32,2756.93,2805.35,5622.62,8865.25
2014-06-13,1021.8039,952.9869,2452.25,3190.68,2792.17,2843.2,5683.78,8950.73
2014-06-16,1028.4265,958.4271,2470.65,3213.17,2817.35,2873.83,5733.42,9024.2
2014-06-17,1016.6432,949.8146,2447.65,3184.58,2790.21,2849.99,5690.97,8904.55
2014-06-18,1012.222,946.6468,2438.22,3167.58,2778.24,2825.7,5648.27,8854.87
2014-06-19,1001.2073,934.0917,2400.96,3100.08,2750.75,2767.51,5556.89,8622.42
2014-06-20,1004.141,937.3013,2414.63,3124.93,2765.92,2794.66,5581.83,8712.49
2014-06-23,1001.7812,936.0689,2413.0,3140.48,2750.86,2797.81,5581.65,8792.45
2014-06-24,1011.0438,941.3898,2428.91,3161.92,2762.51,2814.37,5613.9,8860.4
2014-06-25,1006.511,938.5873,2418.37,3147.69,2752.74,2804.96,5590.36,8819.18
2014-06-26,1014.645,946.4782,2436.8,3182.66,2769.5,2831.57,5640.81,8941.04
2014-06-27,1019.9224,950.0652,2440.02,3197.3,2766.39,2849.4,5661.14,8976.1
2014-06-30,1028.3899,958.9892,2457.31,3224.69,2783.08,2874.66,5699.95,9108.77
2014-07-01,1021.1158,961.5933,2457.4,3235.25,2775.86,2882.89,5697.61,9161.53
2014-07-02,1027.1605,967.6328,2465.16,3250.64,2786.07,2909.84,5739.33,9212.58
2014-07-03,1034.3934,975.6027,2478.06,3271.6,2802.33,2935.42,5777.36,9270.42
2014-07-04,1036.2644,975.5453,2477.07,3268.39,2808.38,2925.92,5769.4,9193.3
2014-07-07,1036.4854,974.7271,2474.69,3267.01,2810.84,2925.28,5769.42,9153.31
2014-07-08,1041.2702,981.7257,2479.45,3282.91,2817.77,2939.1,5791.27,9248.14
2014-07-09,1027.9846,966.2217,2444.37,3235.5,2781.23,2896.5,5714.46,9092.79
2014-07-10,1030.9583,973.9103,2440.66,3233.41,2784.26,2894.13,5710.01,9072.36
2014-07-11,1041.3089,982.35,2454.79,3256.98,2798.58,2909.97,5746.18,9131.47
2014-07-14,1062.7513,1001.9718,2483.43,3297.38,2829.2,2960.4,5827.8,9322.77
2014-07-15,1065.407,1002.9792,2487.38,3294.65,2831.82,2966.9,5830.6,9315.85
2014-07-16,1068.6105,1012.3755,2483.52,3274.94,2839.8,2953.69,5834.48,9208.73
2014-07-17,1066.3969,1010.2962,2470.57,3258.17,2827.12,2939.94,5808.13,9164.37
2014-07-18,1078.6614,1013.6269,2482.89,3268.34,2846.26,2953.04,5835.09,9197.12
2014-07-21,1079.537,1009.4414,2485.36,3265.59,2847.37,2944.22,5823.23,9180.4
2014-07-22,1091.6225,1022.8519,2515.91,3307.3,2880.02,2995.74,5874.55,9312.93
2014-07-23,1098.5661,1027.0312,2521.92,3294.12,2901.48,2994.99,5896.46,9203.91
2014-07-24,1118.9117,1037.6649,2567.15,3315.68,2970.4,3031.37,5967.75,9217.01
2014-07-25,1127.0,1048.9544,2594.92,3348.68,2998.4,3068.14,6031.96,9377.02
2014-07-28,1143.6495,1060.2164,2668.09,3425.84,3090.3,3136.03,6164.59,9538.05
2014-07-29,1141.8006,1058.808,2677.18,3450.77,3095.84,3169.33,6180.35,9603.24
2014-07-30,1129.0791,1052.0179,2668.48,3454.4,3072.11,3156.19,6131.39,9586.29
2014-07-31,1143.0374,1062.1054,2701.33,3488.68,3112.66,3191.15,6201.54,9635.14
2014-08-01,1140.1597,1056.9096,2677.44,3454.41,3090.5,3167.4,6175.22,9558.02
2014-08-04,1161.1424,1078.0555,2730.56,3513.79,3150.68,3218.88,6261.3,9718.23
2014-08-05,1160.1375,1083.1943,2723.54,3522.63,3130.62,3218.35,6255.03,9797.26
2014-08-06,1152.7976,1082.8092,2716.73,3526.97,3103.97,3227.71,6257.54,9830.89
2014-08-07,1136.538,1067.3585,2675.62,3485.99,3054.43,3186.96,6184.56,9685.32
2014-08-08,1139.6685,1069.1513,2680.87,3503.07,3058.17,3198.3,6209.22,9718.94
2014-08-11,1156.2554,1085.9971,2720.22,3555.01,3103.19,3254.45,6286.14,9859.11
2014-08-12,1153.3275,1086.3032,2710.72,3558.75,3084.15,3257.77,6283.64,9839.74
2014-08-13,1154.2507,1088.0342,2712.96,3560.47,3087.59,3264.39,6295.7,9788.66
2014-08-14,1146.1907,1079.1339,2686.55,3535.28,3062.98,3238.84,6259.97,9736.1
2014-08-15,1158.3593,1089.1945,2715.69,3573.78,3092.25,3265.52,6311.58,9801.59
2014-08-18,1166.0088,1101.893,2731.71,3612.38,3100.18,3290.46,6347.11,9935.12
2014-08-19,1164.1624,1099.9964,2732.1,3620.16,3097.2,3290.69,6345.13,9912.55
2014-08-20,1162.2096,1098.2823,2722.61,3613.31,3081.47,3274.93,6332.74,9866.62
2014-08-21,1158.3874,1092.6292,2708.97,3608.61,3059.53,3248.19,6311.13,9841.22
2014-08-22,1165.8524,1098.8672,2721.79,3630.77,3076.03,3261.88,6344.21,9888.9
2014-08-25,1157.1177,1091.4307,2695.9,3601.03,3046.98,3239.59,6305.29,9797.9
2014-08-26,1146.6977,1084.2872,2674.34,3552.56,3033.29,3208.34,6252.55,9629.34
2014-08-27,1147.9423,1084.449,2678.45,3563.81,3033.0,3210.42,6249.39,9664.53
2014-08-28,1141.2977,1074.862,2659.67,3535.64,3007.25,3179.46,6198.52,9555.79
2014-08-29,1154.903,1088.6747,2690.75,3575.42,3041.69,3220.52,6281.43,9667.39
2014-09-01,1164.4071,1100.7308,2710.35,3621.92,3055.44,3255.14,6329.72,9837.22
2014-09-02,1176.0927,1111.8688,2746.18,3673.26,3094.1,3298.23,6429.7,9940.11
2014-09-03,1188.6564,1124.2618,2771.93,3704.19,3124.59,3323.07,6472.52,9965.39
2014-09-04,1197.8001,1134.3552,2791.94,3735.21,3148.92,3344.18,6526.07,10050.41
2014-09-05,1211.1026,1144.8056,2818.45,3760.11,3177.11,3369.66,6593.9,10107.35
2014-09-09,1209.3147,1148.4221,2813.81,3770.83,3163.95,3379.61,6602.43,10110.24
2014-09-10,1201.6586,1145.9039,2799.09,3772.13,3138.16,3369.56,6574.08,10163.1
2014-09-11,1195.7786,1139.8308,2788.75,3764.5,3126.26,3359.04,6529.51,10158.09
2014-09-12,1202.5514,1149.3732,2806.5,3799.91,3143.02,3380.87,6570.56,10216.96
2014-09-15,1201.1813,1154.0218,2805.16,3820.59,3132.91,3397.93,6587.12,10243.65
2014-09-16,1176.3835,1128.5997,2749.42,3718.77,3104.45,3326.08,6458.98,9960.5
2014-09-17,1185.7003,1131.4423,2763.88,3743.69,3116.53,3336.48,6504.7,9998.45
2014-09-18,1187.4427,1137.9677,2772.33,3763.95,3121.55,3353.65,6518.3,10059.94
2014-09-19,1192.6837,1145.6562,2791.7,3796.15,3138.23,3380.98,6561.37,10110.81
2014-09-22,1172.7441,1129.3635,2738.42,3740.0,3068.28,3329.34,6450.64,9946.58
2014-09-23,1183.954,1142.5057,2762.06,3782.31,3088.42,3357.16,6508.36,10051.41
2014-09-24,1198.318,1159.6377,2811.13,3840.14,3138.93,3408.05,6598.87,10158.27
2014-09-25,1201.7389,1167.8321,2805.49,3837.86,3130.01,3406.15,6629.31,10131.18
2014-09-26,1202.6664,1171.1914,2805.76,3847.35,3125.66,3410.21,6632.33,10129.65
2014-09-29,1203.6026,1178.4111,2818.0,3876.26,3127.92,3437.4,6660.28,10207.34
2014-09-30,1203.4943,1178.6078,2821.67,3894.38,3129.14,3441.87,6675.72,10276.34
2014-10-08,1216.2102,1188.4169,2853.21,3945.24,3158.84,3467.38,6721.32,10395.15
2014-10-09,1215.7839,1191.0265,2857.32,3955.92,3164.05,3483.02,6731.55,10361.68
2014-10-10,1206.8404,1178.4369,2839.9,3936.62,3150.44,3462.59,6667.11,10240.51
2014-10-13,1196.2323,1172.0803,2826.26,3928.23,3127.12,3445.25,6631.77,10229.96
2014-10-14,1193.1283,1167.7431,2816.61,3917.05,3118.67,3434.67,6625.38,10201.06
2014-10-15,1200.0949,1176.2401,2836.54,3938.21,3136.41,3457.96,6667.65,10267.34
2014-10-16,1187.733,1164.4435,2814.12,3892.23,3132.68,3425.16,6633.81,10102.64
2014-10-17,1184.8211,1158.3857,2811.05,3865.72,3122.1,3401.14,6580.93,10070.52
2014-10-20,1193.9403,1168.2677,2825.99,3905.65,3132.91,3431.21,6623.25,10180.57
2014-10-21,1189.7072,1164.4332,2801.45,3872.19,3108.47,3401.42,6595.26,10084.33
2014-10-22,1185.2648,1160.0397,2784.47,3836.3,3103.26,3372.66,6563.57,9989.61
2014-10-23,1173.4391,1144.9254,2758.33,3786.13,3085.53,3333.2,6478.53,9891.43
2014-10-24,1170.0907,1143.6561,2752.36,3788.19,3077.58,3335.43,6465.04,9880.52
2014-10-27,1158.3429,1137.1241,2727.18,3789.49,3036.19,3327.3,6432.46,9871.26
2014-10-28,1184.7413,1162.5594,2782.23,3877.35,3092.27,3402.84,6570.12,10103.63
2014-10-29,1206.4326,1182.6557,2822.22,3931.97,3145.17,3463.17,6695.08,10212.61
2014-10-30,1219.85,1194.8442,2842.41,3945.67,3187.53,3493.88,6769.29,10185.71
2014-10-31,1235.4702,1209.4549,2887.77,3969.14,3263.1,3523.71,6875.05,10220.9
2014-11-03,1245.129,1216.4006,2892.63,3994.79,3268.08,3553.31,6904.44,10316.69
2014-11-04,1244.684,1221.6868,2893.35,3983.36,3277.09,3551.39,6900.75,10237.48
2014-11-05,1242.5081,1223.5598,2882.33,3974.27,3254.6,3542.41,6849.27,10203.76
2014-11-06,1239.496,1225.1588,2885.35,3993.07,3255.76,3561.52,6871.89,10274.39
2014-11-07,1239.9847,1224.6826,2880.84,3970.41,3249.19,3545.03,6843.17,10196.12
2014-11-10,1279.8382,1256.538,2954.04,4032.2,3344.91,3624.07,7013.1,10370.62
2014-11-11,1265.0745,1240.3,2945.84,3956.29,3366.75,3567.9,6964.9,10145.4
2014-11-12,1292.4148,1259.9748,2986.95,4016.12,3395.4,3624.1,7060.89,10301.83
2014-11-13,1291.565,1259.2864,2970.22,3978.95,3389.34,3604.18,7012.57,10201.71
2014-11-14,1291.7458,1256.72,2971.76,3973.72,3387.25,3588.52,7005.6,10188.46
2014-11-17,1294.8263,1261.0666,2955.65,3989.69,3352.14,3598.29,6991.48,10251.24
2014-11-18,1274.182,1246.9068,2926.08,3979.7,3301.6,3583.04,6914.85,10197.96
2014-11-19,1267.7867,1246.2881,2921.25,3990.76,3288.38,3568.24,6886.53,10231.17
2014-11-20,1266.4141,1244.2025,2921.11,3987.45,3293.05,3569.82,6897.43,10167.99
2014-11-21,1286.1678,1260.8351,2974.48,4042.98,3344.94,3617.29,6985.99,10270.97
2014-11-24,1319.1055,1281.3278,3050.25,4116.61,3421.09,3679.68,7087.76,10431.48
2014-11-25,1341.121,1299.0512,3092.04,4176.7,3466.61,3744.25,7201.97,10632.43
2014-11-26,1342.1192,1302.0495,3135.17,4217.75,3517.95,3770.33,7249.26,10660.36
2014-11-27,1342.6718,1303.4909,3171.41,4257.03,3548.54,3782.99,7272.9,10659.61
2014-11-28,1353.3259,1309.8249,3233.96,4298.2,3691.66,3827.5,7440.09,10669.62
2014-12-01,1365.1374,1316.6855,3246.62,4284.76,3701.79,3842.63,7437.22,10723.47
2014-12-02,1396.9086,1346.8732,3366.5,4386.72,3861.52,3926.86,7643.24,10870.81
2014-12-03,1425.7923,1361.4299,3416.71,4441.8,3888.65,3969.51,7688.0,11076.35
2014-12-04,1472.8197,1412.3735,3574.22,4580.52,4094.27,4102.78,7967.99,11320.41
2014-12-05,1450.4392,1400.5476,3597.86,4543.9,4100.41,4070.52,7973.87,11044.38
2014-12-08,1512.2227,1446.3536,3745.23,4653.45,4270.99,4174.02,8163.44,11108.8
2014-12-09,1467.5838,1390.8826,3577.17,4449.43,4008.27,4018.57,7793.03,10870.21
2014-12-10,1542.0684,1446.3543,3709.16,4606.23,4167.32,4189.02,8122.98,11342.39
2014-12-11,1542.4336,1446.8834,3664.79,4611.47,4143.8,4222.62,8152.44,11424.34
2014-12-12,1538.1818,1446.845,3676.55,4642.22,4125.8,4243.98,8143.31,11534.79
2014-12-15,1547.1291,1459.939,3704.35,4696.08,4119.63,4279.45,8198.92,11642.2
2014-12-16,1563.71,1467.6124,3803.57,4760.86,4249.75,4345.43,8344.07,11612.26
2014-12-17,1571.6182,1468.7909,3869.43,4778.08,4373.47,4381.72,8476.16,11524.55
2014-12-18,1593.8147,1485.4971,3852.54,4763.31,4388.15,4384.17,8433.61,11475.21
2014-12-19,1619.4558,1526.4613,3895.41,4767.99,4491.12,4482.98,8649.15,11415.78
2014-12-22,1631.2392,1534.3023,3908.44,4676.59,4607.73,4503.01,8817.94,11250.19
2014-12-23,1597.1557,1466.0724,3828.35,4585.19,4484.42,4361.32,8526.43,11167.98
2014-12-24,1555.9,1443.2216,3719.5,4553.15,4312.69,4288.27,8373.86,11168.51
2014-12-25,1591.3062,1477.7884,3840.44,4664.66,4492.35,4417.27,8645.02,11310.4
2014-12-26,1632.1302,1507.4674,3967.65,4761.01,4638.74,4495.25,8830.47,11430.15
2014-12-29,1633.1263,1504.6633,3978.72,4733.37,4698.06,4476.85,8832.83,11292.72
2014-12-30,1624.203,1485.6728,3981.14,4695.57,4734.27,4429.48,8780.31,11184.37
2014-12-31,1673.6128,1520.3159,4068.82,4770.28,4867.93,4515.57,8980.25,11367.68
2015-01-05,1781.7608,1601.2172,4192.99,4873.95,5041.17,4690.37,9333.32,11738.28
2015-01-06,1800.1652,1615.9389,4192.43,4905.89,4996.84,4720.86,9357.95,12037.24
2015-01-07,1800.6035,1620.307,4195.58,4909.23,4984.52,4708.36,9318.45,11965.54
2015-01-08,1773.703,1590.9273,4098.25,4836.72,4833.8,4605.64,9093.1,11939.25
2015-01-09,1749.4654,1565.1529,4084.72,4813.89,4846.94,4582.01,9047.78,11860.9
2015-01-12,1737.0076,1536.9547,4046.55,4759.98,4790.22,4482.5,8866.93,11951.08
2015-01-13,1757.3759,1548.1999,4047.08,4790.86,4788.49,4519.19,8916.9,12110.35
2015-01-14,1733.697,1533.8882,4033.7,4772.73,4774.98,4507.52,8891.0,12031.52
2015-01-15,1791.7897,1570.5871,4150.82,4867.75,4967.22,4625.29,9150.67,12118.93
2015-01-16,1792.5672,1579.7962,4186.56,4918.6,5001.41,4660.77,9222.58,12235.09
2015-01-19,1647.0192,1457.8086,3864.09,4638.66,4544.75,4314.02,8459.35,11666.51
2015-01-20,1698.4207,1499.6227,3911.39,4745.95,4618.35,4415.93,8635.94,12057.78
2015-01-21,1768.4145,1547.205,4087.21,4910.19,4849.4,4574.24,8981.84,12344.93
2015-01-22,1766.7196,1550.2673,4108.78,4958.64,4842.77,4605.19,8975.01,12455.48
2015-01-23,1763.0634,1545.4354,4113.52,4940.05,4867.84,4585.51,8967.24,12335.28
2015-01-26,1779.3038,1570.5464,4155.27,5016.1,4875.61,4654.91,9040.64,12478.05
2015-01-27,1762.0609,1559.7414,4117.21,5004.48,4812.0,4649.3,8971.71,12483.57
2015-01-28,1736.6364,1549.0226,4060.07,4956.56,4733.91,4608.58,8904.34,12401.72
2015-01-29,1727.1352,1549.5218,4009.95,4910.8,4674.08,4579.74,8863.72,12294.43
2015-01-30,1701.3382,1530.0375,3955.35,4848.72,4608.78,4521.04,8747.09,12170.67
2015-02-02,1653.9209,1496.2802,3862.72,4781.02,4458.42,4416.68,8509.5,12175.85
2015-02-03,1683.3095,1522.7012,3958.87,4882.2,4568.68,4491.9,8690.73,12373.35
2015-02-04,1670.664,1521.1079,3917.78,4852.24,4516.03,4460.71,8608.24,12289.65
2015-02-05,1643.1667,1499.2677,3877.67,4819.06,4455.55,4397.07,8506.46,12144.77
2015-02-06,1608.3072,1456.907,3814.88,4732.05,4371.58,4295.87,8276.05,11896.94
2015-02-09,1617.1269,1450.0157,3853.46,4741.09,4413.8,4297.04,8263.16,11897.19
2015-02-10,1655.1874,1481.8582,3923.74,4814.93,4498.9,4376.47,8449.65,12120.67
2015-02-11,1664.612,1494.7288,3955.04,4863.23,4524.07,4396.84,8457.41,12227.08
2015-02-12,1672.5097,1502.8972,3965.12,4889.1,4541.38,4406.4,8492.77,12259.15
2015-02-13,1684.2756,1522.5925,3996.16,4948.67,4567.52,4463.49,8576.25,12503.05
2015-02-16,1687.2568,1540.7927,4030.32,5016.94,4575.76,4498.05,8603.24,12652.13
2015-02-17,1717.1212,1561.6015,4056.62,5052.78,4623.45,4529.29,8670.19,12816.68
2015-02-25,1710.5558,1555.835,4006.41,5017.32,4562.67,4517.29,8663.1,12734.03
2015-02-26,1744.1963,1581.6961,4107.26,5102.71,4682.9,4607.28,8872.17,12823.5
2015-02-27,1743.1146,1592.315,4114.8,5134.01,4682.49,4612.19,8883.03,12873.21
2015-03-02,1751.2394,1615.6037,4147.54,5210.69,4694.44,4671.3,8950.76,13078.84
2015-03-03,1701.0161,1582.8741,4040.01,5131.0,4554.51,4602.25,8768.35,12818.52
2015-03-04,1714.2068,1599.3891,4066.41,5190.29,4563.21,4641.29,8810.24,13060.39
2015-03-05,1685.1116,1580.4103,4026.7,5174.33,4483.58,4609.02,8677.21,13036.26
2015-03-06,1683.5234,1574.2671,4006.17,5128.72,4485.86,4600.91,8640.37,12910.59
2015-03-09,1710.8423,1598.8936,4074.39,5207.36,4619.81,4689.56,8861.68,13117.89
2015-03-10,1701.3981,1598.0689,4054.65,5229.59,4560.49,4690.16,8842.65,13346.48
2015-03-11,1711.403,1596.1345,4059.3,5230.81,4588.09,4705.18,8866.27,13261.77
2015-03-12,1739.066,1613.4856,4137.84,5271.62,4729.38,4766.79,9057.17,13353.44
2015-03-13,1749.6956,1630.1324,4166.41,5327.07,4756.23,4804.64,9113.18,13560.33
2015-03-16,1782.886,1665.9858,4267.78,5474.93,4860.07,4905.24,9281.86,13959.23
2015-03-17,1806.5147,1687.9209,4327.04,5550.76,4932.77,4982.53,9401.22,13947.24
2015-03-18,1844.8535,1726.0772,4429.46,5667.7,5067.88,5113.96,9594.21,14253.52
2015-03-19,1841.6559,1733.7019,4422.18,5685.15,5049.3,5142.78,9639.86,14274.36
2015-03-20,1846.9772,1739.064,4483.03,5755.87,5082.65,5184.86,9710.78,14299.23
2015-03-23,1882.1154,1777.4408,4574.58,5890.38,5171.36,5291.26,9888.36,14562.28
2015-03-24,1874.6866,1777.0021,4575.71,5915.86,5156.02,5317.84,9903.09,14711.67
2015-03-25,1854.768,1762.9837,4538.13,5927.28,5073.43,5305.25,9780.42,14821.68
2015-03-26,1871.5128,1763.1244,4549.17,5894.79,5120.52,5314.58,9820.8,14804.87
2015-03-27,1890.1771,1773.3303,4574.16,5944.07,5136.62,5364.34,9883.18,14942.74
2015-03-30,1954.933,1824.1327,4708.31,6050.56,5343.07,5498.28,10197.76,15141.87
2015-03-31,1931.5757,1810.1335,4665.73,6033.57,5263.3,5457.87,10056.47,15177.98
2015-04-01,1962.1831,1843.8025,4749.44,6161.03,5325.01,5566.08,10203.85,15494.35
2015-04-02,1965.8085,1857.8944,4750.46,6230.06,5304.94,5665.98,10255.78,15592.42
2015-04-03,1976.0903,1885.2826,4803.16,6322.48,5332.03,5788.17,10350.92,15719.66
2015-04-07,2013.1505,1930.0941,4906.24,6458.99,5474.81,5970.38,10578.41,16105.79
2015-04-08,2015.8022,1922.1067,4947.43,6452.9,5563.48,6013.47,10595.37,16180.6
2015-04-09,1996.4303,1894.7667,4909.06,6401.35,5531.0,5966.6,10452.36,16088.53
2015-04-10,2024.458,1933.5187,5003.83,6545.03,5640.71,6129.47,10684.89,16479.76
2015-04-13,2065.1011,1982.2944,5092.59,6674.87,5789.7,6264.08,10960.08,16783.58
2015-04-14,2069.9797,1991.8704,5112.61,6691.13,5820.77,6297.95,11104.92,16730.95
2015-04-15,2034.3182,1948.5848,5046.73,6520.74,5850.96,6147.22,10970.39,16203.96
2015-04-16,2106.9154,2005.3079,5200.04,6656.92,6068.72,6287.02,11284.63,16448.61
2015-04-17,2166.9831,2061.626,5295.19,6739.41,6198.78,6351.24,11429.62,16518.57
2015-04-20,2142.0806,2067.4046,5209.69,6620.44,6102.62,6214.31,11203.89,16212.21
2015-04-21,2200.557,2117.6485,5321.72,6813.32,6162.84,6337.12,11394.44,16910.4
2015-04-22,2253.2844,2172.8651,5460.85,6999.64,6271.53,6519.43,11720.79,17301.94
2015-04-23,2249.4083,2206.5165,5462.12,7041.06,6234.03,6544.66,11717.72,17455.25
2015-04-24,2222.2681,2179.1738,5418.12,7019.27,6167.47,6472.93,11586.21,17444.61
2015-04-27,2294.6397,2249.9231,5539.03,7127.66,6372.95,6576.71,11894.06,17622.01
2015-04-28,2269.7527,2192.4353,5463.3,6977.21,6368.76,6440.05,11792.78,17201.47
2015-04-29,2275.6333,2191.9815,5500.89,7078.95,6361.16,6490.91,11803.73,17388.94
2015-04-30,2281.7252,2172.5291,5474.64,7081.61,6341.08,6502.44,11864.82,17395.5
2015-05-04,2304.5469,2235.4971,5518.49,7137.2,6405.73,6611.17,12186.35,17399.3
2015-05-05,2177.9588,2106.1624,5298.45,6886.57,6116.92,6330.71,11558.23,16851.46
2015-05-06,2130.0404,2050.5623,5248.29,6821.24,6034.59,6197.29,11357.59,16709.36
2015-05-07,2105.4788,1985.1041,5152.35,6690.61,5901.13,6024.53,11048.8,16624.3
2015-05-08,2142.3607,2030.928,5254.69,6897.34,5986.56,6185.02,11325.09,17135.39
2015-05-11,2201.1307,2107.3419,5407.13,7157.07,6128.13,6412.21,11708.67,17662.67
2015-05-12,2210.0771,2145.1899,5472.99,7289.05,6167.83,6515.07,11936.02,17779.12
2015-05-13,2201.553,2120.4384,5439.79,7300.83,6105.7,6491.35,11830.87,17732.21
2015-05-14,2177.5498,2126.4503,5419.85,7304.6,6080.92,6509.49,11865.92,17653.72
2015-05-15,2117.8721,2081.5726,5324.13,7226.44,5951.39,6410.54,11687.78,17505.5
2015-05-18,2089.7948,2070.9043,5275.59,7284.19,5845.47,6412.18,11599.99,17903.77
2015-05-19,2169.9057,2132.8992,5455.72,7498.03,6039.97,6608.11,11926.39,18402.25
2015-05-20,2185.6412,2149.771,5483.97,7602.8,6068.06,6699.71,12037.57,18571.85
2015-05-21,2241.9018,2200.8494,5583.63,7816.18,6139.23,6912.91,12242.15,19319.83
2015-05-22,2298.8951,2268.9543,5711.57,7955.8,6315.98,7079.68,12621.1,19657.75
2015-05-25,2370.4758,2335.4311,5882.48,8155.48,6503.59,7304.26,13124.48,20050.12
2015-05-26,2410.6152,2385.8711,5997.45,8390.3,6576.61,7466.94,13423.84,20539.64
2015-05-27,2408.165,2407.9077,5980.52,8439.53,6525.08,7495.61,13520.83,20524.98
2015-05-28,2240.8061,2253.282,5580.91,7922.35,6137.56,7052.63,12725.53,19455.83
2015-05-29,2251.1942,2249.5607,5588.83,7983.69,6128.42,7073.8,12808.57,19667.78
2015-06-01,2376.2566,2385.2509,5860.76,8386.31,6408.86,7475.84,13548.61,20511.83
2015-06-02,2409.2613,2443.5073,5959.84,8637.58,6466.92,7703.29,13785.84,20932.23
2015-06-03,2413.039,2428.5766,5942.72,8661.77,6490.77,7730.41,13835.88,20884.0
2015-06-04,2405.9909,2463.2706,5986.63,8675.9,6585.14,7787.58,13959.23,20874.36
2015-06-05,2462.2027,2528.2156,6043.57,8781.79,6664.56,7934.84,14106.28,21085.27
2015-06-08,2513.5189,2583.3496,6186.02,8790.38,6940.66,8074.25,14268.26,20932.25
2015-06-09,2502.4447,2631.7945,6144.36,8763.25,6848.4,8022.94,14241.93,20897.35
2015-06-10,2501.8555,2617.147,6135.84,8857.26,6776.24,8031.22,14220.01,21299.57
2015-06-11,2496.0322,2623.8326,6133.88,8946.57,6739.81,8064.73,14165.17,21457.92
2015-06-12,2534.704,2675.4798,6167.41,9052.6,6775.58,8216.64,14395.48,21709.45
2015-06-15,2504.1708,2662.1645,6036.45,8878.39,6650.21,8116.44,14219.26,21337.69
2015-06-16,2437.0612,2558.7158,5857.22,8561.78,6470.42,7762.92,13693.07,20634.89
2015-06-17,2482.416,2615.6073,5943.06,8717.39,6563.21,7963.01,14018.76,20936.23
2015-06-18,2419.5553,2549.051,5702.82,8406.51,6326.21,7773.09,13508.49,20219.35
2015-06-19,2276.4327,2379.1935,5366.76,7877.58,5948.07,7265.03,12649.86,19138.64
2015-06-23,2356.2782,2423.7227,5543.55,8000.45,6178.55,7329.5,12907.35,19532.17
2015-06-24,2428.8846,2513.9259,5652.77,8167.6,6339.89,7529.13,13281.71,19882.25
2015-06-25,2357.2996,2422.5182,5452.22,7869.12,6158.4,7274.31,12862.94,19196.07
2015-06-26,2194.4186,2255.751,5024.71,7240.05,5747.76,6710.12,11949.71,17732.57
2015-06-29,2181.9058,2198.661,4857.12,6862.27,5731.67,6455.86,11741.48,17256.33
2015-06-30,2315.6817,2307.6483,5184.41,7238.62,6096.7,6795.41,12434.97,18309.39
2015-07-01,2202.1438,2178.5991,4930.67,6857.81,5807.98,6414.84,11829.05,17492.88
2015-07-02,2111.636,2046.8922,4762.62,6502.61,5675.25,6083.06,11298.77,16622.34
2015-07-03,1972.0254,1913.7772,4515.41,6128.83,5366.75,5687.28,10535.33,15927.27
2015-07-06,2031.4684,1948.0105,4647.27,6087.77,5643.48,5761.59,10887.61,16175.3
2015-07-07,1979.1908,1914.5837,4569.62,5853.71,5780.47,5566.52,10747.65,15266.01
2015-07-08,1833.5947,1791.6017,4262.95,5576.1,5360.47,5293.62,10091.14,14594.18
2015-07-09,1978.1102,1940.0206,4536.57,5854.08,5707.48,5642.91,10772.17,15508.8
2015-07-10,2119.0603,2088.5285,4782.21,6131.6,5960.43,5981.36,11342.33,16455.33
2015-07-13,2190.663,2166.2779,4905.52,6373.99,5986.2,6246.72,11687.41,17424.1
2015-07-14,2101.9131,2083.788,4789.54,6387.38,5766.76,6182.41,11503.83,17218.52
2015-07-15,2028.7938,1974.8802,4620.79,6120.55,5679.59,5885.25,11065.92,16281.12
2015-07-16,2041.9416,2003.1342,4657.04,6192.22,5671.74,5929.26,11151.17,16734.73
2015-07-17,2109.7702,2084.7755,4839.82,6483.44,5807.22,6173.88,11541.94,17455.35
2015-07-20,2095.9086,2075.079,4850.45,6571.14,5790.49,6203.68,11558.53,17410.45
2015-07-21,2095.6432,2095.417,4859.13,6643.42,5779.6,6266.05,11542.9,17471.17
2015-07-22,2079.2351,2097.8766,4851.05,6689.75,5729.5,6294.58,11535.77,17518.41
2015-07-23,2119.7371,2153.3301,4961.0,6869.53,5838.82,6441.13,11760.78,17874.3
2015-07-24,2087.44,2120.2715,4874.25,6770.97,5756.4,6320.25,11596.12,17586.83
2015-07-27,1912.8965,1939.9291,4458.19,6245.89,5270.83,5793.71,10584.1,16254.11
2015-07-28,1920.5384,1905.7697,4449.4,6128.38,5268.26,5728.48,10498.15,16342.25
2015-07-29,1979.647,1996.0239,4588.66,6373.08,5373.46,5976.09,10889.35,16935.94
2015-07-30,1919.4096,1929.9813,4454.52,6194.28,5227.54,5816.09,10631.78,16345.44
2015-07-31,1930.6038,1927.7186,4456.1,6133.57,5246.36,5816.24,10639.31,16454.36
2015-08-03,1957.887,1935.6634,4470.73,6008.49,5349.13,5852.92,10710.23,16464.21
2015-08-04,2004.4151,2004.4386,4609.58,6279.09,5446.43,6068.06,11025.68,17024.06
2015-08-05,1968.553,1969.2642,4514.71,6195.18,5337.88,6002.5,10786.89,16702.77
2015-08-06,1947.2079,1960.3474,4473.86,6157.15,5291.48,5963.21,10699.79,16534.1
2015-08-07,1979.8503,1997.6442,4561.97,6324.58,5366.95,6097.75,10891.58,16815.66
2015-08-10,2057.8568,2111.5346,4769.21,6626.37,5574.13,6380.3,11368.23,17470.25
2015-08-11,2057.9618,2120.707,4748.54,6638.72,5530.53,6399.03,11317.6,17498.49
2015-08-12,2030.2403,2121.8663,4689.67,6554.4,5450.16,6303.51,11195.69,17166.34
2015-08-13,2062.4016,2164.1767,4758.96,6694.26,5499.9,6458.32,11412.72,17378.73
2015-08-14,2059.439,2163.4019,4757.71,6726.21,5486.25,6438.77,11378.65,17391.81
2015-08-17,2061.4455,2192.3134,4762.77,6800.08,5463.69,6534.29,11470.19,17478.11
2015-08-18,1922.669,2011.8656,4468.06,6341.87,5161.36,6059.17,10695.75,16284.07
2015-08-19,1948.5741,2065.8639,4538.98,6470.67,5221.54,6157.9,10862.66,16576.22
2015-08-20,1878.7706,2011.7481,4393.66,6261.48,5088.78,5940.27,10537.29,16047.02
2015-08-21,1789.2247,1927.705,4193.27,5947.46,4897.19,5622.22,10143.89,15185.24
2015-08-24,1630.5073,1759.0832,3826.46,5460.51,4470.56,5136.15,9253.33,13990.73
2015-08-25,1530.3736,1623.3424,3554.77,5066.49,4185.66,4713.91,8564.28,13268.43
2015-08-26,1557.3233,1584.4213,3534.64,4942.93,4263.07,4654.95,8590.85,13472.54
2015-08-27,1643.1914,1661.0336,3744.85,5166.47,4536.06,4886.93,9090.1,14093.81
2015-08-28,1708.5646,1763.705,3904.49,5434.27,4674.98,5157.12,9480.45,14714.82
2015-08-31,1712.1578,1771.0981,3932.81,5343.06,4760.47,5066.47,9499.85,14443.88
2015-09-01,1702.3688,1746.1312,3927.61,5166.08,4833.14,4928.23,9512.32,13976.19
2015-09-02,1705.6008,1756.4959,3931.99,5093.99,4882.25,4934.02,9587.75,14133.64
2015-09-07,1641.9367,1703.0543,3797.24,5042.4,4640.05,4831.96,9251.46,13850.33
2015-09-08,1685.2712,1747.3144,3894.83,5218.15,4730.48,4995.61,9486.3,14296.35
2015-09-09,1714.1661,1790.1328,3971.99,5362.5,4796.25,5113.19,9656.65,14517.66
2015-09-10,1692.2056,1755.6328,3923.21,5289.75,4773.38,5032.02,9523.41,14239.37
2015-09-11,1686.5966,1750.1365,3911.09,5312.56,4748.6,5044.46,9495.57,14281.88
2015-09-14,1658.8954,1701.0659,3833.91,5076.07,4768.9,4824.45,9259.03,13663.86
2015-09-15,1602.9705,1623.1093,3683.29,4842.16,4651.29,4595.34,8951.47,13237.95
2015-09-16,1686.3299,1722.9218,3866.91,5121.55,4792.06,4875.99,9357.3,14059.35
2015-09-17,1635.4826,1676.6182,3782.48,5027.66,4691.74,4762.25,9183.47,13714.86
2015-09-18,1640.8291,1685.4682,3799.29,5074.93,4690.85,4805.14,9199.75,13810.7
2015-09-21,1661.9776,1715.022,3865.87,5212.8,4716.7,4911.63,9335.35,14149.91
2015-09-22,1677.8499,1723.4794,3901.84,5252.38,4761.91,4948.19,9387.35,14189.73
2015-09-23,1633.8705,1680.833,3813.89,5171.47,4643.49,4858.2,9186.77,14010.75
2015-09-24,1644.5591,1694.6251,3839.62,5226.48,4659.79,4910.13,9240.32,14132.51
2015-09-25,1618.5811,1669.4326,3777.62,5091.91,4640.8,4818.28,9122.87,13836.37
2015-09-28,1621.4553,1670.7359,3790.25,5158.5,4616.97,4875.93,9162.53,14045.24
2015-09-29,1587.2731,1634.8909,3715.63,5065.86,4528.05,4792.76,9003.36,13847.77
2015-09-30,1602.7948,1640.6207,3743.8,5088.19,4564.27,4813.57,9063.67,13935.32
2015-10-08,1663.7022,1696.2982,3853.12,5265.7,4660.59,4970.33,9303.56,14425.69
2015-10-09,1682.353,1712.9049,3904.13,5340.67,4712.76,5016.44,9404.79,14510.34
2015-10-12,1738.2257,1773.6353,4030.41,5536.79,4840.57,5203.16,9704.91,14940.23
2015-10-13,1734.494,1772.3308,4027.35,5574.77,4814.12,5222.87,9704.09,15015.2
2015-10-14,1705.2888,1756.3807,3981.84,5509.66,4762.18,5134.5,9586.61,14816.36
2015-10-15,1741.9376,1798.7058,4076.19,5661.95,4847.17,5280.67,9787.08,15192.06
2015-10-16,1761.6477,1818.8636,4131.42,5746.32,4899.4,5373.63,9891.91,15384.64
2015-10-19,1762.0861,1812.8838,4131.56,5746.52,4889.11,5419.01,9869.41,15349.43
2015-10-20,1774.0798,1833.9264,4182.55,5835.37,4923.68,5478.8,9970.48,15531.37
2015-10-21,1726.2883,1758.8715,4060.44,5562.46,4906.05,5216.13,9738.49,14812.77
2015-10-22,1742.3165,1792.0722,4120.39,5715.24,4904.74,5320.81,9855.58,15228.04
2015-10-23,1777.4621,1810.9734,4174.99,5840.39,4941.71,5425.62,9966.18,15526.99
2015-10-26,1789.343,1819.8477,4196.06,5877.41,4948.44,5461.62,10007.76,15614.64
2015-10-27,1779.2726,1809.1972,4200.29,5904.02,4934.97,5480.24,10015.9,15703.9
2015-10-28,1747.5914,1783.9756,4120.84,5779.58,4874.59,5389.31,9892.11,15385.37
2015-10-29,1757.6055,1790.947,4130.65,5814.92,4877.42,5409.74,9914.46,15498.65
2015-10-30,1757.9568,1778.6556,4131.55,5808.22,4875.85,5384.09,9879.27,15582.91
2015-11-02,1739.5329,1743.1451,4063.61,5693.05,4815.75,5284.47,9754.75,15480.5
2015-11-03,1731.8159,1742.4497,4051.37,5680.26,4799.69,5260.23,9723.7,15336.41
2015-11-04,1810.3566,1813.6166,4242.08,5957.43,4988.75,5498.64,10074.45,16050.49
2015-11-05,1849.9073,1853.8374,4332.6,6017.91,5115.61,5583.44,10276.86,16084.54
2015-11-06,1886.8549,1872.4782,4434.78,6163.44,5186.92,5689.49,10411.98,16415.45
2015-11-09,1904.2784,1895.1973,4489.71,6254.28,5282.95,5769.68,10609.06,16661.46
2015-11-10,1891.847,1889.4926,4481.39,6273.62,5243.38,5776.8,10518.27,16575.53
2015-11-11,1889.4329,1894.9826,4481.86,6333.64,5207.36,5806.68,10518.66,16759.68
2015-11-12,1876.3516,1874.1641,4437.06,6313.42,5150.05,5760.87,10401.65,16748.24
2015-11-13,1851.7448,1851.8765,4379.68,6213.35,5097.19,5705.61,10329.58,16466.77
2015-11-16,1844.6675,1855.3392,4400.59,6305.52,5099.59,5779.26,10414.56,16695.11
2015-11-17,1854.2963,1854.2405,4393.88,6273.26,5111.21,5776.09,10472.56,16658.34
2015-11-18,1837.4425,1836.6016,4343.86,6184.01,5098.68,5710.21,10388.63,16533.17
2015-11-19,1855.2036,1860.8587,4413.3,6323.93,5148.56,5807.51,10515.42,16857.06
2015-11-20,1850.7598,1861.6091,4412.61,6381.53,5148.66,5845.84,10522.47,16775.46
2015-11-23,1838.29,1845.12,4388.0,6338.49,5126.66,5840.34,10477.6,16704.3
2015-11-24,1840.3153,1839.8893,4388.65,6375.59,5105.69,5860.01,10441.23,16678.63
2015-11-25,1849.9734,1854.1083,4421.06,6468.27,5125.53,5942.08,10575.35,16835.1
2015-11-26,1854.2083,1848.4816,4395.13,6431.3,5106.55,5911.42,10540.75,16823.26
2015-11-27,1766.0874,1749.4158,4158.46,6054.45,4875.66,5607.57,10016.57,15898.89
2015-11-30,1774.5851,1756.2233,4169.47,6082.8,4911.39,5673.68,10127.46,16112.05
2015-12-01,1807.1959,1764.1927,4199.03,6099.86,4966.14,5680.59,10159.89,16225.14
2015-12-02,1894.4405,1807.6065,4351.32,6164.58,5224.68,5781.16,10476.75,16537.73
2015-12-03,1897.4335,1815.7002,4383.28,6271.88,5247.28,5857.85,10545.97,16755.69
2015-12-04,1871.6303,1783.3101,4299.45,6206.88,5128.12,5771.15,10354.84,16561.73
2015-12-07,1868.1335,1786.5183,4311.16,6263.12,5117.73,5796.09,10391.53,16736.6
2015-12-08,1825.6003,1746.2684,4235.65,6145.58,5048.48,5673.28,10226.15,16521.13
2015-12-09,1843.5246,1748.2592,4250.75,6144.09,5074.18,5702.36,10279.64,16538.23
2015-12-10,1832.7662,1739.9229,4235.73,6129.01,5041.09,5691.57,10213.08,16543.19
2015-12-11,1831.8672,1732.7966,4218.16,6088.43,5016.42,5637.31,10121.7,16479.96
2015-12-14,1885.1491,1777.8669,4338.89,6226.11,5153.42,5763.98,10315.05,16803.3
2015-12-15,1878.7894,1767.4348,4319.09,6258.2,5106.9,5757.95,10264.16,16873.38
2015-12-16,1864.378,1769.6655,4309.15,6280.08,5084.91,5747.34,10234.42,16847.22
2015-12-17,1918.3192,1799.9342,4391.52,6430.25,5181.22,5872.69,10451.73,17215.64
2015-12-18,1930.4344,1794.7145,4405.58,6427.86,5226.28,5868.58,10484.43,17192.54
2015-12-21,2009.0291,1832.3139,4520.22,6529.43,5395.19,6028.45,10791.32,17783.15
2015-12-22,2018.7201,1835.7836,4532.81,6573.08,5398.6,6059.3,10817.81,17821.59
2015-12-23,2031.8017,1819.8527,4520.71,6517.17,5407.7,6051.02,10806.77,17688.14
2015-12-24,1994.0708,1803.688,4477.47,6487.84,5350.49,5975.24,10690.81,17713.8
2015-12-25,2000.1513,1811.8481,4487.76,6523.18,5367.63,6003.44,10733.52,17712.5
2015-12-28,1936.4914,1776.911,4358.5,6362.84,5208.85,5854.9,10460.07,17322.13
2015-12-29,1961.1669,1788.5575,4398.54,6426.1,5261.54,5912.26,10540.62,17459.72
2015-12-30,1957.7083,1795.1234,4402.4,6470.47,5259.4,5922.37,10534.79,17506.1
2015-12-31,1936.7375,1774.3075,4362.44,6381.79,5230.64,5865.13,10422.24,17362.6
2016-01-04,1805.8057,1658.3679,4056.17,5883.56,4919.15,5449.98,9795.22,16108.5
2016-01-05,1825.893,1659.2032,4067.53,5821.89,4954.72,5469.24,9855.95,16173.19
2016-01-06,1856.63,1711.4769,4138.89,5956.35,5027.24,5604.96,10051.46,16480.16
2016-01-07,1732.5474,1585.1037,3851.93,5488.38,4747.08,5214.22,9464.19,15198.34
2016-01-08,1772.7187,1636.6872,3930.48,5562.49,4838.43,5340.96,9691.13,15521.04
2016-01-11,1683.1383,1545.7663,3732.74,5217.1,4630.12,5038.85,9195.07,14646.46
2016-01-12,1690.8118,1543.5364,3759.94,5230.09,4655.3,5037.5,9209.01,14738.48
2016-01-13,1671.9774,1517.1186,3689.98,5074.12,4604.28,4941.59,9085.41,14392.16
2016-01-14,1704.2642,1538.876,3766.88,5224.56,4662.85,5045.44,9246.68,14858.52
2016-01-15,1647.0385,1471.3553,3646.63,5044.86,4535.06,4862.32,8962.55,14316.65
2016-01-18,1643.2401,1467.9039,3660.66,5111.05,4528.5,4876.05,8963.63,14464.68
2016-01-19,1700.9159,1512.0747,3768.7,5288.12,4642.58,5030.61,9206.84,14963.49
2016-01-20,1663.9317,1498.9121,3711.7,5230.18,4571.78,4969.7,9071.93,14667.22
2016-01-21,1619.092,1452.799,3602.92,5037.15,4467.38,4826.07,8839.58,14226.03
2016-01-22,1636.2397,1472.1212,3640.47,5106.08,4507.05,4880.12,8924.39,14373.94
2016-01-25,1642.298,1481.8247,3658.51,5151.48,4520.39,4913.71,8953.49,14505.95
2016-01-26,1550.5239,1381.3784,3438.24,4798.26,4296.76,4608.5,8473.68,13646.19
2016-01-27,1548.9524,1375.2913,3426.37,4757.53,4284.58,4584.58,8442.93,13576.38
2016-01-28,1522.391,1332.528,3336.81,4579.44,4209.07,4464.98,8278.25,13242.7
2016-01-29,1569.8071,1367.9576,3444.77,4741.24,4324.39,4599.25,8505.18,13677.35
2016-02-01,1552.2299,1342.6166,3392.1,4675.24,4252.48,4542.96,8408.29,13663.79
2016-02-02,1583.4799,1368.0495,3462.59,4814.01,4316.73,4639.67,8544.89,14079.16
2016-02-03,1574.9281,1361.8556,3447.75,4820.67,4287.21,4622.13,8492.19,14097.91
2016-02-04,1588.1045,1380.8934,3489.98,4906.28,4328.84,4675.53,8572.06,14246.55
2016-02-05,1576.0067,1372.45,3465.46,4862.43,4310.31,4660.17,8550.37,14129.3
2016-02-15,1559.3408,1363.3624,3445.49,4853.06,4272.79,4630.11,8488.42,14063.1
2016-02-16,1603.0737,1407.6703,3551.11,5034.64,4380.24,4768.16,8720.48,14524.32
2016-02-17,1615.8663,1422.7293,3581.84,5095.28,4408.3,4816.49,8776.4,14613.45
2016-02-18,1613.6179,1423.7113,3570.59,5081.85,4398.93,4817.07,8763.13,14530.17
2016-02-19,1609.912,1418.7222,3568.12,5096.41,4384.76,4818.2,8738.49,14542.07
2016-02-22,1645.3713,1455.5991,3646.79,5205.42,4480.52,4926.74,8918.33,14819.72
2016-02-23,1634.1529,1450.4732,3612.29,5167.82,4434.05,4892.6,8837.55,14726.69
2016-02-24,1646.2753,1470.2312,3635.89,5192.48,4456.09,4927.41,8894.01,14831.81
2016-02-25,1557.5105,1363.2929,3412.8,4824.03,4236.24,4621.12,8437.17,13867.74
2016-02-26,1574.3116,1391.593,3447.96,4840.73,4281.87,4669.95,8530.68,13950.28
2016-02-29,1555.1347,1360.9589,3365.43,4629.62,4236.11,4551.38,8392.45,13435.77
2016-03-01,1585.3931,1384.1022,3427.69,4725.11,4287.68,4641.58,8506.83,13745.68
2016-03-02,1656.5366,1449.5953,3568.78,4942.18,4441.85,4851.55,8819.09,14344.46
2016-03-03,1652.7007,1447.8753,3577.08,4954.23,4456.43,4856.57,8831.53,14360.9
2016-03-04,1676.0046,1461.2001,3618.56,4885.32,4570.81,4865.69,8930.93,14257.93
2016-03-07,1675.0561,1472.1003,3631.36,4957.41,4554.66,4916.8,8961.37,14476.66
2016-03-08,1671.4197,1467.1907,3634.68,4977.79,4562.49,4912.63,8973.47,14552.69
2016-03-09,1660.446,1441.1619,3592.85,4888.92,4546.66,4839.77,8911.29,14385.33
2016-03-10,1635.2689,1411.8226,3524.12,4801.83,4458.09,4772.0,8786.4,14251.13
2016-03-11,1641.1988,1417.1948,3530.13,4797.85,4467.95,4770.59,8788.95,14278.93
2016-03-14,1664.6826,1447.6529,3585.58,4927.69,4497.14,4854.82,8890.26,14616.31
2016-03-15,1680.7301,1450.7044,3596.21,4911.39,4528.36,4862.01,8928.75,14681.33
2016-03-16,1688.1875,1456.8094,3614.05,4893.18,4592.25,4875.26,8992.0,14618.73
2016-03-17,1700.9679,1475.383,3654.01,5013.19,4589.65,4935.07,9028.69,14941.12
2016-03-18,1713.3639,1490.9769,3709.87,5152.01,4620.03,5012.13,9117.45,15220.73
2016-03-21,1752.1999,1511.9559,3800.48,5285.62,4708.43,5091.59,9209.8,15478.27
2016-03-22,1737.4419,1503.8201,3772.83,5261.62,4670.06,5070.35,9180.74,15461.66
2016-03-23,1738.3648,1504.9964,3784.88,5299.09,4669.97,5067.79,9167.26,15501.39
2016-03-24,1715.9081,1475.6161,3721.44,5216.3,4600.84,4997.29,9058.45,15375.99
2016-03-25,1727.4077,1485.6183,3740.11,5250.74,4623.72,5034.92,9121.89,15481.14
2016-03-28,1709.8756,1477.8119,3707.26,5214.36,4578.31,5016.59,9082.45,15418.51
2016-03-29,1693.9864,1462.6871,3667.12,5131.53,4545.93,4962.94,9023.45,15254.35
2016-03-30,1732.2152,1504.3061,3761.7,5297.36,4647.66,5080.5,9216.57,15700.48
2016-03-31,1740.4421,1511.7932,3763.82,5307.66,4646.12,5085.33,9225.59,15669.21
2016-04-01,1743.4805,1523.4451,3768.35,5295.26,4669.03,5090.0,9250.7,15604.23
2016-04-05,1757.9545,1541.6329,3818.16,5407.88,4701.14,5171.44,9345.29,15901.37
2016-04-06,1755.5223,1542.0562,3810.02,5421.08,4677.69,5170.03,9312.28,15924.6
2016-04-07,1731.6307,1519.6312,3753.62,5339.18,4620.45,5094.45,9199.57,15704.16
2016-04-08,1718.6646,1501.831,3726.06,5296.07,4594.03,5059.84,9174.41,15611.48
2016-04-11,1740.7041,1525.8195,3777.96,5393.48,4648.62,5137.17,9282.29,15951.18
2016-04-12,1736.1417,1516.417,3764.52,5362.31,4638.27,5116.27,9255.04,15852.32
2016-04-13,1757.9727,1539.3085,3814.74,5436.59,4694.01,5186.78,9349.8,15993.26
2016-04-14,1766.3188,1546.5994,3831.64,5481.32,4709.61,5204.97,9382.43,16124.97
2016-04-15,1763.7416,1538.0611,3827.5,5478.19,4711.33,5191.02,9371.28,16079.32
2016-04-18,1740.3658,1514.7127,3776.37,5401.75,4662.4,5136.5,9273.93,15866.54
2016-04-19,1745.2599,1515.8818,3787.93,5420.65,4674.49,5149.2,9291.88,15943.06
2016-04-20,1720.1841,1474.6936,3720.93,5233.87,4642.52,5032.8,9157.14,15489.16
2016-04-21,1710.2559,1464.8621,3697.04,5184.22,4627.13,5008.98,9095.88,15397.38
2016-04-22,1725.1864,1469.776,3714.03,5220.38,4649.42,5035.61,9155.14,15698.24
2016-04-25,1722.2163,1464.4342,3699.01,5196.55,4636.95,5039.77,9156.6,15622.24
2016-04-26,1729.7334,1472.2052,3719.11,5246.04,4652.99,5066.4,9194.2,15769.07
2016-04-27,1723.144,1467.2949,3703.97,5228.27,4636.71,5047.83,9182.57,15786.46
2016-04-28,1717.4482,1461.8096,3698.28,5216.26,4635.24,5041.97,9190.72,15754.73
2016-04-29,1723.1046,1462.2345,3694.46,5212.21,4626.07,5034.26,9169.24,15735.0
2016-05-03,1751.9748,1494.2423,3761.07,5341.04,4678.69,5123.5,9310.56,16204.05
2016-05-04,1744.0998,1499.9163,3756.43,5340.12,4676.43,5107.3,9292.88,16164.48
2016-05-05,1745.1082,1506.2236,3761.64,5363.47,4673.95,5109.4,9299.58,16194.28
2016-05-06,1701.2288,1468.5065,3666.22,5183.6,4581.29,4971.95,9100.79,15703.07
2016-05-09,1673.7051,1431.8686,3590.4,5016.77,4513.34,4852.44,8957.0,15438.93
2016-05-10,1685.622,1439.4084,3594.5,5012.29,4514.43,4867.92,8985.71,15565.92
2016-05-11,1699.3977,1454.6858,3610.6,5001.44,4543.86,4896.01,9048.74,15692.7
2016-05-12,1702.2315,1458.647,3619.21,5002.45,4559.69,4903.95,9090.38,15754.87
2016-05-13,1691.7415,1444.9716,3601.41,4985.0,4541.68,4893.37,9047.47,15647.56
2016-05-16,1701.9562,1457.7287,3625.42,5051.29,4552.03,4926.88,9091.97,15791.35
2016-05-17,1692.4219,1449.1877,3615.72,5042.12,4534.11,4908.35,9057.38,15677.81
2016-05-18,1684.4492,1431.5227,3595.43,4944.31,4537.62,4842.05,8992.31,15460.55
2016-05-19,1681.3321,1428.8054,3589.21,4958.2,4520.0,4839.71,8990.96,15429.33
2016-05-20,1689.5148,1436.1869,3607.65,5000.51,4535.89,4859.08,9007.68,15515.34
2016-05-23,1695.2045,1446.8057,3619.16,5051.52,4536.69,4886.97,9042.64,15701.62
2016-05-24,1686.7233,1433.9294,3591.49,5005.5,4505.77,4848.85,9004.34,15541.99
2016-05-25,1685.3086,1425.8081,3586.7,4993.0,4510.89,4853.07,9008.6,15514.69
2016-05-26,1684.9831,1425.5046,3592.55,5010.13,4514.36,4863.45,9021.72,15622.06
2016-05-27,1685.507,1425.2833,3590.55,5006.87,4515.95,4876.03,9039.33,15630.37
2016-05-30,1688.6125,1422.6294,3595.66,4996.48,4534.32,4877.47,9059.03,15563.73
2016-05-31,1736.3188,1465.0342,3717.2,5185.11,4655.6,5015.37,9285.84,16114.83
2016-06-01,1737.5551,1467.1785,3706.66,5200.13,4632.24,5016.02,9266.89,16086.66
2016-06-02,1739.598,1472.8956,3714.46,5233.72,4632.65,5029.26,9259.48,16105.91
2016-06-03,1758.2258,1480.964,3740.9,5259.95,4658.51,5056.97,9316.16,16312.61
2016-06-06,1756.609,1484.4105,3732.14,5264.69,4649.1,5059.18,9304.21,16427.11
2016-06-07,1753.9069,1481.1528,3730.55,5267.16,4648.69,5051.75,9298.37,16423.62
2016-06-08,1745.2782,1475.99,3717.44,5253.31,4637.44,5029.13,9264.63,16327.05
2016-06-13,1698.7882,1431.7983,3602.83,5040.49,4541.62,4887.92,9050.87,15862.47
2016-06-14,1706.6287,1434.8623,3614.29,5058.02,4563.77,4900.81,9080.66,15976.4
2016-06-15,1727.2557,1459.9413,3662.01,5184.82,4596.17,4970.32,9176.84,16343.81
2016-06-16,1715.6578,1450.6538,3638.97,5170.3,4571.43,4944.62,9119.1,16184.0
2016-06-17,1731.9919,1461.6942,3659.22,5201.78,4599.18,4986.05,9185.18,16366.5
2016-06-20,1734.4782,1465.3423,3662.34,5213.84,4607.5,4989.58,9209.04,16383.49
2016-06-21,1735.1019,1456.6364,3654.86,5175.87,4606.24,4975.56,9201.46,16265.7
2016-06-22,1747.7797,1469.5616,3688.0,5245.59,4630.52,5018.47,9253.32,16394.28
2016-06-23,1737.9714,1462.0847,3671.44,5223.85,4609.72,4995.25,9216.99,16323.92
2016-06-24,1717.4799,1446.3708,3629.04,5171.61,4560.91,4938.73,9116.02,16140.91
2016-06-27,1741.2728,1465.6227,3680.51,5274.31,4600.72,5005.29,9193.39,16475.09
2016-06-28,1747.2644,1470.5306,3700.45,5318.56,4610.3,5035.69,9225.5,16627.41
2016-06-29,1757.4629,1476.8191,3718.29,5337.55,4643.11,5051.32,9263.67,16598.39
2016-06-30,1762.9519,1480.1114,3722.89,5340.9,4646.49,5057.93,9293.5,16669.51
2016-07-01,1763.2484,1479.5687,3724.72,5335.0,4659.83,5062.73,9320.33,16646.74
2016-07-04,1797.6622,1504.7831,3784.63,5428.2,4710.47,5139.62,9436.2,16924.78
2016-07-05,1807.1489,1525.1587,3789.89,5446.94,4702.98,5148.39,9424.45,16846.96
2016-07-06,1816.3829,1522.3813,3802.36,5469.22,4707.19,5169.83,9436.6,17122.02
2016-07-07,1812.9411,1525.0925,3801.65,5474.93,4699.56,5160.86,9427.01,17112.36
2016-07-08,1806.5811,1516.8561,3787.05,5458.51,4678.7,5141.28,9396.03,17085.56
2016-07-11,1817.4809,1523.8001,3801.35,5455.92,4695.76,5156.5,9431.92,17051.92
2016-07-12,1868.3771,1577.1205,3884.74,5536.28,4806.75,5276.63,9651.57,17507.14
2016-07-13,1866.6232,1596.4707,3904.27,5573.17,4826.39,5303.68,9716.0,17458.03
2016-07-14,1864.8686,1586.5148,3897.19,5573.82,4814.11,5282.79,9677.77,17397.8
2016-07-15,1867.2598,1594.9247,3899.08,5562.51,4827.24,5296.11,9708.73,17453.47
2016-07-18,1858.0526,1588.3509,3882.27,5538.48,4827.81,5304.11,9764.64,17427.33
2016-07-19,1845.0308,1578.2387,3867.63,5544.68,4788.82,5280.44,9691.3,17294.89
2016-07-20,1842.5425,1571.9879,3855.23,5537.45,4773.67,5264.56,9667.17,17304.43
2016-07-21,1853.3056,1577.0795,3873.09,5554.87,4802.65,5294.23,9715.83,17407.08
2016-07-22,1832.0768,1560.2824,3841.05,5507.9,4760.51,5239.04,9617.95,17192.55
2016-07-25,1839.2879,1560.0557,3848.99,5515.87,4768.41,5260.18,9669.76,17241.6
2016-07-26,1868.2138,1585.3064,3895.39,5583.46,4825.76,5331.19,9793.03,17496.07
2016-07-27,1855.8962,1576.7859,3834.76,5403.46,4805.5,5254.01,9735.97,17007.74
2016-07-28,1873.9192,1597.8563,3838.23,5401.83,4818.54,5321.68,9867.77,17194.58
2016-07-29,1865.761,1583.3058,3820.43,5369.38,4813.33,5320.33,9860.15,17183.86
2016-08-01,1851.628,1577.0247,3788.09,5302.82,4796.34,5272.58,9820.26,16890.65
2016-08-02,1856.4536,1582.8237,3802.69,5339.79,4805.43,5292.95,9845.39,16975.75
2016-08-03,1860.3447,1592.1643,3808.0,5356.93,4807.77,5305.76,9857.6,16989.25
2016-08-04,1861.8539,1585.5955,3817.28,5383.88,4816.84,5316.76,9874.34,17039.71
2016-08-05,1861.117,1576.4007,3823.19,5371.1,4840.75,5321.96,9897.28,16967.21
2016-08-08,1880.1914,1591.2824,3857.86,5427.92,4873.77,5377.7,9994.71,17137.94
2016-08-09,1899.0114,1604.8984,3885.06,5475.62,4905.78,5412.19,10032.75,17337.65
2016-08-10,1886.5373,1597.873,3868.96,5456.62,4885.51,5387.64,9983.74,17320.67
2016-08-11,1882.7905,1583.9407,3858.45,5403.23,4895.89,5366.01,9984.07,17160.52
2016-08-12,1917.9489,1607.265,3932.07,5478.75,5010.11,5473.18,10208.33,17309.67
2016-08-15,1971.4267,1645.7492,4050.47,5618.42,5163.07,5608.37,10471.91,17818.11
2016-08-16,1955.7882,1649.5408,4032.35,5628.75,5126.28,5584.73,10399.65,17835.61
2016-08-17,1957.8336,1651.7908,4026.14,5636.51,5104.92,5584.54,10378.61,17811.35
2016-08-18,1949.2998,1649.6275,4016.11,5631.0,5090.06,5572.74,10350.2,17688.34
2016-08-19,1947.4281,1653.8861,4018.57,5638.5,5082.39,5579.49,10356.97,17704.42
2016-08-22,1933.9927,1635.9066,3984.87,5579.68,5055.41,5545.39,10300.17,17632.62
2016-08-23,1935.7592,1638.6656,3991.12,5588.93,5064.44,5549.52,10324.74,17609.8
2016-08-24,1928.3468,1633.6681,3977.88,5589.9,5039.16,5533.06,10310.19,17571.67
2016-08-25,1913.0382,1620.8842,3952.93,5553.37,5009.9,5505.91,10251.66,17404.85
2016-08-26,1911.6811,1622.5487,3950.97,5564.62,5000.78,5496.57,10227.16,17427.69
2016-08-29,1910.9917,1619.4618,3951.8,5572.97,4988.34,5495.5,10198.36,17485.57
2016-08-30,1913.1921,1615.5941,3956.82,5576.53,5002.8,5506.24,10237.06,17485.42
2016-08-31,1918.7272,1615.2933,3975.84,5590.68,5039.15,5530.35,10293.69,17596.18
2016-09-01,1902.5774,1604.0252,3944.51,5548.11,4998.71,5481.92,10211.53,17530.17
2016-09-02,1921.5657,1614.1292,3959.49,5544.05,5029.01,5494.38,10256.21,17517.36
2016-09-05,1936.2503,1616.263,3967.1,5564.82,5036.14,5516.51,10296.51,17591.18
2016-09-06,1960.5633,1624.418,3994.52,5630.08,5055.28,5562.23,10365.04,17789.12
2016-09-07,1962.8356,1626.0178,3992.36,5629.55,5060.93,5566.77,10359.01,17721.22
2016-09-08,1959.0471,1628.7933,3990.86,5642.11,5057.88,5574.46,10374.35,17716.72
2016-09-09,1946.1606,1620.2235,3965.15,5605.26,5030.88,5528.22,10283.52,17603.82
2016-09-12,1916.204,1597.8624,3898.89,5470.73,4967.4,5427.05,10120.21,17281.18
2016-09-13,1910.7801,1593.0428,3896.18,5491.86,4956.39,5435.87,10122.45,17367.24
2016-09-14,1891.5524,1578.3372,3870.36,5460.25,4913.74,5383.52,10022.33,17248.08
2016-09-19,1908.0357,1589.1829,3899.52,5513.04,4951.41,5437.84,10114.55,17467.2
2016-09-20,1904.5781,1584.7614,3892.68,5508.93,4943.67,5443.18,10130.1,17439.19
2016-09-21,1906.0269,1586.3221,3904.21,5521.48,4958.83,5449.0,10151.26,17437.33
2016-09-22,1919.2591,1599.9408,3933.47,5557.14,5011.74,5499.32,10251.21,17612.03
2016-09-23,1910.8242,1598.3995,3915.0,5535.02,4984.85,5473.72,10192.51,17530.97
2016-09-26,1881.5998,1568.7889,3850.33,5430.13,4920.43,5392.91,10072.02,17191.81
2016-09-27,1893.9541,1572.8226,3874.8,5466.25,4946.43,5426.34,10118.91,17368.87
2016-09-28,1887.3713,1571.054,3863.01,5455.28,4934.59,5417.63,10118.37,17346.92
2016-09-29,1897.0388,1576.5895,3879.34,5475.09,4954.76,5436.2,10156.23,17377.65
2016-09-30,1906.3976,1577.6092,3890.09,5497.58,4966.24,5451.22,10177.73,17509.1
2016-10-10,1926.2986,1604.5329,3938.62,5590.3,5015.97,5523.2,10321.8,17722.17
2016-10-11,1928.8773,1626.7629,3953.79,5621.28,5023.08,5537.47,10340.14,17756.74
2016-10-12,1923.005,1617.7808,3945.96,5618.64,5011.26,5526.75,10325.5,17772.87
2016-10-13,1928.9578,1615.7694,3949.11,5625.53,5008.84,5541.98,10343.55,17716.3
2016-10-14,1937.5012,1641.0512,3952.94,5622.13,5021.49,5542.5,10330.5,17711.07
2016-10-17,1924.7442,1628.2172,3919.5,5573.4,4979.54,5503.01,10246.2,17539.36
2016-10-18,1958.6676,1652.809,3971.46,5653.18,5034.7,5576.93,10363.07,17784.61
2016-10-19,1959.8058,1661.0948,3965.37,5646.45,5031.2,5567.16,10342.52,17700.49
2016-10-20,1964.0398,1658.9148,3968.3,5657.08,5040.23,5573.75,10373.71,17695.52
2016-10-21,1987.4556,1661.2799,3979.23,5648.53,5067.04,5599.55,10454.9,17707.36
2016-10-24,2017.7762,1682.3217,4026.86,5703.45,5130.74,5653.81,10541.3,17861.2
2016-10-25,2025.6045,1682.9951,4026.73,5717.75,5131.22,5675.61,10579.74,17955.93
2016-10-26,2014.7338,1675.5849,4011.6,5695.04,5111.8,5636.82,10482.81,17850.49
2016-10-27,2003.9306,1666.9373,4000.71,5686.78,5089.02,5629.13,10445.62,17788.56
2016-10-28,1997.8209,1658.1077,3994.05,5651.59,5094.18,5596.13,10409.24,17800.69
2016-10-31,1998.2535,1659.9953,3989.45,5647.77,5092.48,5599.87,10426.68,17753.57
2016-11-01,2007.8806,1669.3351,4016.68,5699.22,5128.37,5637.0,10481.65,17903.58
2016-11-02,1988.5938,1654.4285,3985.95,5659.91,5080.14,5584.47,10380.77,17789.8
2016-11-03,2023.4522,1671.7826,4023.97,5702.14,5135.45,5623.15,10436.6,17847.49
2016-11-04,2026.4671,1670.5676,4010.92,5685.24,5124.93,5603.79,10407.22,17768.84
2016-11-07,2036.0254,1679.7567,4013.81,5689.9,5129.72,5614.47,10406.68,17760.3
2016-11-08,2036.0014,1681.0205,4031.28,5719.59,5144.53,5642.52,10440.98,17871.88
2016-11-09,2023.6499,1669.7467,4009.68,5683.95,5124.18,5611.95,10376.88,17759.76
2016-11-10,2048.9822,1689.1391,4054.59,5755.4,5181.22,5684.07,10494.36,17966.39
2016-11-11,2065.376,1708.7381,4086.41,5792.65,5206.07,5711.29,10509.3,17959.27
2016-11-14,2075.7812,1728.3214,4101.99,5813.21,5219.71,5714.28,10522.38,17940.86
2016-11-15,2066.7908,1718.4703,4101.54,5829.64,5218.96,5717.92,10528.51,18056.98
2016-11-16,2061.4819,1724.2802,4101.21,5832.82,5217.5,5714.18,10530.24,18039.26
2016-11-17,2077.5239,1737.4901,4109.51,5829.25,5238.9,5740.65,10582.4,18025.24
2016-11-18,2062.0425,1719.455,4086.7,5803.86,5220.3,5724.6,10566.47,18023.09
2016-11-21,2084.391,1729.8015,4114.98,5830.13,5269.46,5769.27,10635.21,18049.91
2016-11-22,2109.8698,1745.2202,4147.57,5878.23,5310.18,5804.58,10694.37,18169.86
2016-11-23,2126.6618,1732.9583,4155.18,5864.14,5347.42,5825.38,10761.89,18273.73
2016-11-24,2145.8137,1737.9144,4171.94,5858.96,5383.23,5858.64,10834.97,18350.95
2016-11-25,2176.2524,1750.5561,4210.87,5890.28,5447.93,5910.09,10956.41,18423.78
2016-11-28,2213.0893,1772.1176,4227.43,5902.0,5470.74,5943.77,11037.42,18516.47
2016-11-29,2257.2262,1785.3404,4262.06,5888.1,5533.29,5968.8,11134.64,18550.42
2016-11-30,2228.9684,1775.1027,4230.92,5857.91,5483.74,5903.74,11021.09,18449.68
2016-12-01,2256.1669,1813.4072,4263.25,5893.95,5533.21,5962.41,11140.62,18596.51
2016-12-02,2228.8819,1795.5116,4220.1,5813.31,5487.96,5900.08,11000.07,18318.97
2016-12-05,2143.1018,1769.982,4148.89,5751.77,5382.47,5808.14,10824.15,18128.34
2016-12-06,2142.5216,1761.1042,4136.63,5751.94,5361.84,5799.81,10804.25,18150.34
2016-12-07,2150.6231,1767.9087,4156.56,5799.67,5369.45,5828.44,10815.59,18216.45
2016-12-08,2141.8407,1776.3849,4149.86,5778.77,5374.89,5825.16,10827.06,18186.78
2016-12-09,2174.5003,1782.6794,4178.03,5786.05,5445.51,5875.75,10952.99,18212.9
2016-12-12,2117.4611,1738.5926,4076.96,5568.41,5358.91,5732.24,10763.89,17649.95
2016-12-13,2112.012,1755.6215,4072.09,5581.13,5334.93,5723.02,10747.56,17691.29
2016-12-14,2085.8744,1735.8242,4040.89,5545.6,5296.23,5680.3,10662.91,17540.35
2016-12-15,2059.4599,1719.4748,3994.83,5546.49,5189.38,5618.52,10506.82,17369.73
2016-12-16,2073.5472,1728.1918,4001.52,5578.94,5192.21,5632.92,10521.06,17508.23
2016-12-19,2058.0688,1730.2839,3981.14,5565.51,5163.27,5627.78,10501.84,17440.0
2016-12-20,2047.0945,1727.8361,3957.31,5546.32,5124.96,5591.79,10431.24,17369.64
2016-12-21,2066.5403,1763.7554,3992.56,5591.53,5171.83,5646.54,10529.14,17465.5
2016-12-22,2067.4867,1773.0916,3989.14,5587.54,5170.86,5656.37,10538.35,17475.03
2016-12-23,2049.8527,1762.9083,3955.56,5531.86,5133.7,5596.21,10421.96,17266.27
2016-12-26,2066.4219,1766.4994,3973.26,5554.51,5163.67,5612.77,10446.9,17307.45
2016-12-27,2065.1754,1753.0858,3966.07,5554.74,5158.79,5615.98,10436.69,17359.87
2016-12-28,2049.4967,1748.7504,3948.73,5534.18,5133.36,5593.51,10396.22,17280.87
2016-12-29,2052.1811,1744.5842,3943.8,5521.1,5131.54,5585.63,10382.93,17282.09
2016-12-30,2059.7901,1743.4847,3958.53,5532.28,5150.57,5612.71,10431.01,17413.24
2017-01-03,2082.1025,1754.7238,3996.97,5583.96,5201.58,5669.76,10537.6,17631.67
2017-01-04,2109.716,1779.2867,4028.17,5639.78,5241.86,5716.61,10609.79,17854.64
2017-01-05,2108.2792,1786.4774,4027.54,5641.35,5244.91,5722.89,10612.07,17793.76
2017-01-06,2101.0054,1790.3251,4003.48,5606.2,5220.46,5698.27,10577.07,17695.41
2017-01-09,2106.0946,1797.7158,4022.89,5634.51,5238.09,5730.91,10652.66,17726.95
2017-01-10,2104.0818,1809.4546,4016.16,5618.72,5228.54,5715.01,10617.29,17750.15
2017-01-11,2086.2916,1783.0646,3987.73,5568.27,5190.45,5670.12,10533.01,17583.98
2017-01-12,2074.406,1776.6538,3967.55,5526.9,5169.45,5635.61,10485.67,17406.28
2017-01-13,2076.9321,1779.7208,3970.29,5479.24,5198.5,5639.46,10515.19,17342.21
2017-01-16,2085.7833,1780.4763,3969.73,5368.58,5239.67,5643.66,10561.59,17296.67
2017-01-17,2094.0839,1785.0733,3977.99,5403.57,5236.8,5655.56,10570.86,17406.94
2017-01-18,2115.5922,1794.8604,3993.55,5402.91,5279.49,5690.7,10617.83,17559.42
2017-01-19,2105.8711,1783.712,3981.5,5381.86,5260.77,5677.92,10603.41,17539.27
2017-01-20,2121.6356,1792.4626,4012.12,5444.83,5292.08,5727.95,10683.89,17742.56
2017-01-23,2123.6065,1801.47,4023.11,5479.17,5293.1,5734.66,10685.0,17806.3
2017-01-24,2128.576,1810.9967,4023.55,5469.79,5313.71,5756.44,10716.97,17853.94
2017-01-25,2137.0319,1811.6798,4037.25,5485.07,5332.89,5764.58,10739.09,17920.28
2017-01-26,2139.5158,1809.5441,4051.67,5513.17,5343.99,5775.43,10764.34,17939.64
2017-02-03,2124.5617,1798.8458,4023.6,5487.49,5295.7,5739.17,10691.36,17902.45
2017-02-06,2127.7013,1800.4602,4034.02,5524.8,5304.63,5756.23,10732.17,17929.19
2017-02-07,2120.5046,1796.6289,4025.03,5522.24,5292.95,5760.13,10744.41,17924.55
2017-02-08,2131.4494,1802.8456,4046.08,5555.07,5308.06,5780.82,10772.21,18020.34
2017-02-09,2144.5839,1812.7719,4061.63,5588.09,5334.53,5805.85,10803.14,18170.75
2017-02-10,2162.25,1824.8111,4082.19,5596.22,5373.69,5842.68,10855.9,18213.73
2017-02-13,2185.621,1832.2878,4109.45,5630.67,5414.01,5886.25,10911.05,18407.31
2017-02-14,2182.3767,1835.5255,4108.88,5628.91,5412.76,5873.88,10891.48,18384.39
2017-02-15,2174.3582,1830.0438,4092.03,5589.82,5410.67,5869.6,10900.64,18255.11
2017-02-16,2189.0045,1837.4257,4115.02,5625.02,5431.35,5901.08,10944.45,18423.83
2017-02-17,2181.0983,1823.5659,4091.71,5584.14,5393.21,5859.72,10860.15,18363.87
2017-02-20,2228.1532,1857.795,4151.44,5649.15,5492.74,5963.25,11054.47,18765.75
2017-02-21,2225.3329,1861.3281,4165.11,5684.13,5496.6,5972.86,11066.18,18803.58
2017-02-22,2239.9214,1867.0597,4173.41,5703.58,5513.95,6006.93,11126.86,18953.93
2017-02-23,2223.8919,1852.676,4153.75,5689.84,5484.02,5976.56,11077.3,18892.12
2017-02-24,2214.7658,1856.0487,4154.38,5697.65,5478.84,5968.0,11060.19,18775.44
2017-02-27,2185.5588,1832.2513,4121.34,5653.55,5430.47,5912.93,10978.46,18549.01
2017-02-28,2194.3591,1836.3409,4129.22,5670.15,5440.59,5938.72,11018.83,18619.01
2017-03-01,2199.3573,1842.6143,4135.95,5682.78,5447.98,5943.6,11025.76,18665.61
2017-03-02,2184.2362,1830.7775,4108.04,5646.69,5405.35,5913.88,10972.2,18620.41
2017-03-03,2184.7246,1826.4476,4099.39,5649.96,5393.95,5916.18,10977.87,18681.74
2017-03-06,2201.0468,1834.8564,4121.87,5697.5,5411.33,5946.42,10992.77,18845.01
2017-03-07,2208.5816,1832.6674,4130.8,5709.45,5426.6,5953.28,10986.19,18914.65
2017-03-08,2210.9979,1829.2552,4124.56,5693.61,5431.32,5937.49,10981.65,18890.02
2017-03-09,2198.1473,1820.6703,4098.5,5654.77,5399.37,5890.83,10899.63,18776.61
2017-03-10,2206.9679,1813.9392,4099.63,5657.02,5404.79,5896.02,10913.46,18929.92
2017-03-13,2226.1251,1826.7765,4135.76,5701.48,5446.6,5952.67,11005.23,19129.94
2017-03-14,2226.6643,1829.4594,4134.08,5694.5,5453.86,5950.16,11034.01,19181.32
2017-03-15,2241.9015,1844.0473,4142.47,5696.01,5468.55,5970.18,11066.03,19242.2
2017-03-16,2242.8204,1854.4445,4163.84,5739.72,5483.54,5992.74,11098.03,19259.27
2017-03-17,2221.6316,1839.7577,4121.14,5690.32,5432.07,5929.48,10979.39,19125.61
2017-03-20,2236.9935,1859.2383,4125.69,5703.51,5442.62,5957.99,11015.92,19249.19
2017-03-21,2271.8134,1874.8848,4145.71,5721.69,5484.02,6016.36,11108.19,19605.54
2017-03-22,2269.8084,1875.5456,4126.22,5695.19,5455.46,5983.09,11048.84,19625.43
2017-03-23,2279.438,1874.3352,4140.48,5705.03,5476.42,5995.24,11056.8,19620.75
2017-03-24,2309.83,1889.2383,4173.52,5735.21,5523.33,6048.29,11161.21,19754.98
2017-03-27,2284.3015,1874.7954,4159.69,5717.45,5503.11,6030.19,11159.18,19551.79
2017-03-28,2279.0415,1868.5505,4149.85,5702.63,5488.67,6009.46,11129.22,19522.1
2017-03-29,2284.7867,1880.2613,4145.09,5681.46,5488.07,6000.1,11128.82,19488.0
2017-03-30,2266.931,1876.1856,4111.08,5599.43,5460.42,5960.09,11095.73,19303.77
2017-03-31,2280.7245,1874.649,4134.15,5621.46,5495.43,6006.13,11182.73,19551.41
2017-04-05,2307.6873,1899.5776,4191.38,5720.95,5559.65,6087.33,11330.37,19734.32
2017-04-06,2337.9419,1915.3678,4203.53,5738.85,5589.16,6111.82,11414.8,19796.61
2017-04-07,2332.5579,1922.0147,4207.7,5745.08,5587.96,6122.51,11458.71,19857.17
2017-04-10,2330.598,1921.3118,4193.07,5713.0,5578.55,6119.88,11514.84,19716.3
2017-04-11,2333.7268,1924.322,4207.89,5747.7,5587.26,6141.71,11575.27,19635.03
2017-04-12,2327.4956,1920.6212,4198.45,5715.62,5579.0,6144.08,11552.98,19593.15
2017-04-13,2331.3971,1928.8985,4204.59,5732.13,5576.76,6182.07,11631.11,19818.77
2017-04-14,2310.1194,1911.1931,4171.02,5665.68,5532.89,6108.6,11507.88,19661.4
2017-04-17,2317.394,1909.0952,4163.16,5616.5,5536.9,6078.24,11444.42,19705.28
2017-04-18,2325.5165,1910.3706,4142.64,5577.32,5514.46,6063.64,11430.3,19980.04
2017-04-19,2329.2637,1904.2708,4122.52,5526.9,5495.99,6040.92,11395.79,19993.73
2017-04-20,2353.1436,1917.9179,4141.27,5526.97,5525.76,6067.16,11450.95,20340.99
2017-04-21,2352.9204,1913.3902,4147.58,5512.51,5541.61,6071.55,11461.83,20231.58
2017-04-24,2323.5174,1887.3774,4105.1,5400.24,5495.23,5996.3,11368.96,19993.87
2017-04-25,2342.7606,1896.4215,4116.77,5418.14,5516.42,6024.34,11433.39,20190.79
2017-04-26,2342.0316,1892.6299,4121.85,5430.18,5517.21,6030.04,11476.54,20034.11
2017-04-27,2337.0444,1895.7213,4123.69,5444.94,5514.96,6016.36,11458.91,19977.91
2017-04-28,2319.0302,1889.7854,4115.46,5455.59,5493.5,5981.38,11422.65,19791.76
2017-05-02,2320.3857,1891.5642,4099.7,5449.68,5474.08,5951.2,11352.47,19728.72
2017-05-03,2311.6551,1890.9271,4083.66,5432.39,5453.37,5913.94,11278.98,19699.77
2017-05-04,2311.2971,1885.0509,4073.2,5417.06,5446.55,5911.3,11273.34,19677.57
2017-05-05,2308.6173,1876.4895,4047.09,5362.77,5434.7,5879.64,11234.45,19554.34
2017-05-08,2291.837,1861.9998,4018.69,5288.77,5413.22,5831.17,11149.83,19284.45
2017-05-09,2283.5145,1860.4947,4012.73,5302.91,5396.84,5830.63,11128.01,19299.54
2017-05-10,2280.5533,1847.4317,3997.17,5238.87,5406.29,5771.91,11018.92,19218.99
2017-05-11,2308.3477,1864.3848,4020.44,5236.94,5461.32,5811.06,11110.86,19412.08
2017-05-12,2320.4761,1871.0415,4055.89,5254.58,5531.8,5856.43,11228.82,19460.76
2017-05-15,2330.1023,1883.3639,4072.89,5275.08,5545.28,5897.99,11327.35,19722.2
2017-05-16,2352.2258,1903.1452,4108.66,5354.99,5567.93,5966.51,11468.6,20098.85
2017-05-17,2330.1944,1889.659,4086.32,5350.76,5522.52,5949.01,11442.9,19874.73
2017-05-18,2324.185,1887.0883,4072.63,5321.85,5513.07,5921.52,11396.25,19840.41
2017-05-19,2343.7444,1898.2304,4079.64,5325.1,5534.67,5943.84,11453.21,19944.62
2017-05-22,2360.3777,1907.2911,4088.83,5282.36,5572.64,5925.81,11429.96,20011.41
2017-05-23,2378.955,1922.2478,4104.51,5216.77,5641.77,5941.29,11496.53,20222.96
2017-05-24,2374.0086,1921.1228,4104.66,5231.28,5632.01,5951.66,11508.59,20130.27
2017-05-25,2403.344,1936.5791,4179.54,5298.52,5759.74,6037.76,11644.73,20340.23
2017-05-26,2411.6557,1940.5266,4173.69,5294.12,5762.93,6050.42,11651.61,20292.99
2017-05-31,2423.4008,1948.8663,4188.8,5296.87,5790.45,6060.79,11677.27,20275.43
2017-06-01,2438.9508,1957.9665,4194.87,5235.77,5828.15,6050.43,11704.45,20344.98
2017-06-02,2429.227,1956.926,4181.48,5256.44,5790.69,6061.01,11703.96,20354.91
2017-06-05,2416.2256,1948.9887,4161.4,5268.01,5738.53,6038.48,11645.91,20335.75
2017-06-06,2450.2479,1961.2168,4190.59,5297.38,5787.52,6070.49,11677.47,20583.7
2017-06-07,2476.6789,1982.2214,4240.59,5384.23,5845.78,6155.06,11811.48,20981.25
2017-06-08,2524.6926,2006.7528,4273.57,5405.73,5909.92,6211.5,11933.38,21305.92
2017-06-09,2535.7074,2009.9291,4293.56,5421.54,5946.12,6233.06,12009.91,21402.74
2017-06-12,2554.6787,2018.1015,4291.6,5382.92,5971.96,6253.75,12060.64,21451.67
2017-06-13,2550.0113,2014.6237,4301.59,5427.55,5964.98,6274.68,12120.93,21545.17
2017-06-14,2500.0179,1994.5402,4253.38,5398.29,5874.57,6198.2,11941.44,21189.6
2017-06-15,2491.2909,1989.8612,4246.17,5425.31,5838.81,6174.18,11882.19,21139.96
2017-06-16,2478.7964,1982.6432,4239.54,5416.88,5823.69,6150.09,11809.02,21063.95
2017-06-19,2516.5832,2004.1805,4282.16,5460.67,5894.5,6194.91,11898.41,21315.88
2017-06-20,2510.4933,1998.2818,4273.55,5459.57,5879.33,6188.56,11870.6,21251.99
2017-06-21,2559.0566,2021.2131,4324.15,5492.41,5958.38,6263.06,12020.51,21629.17
2017-06-22,2559.3319,2017.9732,4327.8,5447.38,5995.19,6261.72,12057.76,21430.79
2017-06-23,2599.4249,2031.2674,4367.1,5474.3,6064.8,6314.6,12188.67,21704.44
2017-06-26,2628.9192,2054.3,4421.88,5544.6,6133.51,6386.15,12292.29,22062.25
2017-06-27,2633.6908,2050.9652,4429.88,5553.91,6158.21,6399.12,12321.76,22110.71
2017-06-28,2601.1583,2035.5059,4395.54,5516.25,6113.6,6364.61,12214.98,21906.53
2017-06-29,2621.9554,2044.5167,4424.56,5545.75,6155.76,6392.27,12256.64,22035.78
2017-06-30,2626.9904,2050.663,4423.11,5551.61,6153.85,6404.05,12272.33,22120.78
2017-07-03,2603.7673,2051.8119,4403.88,5562.53,6114.3,6392.28,12210.51,21949.89
2017-07-04,2578.279,2042.7897,4367.27,5532.44,6052.13,6345.72,12102.66,21646.86
2017-07-05,2615.1809,2054.1812,4420.04,5586.11,6140.88,6401.44,12229.75,21931.05
2017-07-06,2614.4694,2056.6942,4422.78,5592.41,6154.38,6404.51,12272.58,21799.25
2017-07-07,2610.825,2058.3245,4422.48,5602.65,6137.24,6410.95,12266.97,21720.78
2017-07-10,2629.4125,2073.1773,4422.94,5588.65,6148.1,6411.93,12237.25,21766.22
2017-07-11,2658.0132,2068.0088,4448.79,5567.91,6229.39,6447.57,12300.02,21993.45
2017-07-12,2632.0902,2061.2674,4435.96,5558.43,6214.71,6418.12,12229.63,21887.75
2017-07-13,2648.4258,2072.0984,4473.59,5583.33,6280.96,6439.6,12252.06,21976.54
2017-07-14,2672.2669,2086.2989,4498.0,5583.15,6343.85,6488.84,12333.17,22007.51
2017-07-17,2656.5527,2060.1768,4450.13,5415.85,6355.18,6409.68,12223.86,21561.94
2017-07-18,2665.1344,2090.7617,4456.08,5445.72,6350.7,6413.68,12226.45,21581.22
2017-07-19,2689.0715,2125.968,4533.4,5534.95,6413.68,6502.6,12386.81,21916.56
2017-07-20,2721.7181,2143.7227,4555.75,5563.49,6445.98,6557.45,12477.81,22174.64
2017-07-21,2713.8673,2151.205,4533.55,5555.69,6397.07,6556.61,12462.3,22153.24
2017-07-24,2727.9766,2149.6052,4552.0,5583.84,6430.11,6599.05,12553.77,22396.89
2017-07-25,2707.1337,2136.9177,4523.22,5560.68,6399.17,6567.42,12480.5,22221.55
2017-07-26,2682.0775,2132.1088,4506.23,5551.01,6362.75,6533.8,12392.44,22047.85
2017-07-27,2668.4793,2121.676,4515.49,5586.89,6339.35,6527.23,12405.6,22001.13
2017-07-28,2683.4483,2136.886,4527.32,5598.78,6362.33,6551.68,12421.91,22202.53
2017-07-31,2686.9964,2156.2854,4546.76,5637.21,6368.05,6580.65,12430.86,22409.11
2017-08-01,2714.7225,2159.7539,4586.64,5661.03,6449.67,6621.0,12519.53,22514.79
2017-08-02,2690.5955,2147.5738,4576.49,5633.32,6431.17,6591.74,12469.41,22303.48
2017-08-03,2662.251,2143.31,4536.36,5619.99,6349.53,6538.61,12328.53,22132.92
2017-08-04,2637.9362,2131.7459,4512.32,5591.97,6304.54,6508.59,12242.34,22001.46
2017-08-07,2657.7985,2154.7685,4535.7,5632.18,6335.02,6550.19,12293.02,22317.05
2017-08-08,2656.7214,2150.5567,4543.45,5643.94,6329.98,6543.69,12310.09,22309.67
2017-08-09,2672.7877,2164.1632,4542.21,5654.86,6313.5,6561.37,12308.72,22633.97
2017-08-10,2667.8088,2157.8951,4524.06,5619.99,6286.37,6543.48,12301.75,22609.04
2017-08-11,2615.8785,2101.5677,4441.44,5520.97,6172.78,6429.21,12127.18,22097.92
2017-08-14,2644.1393,2122.3481,4499.2,5611.22,6211.08,6482.02,12200.96,22461.4
2017-08-15,2646.1874,2119.6972,4513.05,5630.04,6245.43,6522.24,12239.79,22528.27
2017-08-16,2634.4664,2115.5501,4507.48,5636.99,6213.55,6499.84,12202.32,22371.83
2017-08-17,2647.3455,2130.9362,4531.66,5675.13,6239.17,6531.63,12271.74,22448.44
2017-08-18,2660.6136,2132.3901,4537.26,5668.2,6279.39,6547.1,12307.43,22411.01
2017-08-21,2674.7555,2149.9923,4557.14,5703.25,6296.13,6573.31,12322.64,22526.26
2017-08-22,2688.5481,2146.7145,4570.91,5695.28,6353.22,6574.79,12311.02,22508.71
2017-08-23,2687.9977,2133.5448,4575.53,5677.96,6377.8,6571.87,12328.93,22431.91
2017-08-24,2683.8679,2121.1993,4549.75,5643.66,6355.34,6568.23,12298.95,22358.28
2017-08-25,2717.1086,2149.0536,4624.85,5717.19,6472.57,6654.89,12442.49,22538.99
2017-08-28,2737.7342,2164.1101,4682.06,5783.82,6517.87,6702.51,12531.64,22704.38
2017-08-29,2730.9094,2160.3932,4674.4,5774.15,6525.89,6700.03,12497.02,22634.29
2017-08-30,2733.9557,2176.0766,4674.12,5788.4,6508.95,6706.54,12475.13,22707.26
2017-08-31,2716.3354,2169.0237,4659.23,5789.69,6459.29,6666.81,12407.27,22606.21
2017-09-01,2720.3277,2175.7777,4669.53,5818.2,6447.22,6681.32,12400.54,22721.15
2017-09-04,2723.4203,2177.905,4690.25,5848.51,6461.25,6690.06,12413.49,22712.76
2017-09-05,2730.3187,2173.7599,4704.19,5858.22,6503.15,6694.08,12426.34,22748.06
2017-09-06,2726.032,2181.7357,4694.92,5868.88,6482.64,6682.78,12387.58,22771.91
2017-09-07,2711.2184,2164.2349,4671.04,5839.39,6460.12,6667.96,12400.97,22654.72
2017-09-08,2706.5993,2165.1439,4666.31,5844.11,6448.99,6661.18,12377.13,22736.69
2017-09-11,2703.9059,2173.8053,4665.89,5873.36,6424.43,6673.25,12400.18,22690.5
2017-09-12,2706.6541,2174.1995,4680.88,5875.55,6454.28,6701.15,12411.74,22812.36
2017-09-13,2723.4078,2185.829,4686.58,5893.42,6461.0,6714.9,12439.15,23121.52
2017-09-14,2733.1897,2176.3711,4671.15,5880.14,6447.3,6698.19,12441.13,23131.73
2017-09-15,2749.3465,2158.7804,4672.93,5864.1,6456.24,6686.42,12433.54,23143.06
2017-09-18,2747.3038,2169.6069,4687.38,5895.25,6454.28,6700.76,12452.8,23290.62
2017-09-19,2743.1226,2158.0693,4673.93,5873.98,6453.57,6681.08,12442.04,23150.52
2017-09-20,2756.8992,2164.181,4686.97,5906.69,6461.73,6714.76,12454.28,23271.12
2017-09-21,2755.2864,2150.9905,4681.33,5869.24,6481.15,6711.77,12433.55,23149.79
2017-09-22,2769.8313,2142.4518,4681.23,5854.12,6493.52,6720.69,12470.93,23182.18
2017-09-25,2743.1471,2138.1275,4656.91,5798.73,6472.08,6690.25,12432.16,23189.34
2017-09-26,2744.2438,2148.1775,4661.77,5808.89,6465.86,6687.55,12437.83,23164.83
2017-09-27,2754.7949,2150.5384,4662.28,5833.71,6445.7,6697.42,12444.27,23241.88
2017-09-28,2743.7977,2145.9424,4663.92,5822.69,6431.91,6683.04,12432.56,23315.15
2017-09-29,2755.1202,2152.1463,4680.95,5856.4,6452.08,6695.92,12457.53,23461.96
2017-10-09,2792.371,2172.4896,4736.72,5924.04,6526.33,6764.3,12608.57,23829.18
2017-10-10,2788.2436,2175.8908,4746.06,5949.95,6535.07,6773.08,12621.71,24026.95
2017-10-11,2810.3681,2183.6461,4761.71,5947.74,6575.15,6792.45,12668.13,24088.16
2017-10-12,2811.3947,2178.2794,4774.23,5948.56,6605.55,6793.44,12689.67,24061.16
2017-10-13,2806.2885,2188.4336,4784.05,5971.16,6591.16,6795.18,12738.45,24179.8
2017-10-16,2786.4203,2181.1164,4774.84,5911.96,6591.29,6748.42,12702.27,23877.37
2017-10-17,2800.857,2181.033,4774.37,5908.67,6602.85,6748.29,12695.14,23962.88
2017-10-18,2836.6608,2195.5012,4812.31,5905.11,6674.52,6794.2,12802.9,24135.44
2017-10-19,2836.2074,2195.3203,4796.56,5866.16,6680.51,6793.63,12816.23,24303.68
2017-10-20,2824.8008,2191.6596,4791.5,5896.91,6650.05,6796.31,12853.02,24232.11
2017-10-23,2827.5437,2193.1575,4796.32,5917.96,6645.19,6802.32,12884.26,24416.28
2017-10-24,2867.0511,2213.5998,4831.25,5926.16,6715.36,6843.36,12948.25,24482.37
2017-10-25,2893.2209,2225.6794,4852.66,5958.74,6732.69,6860.38,13004.03,24685.25
2017-10-26,2892.7931,2243.6006,4872.95,5982.25,6754.18,6867.31,13005.74,24878.42
2017-10-27,2904.1541,2255.5359,4907.62,5982.16,6833.09,6888.49,13074.16,25112.3
2017-10-30,2908.9666,2239.871,4892.68,5906.74,6844.66,6858.99,13031.48,24908.05
2017-10-31,2892.6504,2239.8825,4889.01,5926.44,6806.38,6832.5,12968.82,24779.59
2017-11-01,2884.2681,2247.7893,4876.69,5918.61,6793.89,6799.26,12862.7,24616.93
2017-11-02,2891.9904,2246.7859,4877.32,5885.37,6805.52,6799.29,12861.01,24642.37
2017-11-03,2876.0114,2240.2508,4871.91,5857.52,6787.26,6770.48,12791.02,24524.37
2017-11-06,2913.0087,2266.0454,4906.31,5908.85,6795.4,6817.48,12854.94,24998.7
2017-11-07,2927.4209,2275.5614,4947.01,5949.12,6864.9,6859.79,12941.53,25081.61
2017-11-08,2913.7272,2275.9111,4939.39,5951.53,6838.0,6863.02,12957.46,24881.63
2017-11-09,2943.8954,2300.3597,4973.43,5990.54,6881.49,6899.66,12997.95,25158.23
2017-11-10,2958.5222,2304.7093,5017.37,6024.38,6945.66,6938.29,13060.11,25449.76
2017-11-13,2958.6747,2317.5048,5037.09,6040.46,6983.23,6976.18,13108.87,25670.17
2017-11-14,2936.7631,2312.2472,5002.04,5997.25,6952.89,6930.66,13057.92,25392.4
2017-11-15,2942.2531,2308.8986,4970.71,5950.11,6935.96,6900.18,13030.33,25416.36
2017-11-16,2964.1286,2317.1026,5008.95,5971.87,7001.9,6918.36,13070.92,25812.22
2017-11-17,2990.5225,2310.854,5028.28,5885.41,7133.95,6929.68,13132.86,25442.41
2017-11-20,2995.626,2314.362,5056.34,5918.31,7169.16,6961.16,13192.17,25475.97
2017-11-21,3062.1694,2325.7614,5146.48,5973.57,7312.46,7052.79,13314.5,25944.54
2017-11-22,3078.0076,2340.352,5158.51,5977.26,7367.75,7062.9,13332.81,25714.81
2017-11-23,2983.7909,2283.2702,5005.78,5818.94,7165.12,6876.92,13007.92,24802.37
2017-11-24,2988.0288,2282.7374,5008.01,5822.83,7181.33,6876.87,13010.71,24704.36
2017-11-27,2956.3372,2262.7285,4941.8,5751.59,7105.24,6816.64,12924.09,24348.88
2017-11-28,2951.1125,2274.0593,4948.97,5798.44,7051.55,6822.8,12918.49,24707.09
2017-11-29,2952.4274,2277.1791,4946.45,5804.55,7063.92,6815.88,12892.52,24750.79
2017-11-30,2927.5457,2265.0871,4888.3,5752.81,6976.57,6772.63,12773.97,24540.2
2017-12-01,2915.6062,2255.0853,4878.58,5771.79,6926.8,6761.67,12744.8,24521.54
2017-12-04,2927.8296,2262.4964,4903.87,5762.05,6974.3,6770.12,12777.94,24722.04
2017-12-05,2954.7542,2271.1726,4929.87,5706.39,7074.45,6788.72,12847.08,24659.92
2017-12-06,2925.2,2255.8289,4900.17,5711.92,6986.36,6750.15,12757.14,24576.9
2017-12-07,2883.6036,2226.3302,4845.55,5673.07,6904.84,6681.54,12658.73,24220.51
2017-12-08,2898.8606,2235.9905,4884.99,5724.29,6952.75,6703.04,12694.88,24508.31
2017-12-11,2946.21,2271.3571,4965.67,5803.02,7048.35,6773.77,12811.45,25098.51
2017-12-12,2909.3895,2248.5357,4900.41,5739.74,6942.63,6705.58,12674.44,24917.5
2017-12-13,2938.0435,2271.2509,4941.99,5783.07,7013.33,6756.77,12752.88,25464.23
2017-12-14,2932.4667,2262.2635,4912.78,5769.23,6972.13,6741.12,12731.57,25403.11
2017-12-15,2889.2789,2241.5168,4857.51,5724.54,6889.44,6687.3,12615.2,25097.62
2017-12-18,2913.5866,2265.8304,4862.92,5709.07,6915.69,6686.28,12582.26,25241.41
2017-12-19,2940.311,2276.2995,4923.98,5762.77,7023.62,6742.87,12729.28,25555.2
2017-12-20,2924.2135,2280.5392,4918.07,5732.44,7027.68,6724.14,12683.59,25624.23
2017-12-21,2968.5129,2291.9499,4963.66,5767.55,7085.59,6761.06,12792.45,25882.44
2017-12-22,2977.0671,2298.2106,4947.49,5755.4,7062.02,6761.91,12770.77,25747.33
2017-12-25,2992.5647,2300.1251,4931.56,5711.5,7078.1,6753.16,12779.06,25647.55
2017-12-26,2994.3165,2299.1137,4946.3,5736.15,7097.93,6781.78,12856.3,25623.83
2017-12-27,2963.6578,2275.9011,4870.14,5677.15,6972.14,6732.91,12740.02,25137.7
2017-12-28,2989.3388,2313.1047,4903.93,5705.69,6992.58,6764.28,12816.2,25432.79
2017-12-29,3002.9838,2302.4843,4918.52,5735.62,7014.98,6810.49,12889.37,25514.89
2018-01-02,3078.7779,2348.2241,4987.52,5806.1,7150.28,6932.76,13057.18,25817.01
2018-01-03,3085.0269,2368.2049,5016.79,5848.61,7153.42,6966.62,13117.37,25924.23
2018-01-04,3118.4194,2393.2118,5038.05,5870.2,7181.03,6992.33,13167.09,26221.36
2018-01-05,3168.9439,2411.2656,5050.17,5877.97,7234.45,7042.21,13313.19,26268.38
2018-01-08,3227.6616,2452.0085,5076.3,5899.37,7272.53,7099.96,13464.28,26409.17
2018-01-09,3237.42,2454.7496,5111.85,5917.83,7317.28,7094.87,13495.55,26931.24
2018-01-10,3262.4552,2463.5157,5134.45,5911.58,7392.04,7116.13,13533.67,27147.23
2018-01-11,3226.5131,2434.5798,5131.73,5922.42,7382.6,7097.14,13479.25,26986.37
2018-01-12,3254.2007,2444.0646,5155.42,5921.78,7449.61,7131.66,13544.36,27231.2
2018-01-15,3272.7138,2424.945,5155.71,5849.37,7536.09,7105.64,13562.5,27300.11
2018-01-16,3319.4724,2425.0021,5196.26,5889.18,7594.76,7206.78,13784.26,27609.72
2018-01-17,3292.3282,2412.4214,5183.62,5872.72,7585.0,7197.53,13740.81,27032.68
2018-01-18,3295.4842,2431.9519,5212.06,5895.35,7656.86,7255.26,13763.84,27165.62
2018-01-19,3286.764,2434.5836,5229.11,5897.29,7667.71,7252.29,13733.58,26914.54
2018-01-22,3363.8531,2466.8048,5291.59,5960.53,7745.88,7323.85,13859.58,27614.81
2018-01-23,3393.2091,2481.4951,5347.74,5995.87,7866.46,7410.83,13965.95,27684.99
2018-01-24,3385.251,2483.9398,5356.61,6017.3,7828.6,7421.99,13984.67,27524.09
2018-01-25,3374.2917,2492.6987,5326.34,5994.94,7789.76,7391.78,13905.85,27293.95
2018-01-26,3416.4936,2514.8312,5347.0,6002.72,7852.5,7440.53,14025.16,27431.85
2018-01-29,3382.6871,2502.0768,5250.24,5911.45,7744.64,7367.67,13862.95,26645.89
2018-01-30,3320.9991,2475.3627,5194.21,5874.61,7621.41,7279.04,13704.52,26407.73
2018-01-31,3348.9306,2482.8767,5218.37,5824.43,7725.71,7270.69,13726.09,26610.96
2018-02-01,3352.1201,2477.8143,5181.75,5695.76,7758.51,7196.67,13599.29,26290.14
2018-02-02,3422.2776,2530.1321,5212.67,5707.88,7805.99,7255.94,13678.29,26335.94
2018-02-05,3420.2748,2537.6675,5216.23,5700.86,7876.54,7309.58,13770.66,25914.28
2018-02-06,3332.2536,2460.172,5063.36,5480.75,7707.29,7100.25,13382.01,25142.35
2018-02-07,3209.1316,2406.9983,4943.28,5417.84,7454.16,6956.29,13085.82,24628.43
2018-02-08,3152.6657,2359.607,4896.38,5420.71,7280.22,6891.3,12983.78,24858.4
2018-02-09,3009.4314,2252.5729,4687.21,5219.22,6968.56,6623.32,12421.4,24163.72
2018-02-12,3047.5976,2271.4991,4747.56,5315.88,7003.24,6698.56,12550.35,24858.39
2018-02-13,3089.4741,2293.8224,4803.13,5356.61,7117.67,6772.23,12684.75,25016.04
2018-02-14,3127.6247,2314.6918,4841.36,5386.84,7183.28,6790.09,12731.96,25230.71
2018-02-22,3193.7301,2374.9913,4946.04,5493.88,7332.92,6937.29,13018.46,25847.7
2018-02-23,3208.5028,2396.5925,4968.44,5514.6,7384.64,6957.52,13084.1,25856.52
2018-02-26,3229.138,2426.9672,5026.2,5605.31,7414.99,7023.06,13171.87,26185.08
2018-02-27,3141.182,2379.0255,4953.66,5565.15,7260.5,6913.08,13027.38,25819.05
2018-02-28,3122.7128,2360.5933,4910.53,5548.99,7163.08,6866.38,12937.0,25558.44
2018-03-01,3125.703,2366.6885,4941.59,5600.02,7183.97,6875.85,12964.27,25740.57
2018-03-02,3119.0405,2348.46,4901.77,5564.06,7140.45,6857.98,12945.18,25676.22
2018-03-05,3110.8359,2341.2706,4903.77,5575.71,7132.65,6848.64,12931.36,25532.41
2018-03-06,3153.3808,2375.1597,4962.92,5640.14,7209.54,6940.18,13106.91,25801.66
2018-03-07,3129.4345,2349.0891,4926.41,5599.21,7176.69,6912.86,13054.37,25683.72
2018-03-08,3171.6197,2370.3045,4976.39,5646.89,7254.3,6977.66,13141.8,26082.02
2018-03-09,3167.7489,2374.8606,5014.54,5709.86,7261.29,7002.04,13195.04,26420.42
2018-03-12,3173.0649,2392.7517,5037.49,5764.86,7252.8,7016.31,13230.72,26478.1
2018-03-13,3159.2087,2374.0657,4993.05,5725.62,7214.16,6973.33,13125.62,26234.58
2018-03-14,3161.8931,2377.792,4971.19,5683.56,7181.59,6945.83,13090.24,26212.12
2018-03-15,3170.1551,2384.2574,4999.04,5690.67,7226.18,6954.54,13078.93,26457.05
2018-03-16,3146.6825,2362.9749,4950.54,5653.74,7172.04,6899.79,13040.69,26154.27
2018-03-19,3113.6331,2346.4274,4972.29,5671.41,7191.28,6869.0,13020.19,26222.21
2018-03-20,3115.7598,2356.6422,4976.51,5680.95,7201.58,6867.18,12981.04,26229.2
2018-03-21,3104.9355,2344.886,4956.19,5649.66,7178.71,6854.58,12949.63,26145.98
2018-03-22,3073.3432,2325.4239,4906.52,5615.81,7093.52,6800.5,12858.38,25675.93
2018-03-23,3020.8021,2272.6656,4765.66,5391.94,6935.35,6604.77,12499.34,24937.31
2018-03-26,2982.0145,2245.0615,4735.1,5418.47,6785.4,6549.09,12433.55,24987.95
2018-03-27,2994.7006,2264.3354,4775.83,5507.04,6796.86,6583.9,12505.05,25084.37
2018-03-28,2935.8157,2214.4703,4689.73,5436.96,6681.58,6489.92,12293.89,24582.09
2018-03-29,3003.1461,2255.2608,4752.38,5495.57,6824.53,6602.07,12509.13,25040.06
2018-03-30,2985.4857,2251.0667,4757.89,5539.8,6781.62,6605.57,12460.83,25136.02
2018-04-02,2972.6397,2246.8707,4743.76,5541.91,6729.15,6572.04,12429.33,25080.26
2018-04-03,2952.7986,2227.0595,4713.93,5498.43,6688.65,6507.02,12334.25,25057.14
2018-04-04,2951.5455,2220.6059,4704.63,5476.37,6699.27,6502.06,12333.78,25276.89
2018-04-09,2948.3175,2229.0364,4702.27,5477.96,6690.91,6489.37,12333.29,25174.58
2018-04-10,3008.0895,2275.7274,4792.88,5536.66,6864.39,6598.87,12496.36,25582.69
2018-04-11,3021.398,2285.3592,4806.52,5559.49,6897.8,6635.34,12541.88,25674.76
2018-04-12,2996.0978,2269.5869,4758.05,5517.37,6811.98,6575.34,12451.62,25580.36
2018-04-13,2984.1738,2261.0416,4724.5,5490.6,6762.89,6545.25,12397.87,25256.5
2018-04-16,2922.4537,2227.0083,4648.51,5438.29,6603.09,6436.07,12209.5,25044.58
2018-04-17,2895.6814,2200.8608,4575.02,5338.0,6538.1,6361.81,12067.6,24531.41
2018-04-18,2913.5993,2226.6289,4596.58,5384.75,6571.79,6388.28,12121.45,24569.93
2018-04-19,2951.3549,2253.5243,4652.18,5427.73,6652.78,6450.36,12192.79,24952.23
2018-04-20,2922.2984,2228.2726,4589.95,5336.49,6590.55,6360.94,12016.36,24692.48
2018-04-23,2935.4824,2228.8335,4596.63,5313.65,6625.6,6363.81,11978.2,24664.17
2018-04-24,2999.0691,2270.5081,4690.8,5425.18,6764.5,6492.98,12237.25,25346.79
2018-04-25,2969.169,2252.0991,4672.86,5422.95,6707.76,6473.89,12192.74,25490.71
2018-04-26,2928.3711,2235.3468,4583.51,5321.77,6599.48,6376.47,12040.02,25066.56
2018-04-27,2937.2875,2254.6998,4585.66,5327.76,6564.33,6383.4,12021.79,25200.11
2018-05-02,2937.5639,2244.9519,4593.99,5325.16,6564.02,6413.31,12098.04,25668.61
2018-05-03,2961.4949,2266.8345,4629.82,5370.34,6592.95,6461.01,12199.54,25940.77
2018-05-04,2961.9716,2259.7623,4610.44,5357.18,6557.31,6444.79,12185.21,25999.73
2018-05-07,3008.1701,2299.4444,4683.38,5446.02,6639.6,6540.56,12385.96,26503.9
2018-05-08,3031.0112,2305.1371,4737.72,5490.78,6742.12,6594.41,12509.62,26760.96
2018-05-09,3031.6181,2309.6376,4729.87,5484.58,6736.59,6587.08,12505.5,26760.72
2018-05-10,3045.9835,2324.3596,4756.35,5510.76,6755.89,6626.43,12582.07,27080.58
2018-05-11,3032.6302,2316.189,4731.79,5470.38,6740.84,6597.44,12524.04,26825.49
2018-05-14,3043.6265,2323.9642,4776.37,5481.11,6810.16,6626.46,12583.48,27266.97
2018-05-15,3056.211,2331.4602,4794.61,5519.25,6810.67,6654.06,12634.48,27419.41
2018-05-16,3041.6624,2317.8942,4756.6,5488.12,6737.86,6617.09,12556.43,27527.8
2018-05-17,3033.7702,2313.4217,4721.64,5456.55,6697.48,6594.46,12526.13,27109.62
2018-05-18,3074.4064,2369.8527,4769.41,5494.71,6781.53,6658.19,12605.72,27254.75
2018-05-21,3071.1619,2366.6443,4792.02,5542.3,6791.18,6688.98,12657.04,27390.01
2018-05-22,3055.6186,2361.3956,4774.5,5544.56,6729.69,6670.57,12646.82,27439.57
2018-05-23,2999.6875,2299.8332,4711.4,5477.88,6634.04,6604.52,12507.23,27150.16
2018-05-24,2980.5571,2294.3344,4678.11,5451.1,6584.07,6561.82,12428.23,27010.86
2018-05-25,2984.845,2291.709,4668.07,5415.87,6589.84,6551.64,12427.7,27100.96
2018-05-28,2997.8991,2292.9297,4688.66,5410.75,6621.41,6572.21,12493.4,27663.52
2018-05-29,2991.9284,2293.01,4653.6,5367.31,6604.47,6555.55,12465.94,27491.37
2018-05-30,2933.2472,2237.3129,4555.13,5229.63,6472.8,6433.86,12230.0,27182.42
2018-05-31,3005.9325,2286.7486,4652.62,5323.7,6614.89,6571.44,12489.98,27886.19
2018-06-01,2987.6275,2281.7581,4614.12,5271.84,6583.46,6524.56,12395.26,27479.73
2018-06-04,3033.235,2296.5318,4659.41,5291.92,6692.33,6571.53,12509.43,28175.64
2018-06-05,3047.2028,2302.8193,4707.54,5362.35,6734.6,6606.41,12625.15,28650.69
2018-06-06,3050.6283,2311.0619,4697.89,5360.35,6706.44,6607.51,12605.59,28824.53
2018-06-07,3054.5954,2310.4774,4696.63,5341.23,6727.79,6574.92,12583.87,28666.81
2018-06-08,3024.2764,2289.5355,4637.03,5278.41,6641.45,6500.57,12422.84,28526.65
2018-06-11,3034.7629,2277.2234,4637.67,5257.81,6682.78,6491.94,12396.09,28317.25
2018-06-12,3095.0742,2316.1724,4694.16,5312.53,6746.18,6570.89,12591.01,29316.71
2018-06-13,3085.6122,2310.9477,4648.48,5245.3,6724.45,6521.52,12524.67,29029.7
2018-06-14,3074.8517,2308.7737,4630.35,5224.47,6720.37,6492.32,12478.78,28628.01
2018-06-15,3082.5241,2312.8469,4613.77,5161.13,6759.66,6475.67,12432.63,28377.88
2018-06-19,2982.2396,2258.082,4451.68,4903.61,6615.04,6230.33,11954.29,27300.03
2018-06-20,2998.019,2257.6613,4470.27,4940.43,6602.13,6266.95,11992.92,27793.9
2018-06-21,3003.9572,2254.2438,4418.77,4856.76,6575.86,6213.46,11893.17,27621.32
2018-06-22,3008.3226,2256.2076,4441.3,4902.93,6575.63,6241.05,11923.44,27884.62
2018-06-25,2972.2107,2226.6128,4382.06,4857.9,6444.83,6183.79,11821.51,27857.41
2018-06-26,2911.7015,2194.0289,4346.47,4857.14,6338.72,6112.54,11691.15,27530.92
2018-06-27,2870.4033,2181.7963,4258.53,4788.79,6217.62,6042.11,11564.93,26661.42
2018-06-28,2832.9737,2172.7396,4215.85,4739.83,6155.0,5967.83,11391.74,26171.77
2018-06-29,2901.6938,2207.0814,4327.29,4873.72,6290.43,6101.21,11665.56,27115.52
2018-07-02,2806.8107,2146.6487,4200.49,4769.65,6043.04,5939.77,11310.43,26602.62
2018-07-03,2799.5446,2147.9407,4202.58,4799.24,6057.81,5952.74,11330.3,26352.72
2018-07-04,2769.9528,2129.0576,4147.18,4726.98,5994.58,5899.05,11214.82,26083.85
2018-07-05,2755.9722,2117.7139,4122.76,4650.34,6007.96,5842.77,11090.55,25787.22
2018-07-06,2764.0733,2123.6814,4152.84,4676.09,6054.81,5863.59,11112.31,25898.5
2018-07-09,2833.2716,2165.3763,4269.9,4792.54,6235.2,6010.53,11379.97,26895.39
2018-07-10,2854.5708,2173.8694,4282.44,4816.5,6238.7,6030.88,11436.39,27033.59
2018-07-11,2805.9261,2133.5894,4209.09,4724.11,6135.37,5934.61,11252.78,26724.98
2018-07-12,2846.2201,2167.7546,4306.76,4840.53,6248.74,6049.96,11447.05,27383.07
2018-07-13,2845.3167,2172.1498,4325.88,4862.44,6255.29,6072.91,11486.39,27896.23
2018-07-16,2838.141,2176.8069,4305.34,4850.19,6188.29,6044.27,11423.22,27839.09
2018-07-17,2819.8243,2166.3136,4282.34,4840.26,6161.24,6018.19,11366.38,27520.07
2018-07-18,2802.4577,2158.1111,4260.8,4814.5,6136.83,6030.04,11322.48,27332.05
2018-07-19,2819.0852,2168.7061,4257.36,4788.04,6154.61,6022.01,11300.54,27187.74
2018-07-20,2845.0589,2181.5625,4337.83,4860.0,6313.35,6130.14,11458.24,27416.11
2018-07-23,2880.7135,2216.1845,4378.92,4900.08,6411.89,6193.44,11594.22,27253.78
2018-07-24,2941.6483,2276.9998,4448.5,4978.49,6507.22,6276.46,11772.84,27794.44
2018-07-25,2932.6044,2269.1321,4443.75,4979.7,6499.43,6266.67,11735.04,27728.76
2018-07-26,2914.3564,2261.2272,4392.36,4941.41,6438.35,6225.4,11671.8,27400.33
2018-07-27,2900.9997,2252.0926,4375.19,4918.51,6416.28,6209.13,11615.42,27309.42
2018-07-30,2923.7984,2263.1721,4367.65,4880.41,6473.98,6214.76,11577.11,26973.2
2018-07-31,2930.1023,2267.4205,4371.37,4883.66,6485.68,6222.39,11653.01,26939.72
2018-08-01,2867.563,2231.1964,4284.82,4797.47,6341.63,6106.27,11426.78,26418.52
2018-08-02,2804.4985,2199.3852,4189.84,4689.37,6202.13,5984.54,11115.38,25974.39
2018-08-03,2773.3247,2164.1905,4120.9,4621.43,6130.81,5910.51,10975.63,25161.2
2018-08-06,2741.0589,2151.1547,4068.72,4544.63,6109.99,5833.68,10881.73,24522.73
2018-08-07,2832.6114,2231.7047,4187.84,4669.44,6297.58,5983.89,11164.46,25241.18
2018-08-08,2805.1833,2208.6808,4122.25,4597.26,6219.12,5905.76,10987.18,24629.91
2018-08-09,2844.4073,2233.7035,4225.93,4707.35,6348.23,6010.68,11209.19,25261.77
2018-08-10,2846.9322,2230.0801,4235.43,4726.53,6334.27,6000.86,11228.75,25465.9
2018-08-13,2833.3538,2232.132,4217.36,4725.44,6269.51,5966.39,11182.64,25375.86
2018-08-14,2818.9487,2226.8926,4195.68,4706.83,6235.38,5962.16,11150.21,25293.03
2018-08-15,2755.1728,2180.9768,4095.61,4604.67,6099.84,5843.69,10934.52,24561.84
2018-08-16,2736.1683,2157.6276,4076.67,4569.45,6087.37,5809.64,10858.4,24258.18
2018-08-17,2705.0551,2133.6864,4018.74,4496.55,6027.79,5745.99,10731.8,23772.21
2018-08-20,2745.8433,2156.0233,4065.56,4531.99,6116.58,5799.73,10835.45,23921.46
2018-08-21,2779.4927,2180.9922,4139.78,4598.78,6206.19,5872.76,10971.4,24694.76
2018-08-22,2763.048,2162.0115,4116.8,4561.07,6190.63,5834.23,10898.41,24382.67
2018-08-23,2755.747,2162.9825,4133.85,4583.46,6204.69,5851.76,10906.19,24382.74
2018-08-24,2752.5405,2156.9081,4142.12,4582.52,6251.86,5871.47,10936.15,24194.85
2018-08-27,2816.6719,2205.6896,4243.47,4686.84,6376.6,5994.69,11159.61,25112.7
2018-08-28,2819.1721,2214.0551,4235.62,4685.72,6366.02,5988.29,11140.06,24950.28
2018-08-29,2801.0991,2210.1757,4218.68,4662.66,6344.27,5952.02,11091.04,24839.09
2018-08-30,2790.9279,2185.7578,4174.48,4602.93,6291.7,5922.26,11033.49,24625.26
2018-08-31,2767.7006,2177.2993,4153.82,4567.51,6299.48,5893.01,11009.47,24255.42
2018-09-03,2750.7426,2166.5302,4138.02,4560.59,6272.36,5878.18,10994.76,24100.58
2018-09-04,2778.1238,2189.0742,4190.44,4614.47,6358.92,5935.9,11109.18,24308.6
2018-09-05,2719.3107,2146.0184,4108.52,4535.19,6209.79,5841.82,10908.41,23823.88
2018-09-06,2695.2592,2128.8177,4067.32,4502.96,6150.26,5785.65,10824.73,23406.21
2018-09-07,2708.6879,2142.3809,4085.72,4517.35,6196.19,5805.09,10863.36,23662.29
2018-09-10,2685.4946,2117.3947,4026.42,4443.53,6153.01,5752.07,10789.63,23114.9
2018-09-11,2662.8458,2104.4842,4019.12,4441.04,6107.0,5739.09,10769.94,23010.77
2018-09-12,2658.3479,2104.7852,3992.14,4423.36,6087.02,5730.39,10757.6,22783.92
2018-09-13,2684.1232,2132.1817,4035.21,4463.22,6173.22,5782.62,10878.94,22826.44
2018-09-14,2694.1625,2129.6426,4042.1,4445.42,6198.95,5796.29,10905.21,22910.3
2018-09-17,2662.872,2097.1392,3995.78,4387.25,6130.82,5742.83,10834.03,22605.86
2018-09-18,2723.4203,2153.7876,4076.25,4469.12,6256.04,5829.85,10993.72,23165.83
2018-09-19,2771.1877,2168.9464,4129.92,4523.43,6332.62,5911.1,11131.97,23623.1
2018-09-20,2773.5339,2169.8066,4126.98,4516.87,6335.13,5910.16,11092.81,23640.25
2018-09-21,2845.9463,2215.3584,4252.35,4616.03,6554.36,6065.77,11426.44,24411.08
2018-09-25,2809.5332,2206.5943,4214.1,4588.78,6477.69,6016.25,11330.82,24202.11
2018-09-26,2831.5926,2223.8137,4260.78,4625.46,6535.12,6056.98,11438.69,24672.27
2018-09-27,2835.0681,2224.6709,4243.86,4584.52,6527.18,6040.51,11380.33,24651.33
2018-09-28,2852.2914,2241.7012,4287.99,4628.18,6593.2,6105.45,11529.22,24878.84
2018-10-08,2739.1287,2171.3332,4103.48,4452.69,6322.34,5889.27,11101.66,23676.99
2018-10-09,2750.8178,2178.9665,4100.73,4451.65,6320.4,5876.8,11057.94,23594.86
2018-10-10,2758.475,2198.137,4091.89,4447.94,6333.73,5885.86,11056.1,23460.71
2018-10-11,2629.1619,2088.4232,3895.52,4186.59,6074.36,5602.9,10487.39,22518.47
2018-10-12,2670.5938,2119.5036,3953.66,4207.07,6198.21,5664.92,10597.04,23168.79
2018-10-15,2605.3206,2083.6846,3898.45,4146.37,6097.98,5554.51,10396.92,22715.56
2018-10-16,2577.8453,2066.5223,3866.68,4085.93,6094.57,5498.43,10269.44,22233.54
2018-10-17,2609.725,2085.0625,3888.22,4113.09,6142.82,5539.94,10340.9,22143.1
2018-10-18,2539.2306,2015.3843,3796.13,4003.05,5997.3,5425.41,10164.39,21597.69
2018-10-19,2606.0387,2054.5865,3909.04,4109.12,6175.45,5575.98,10466.48,22332.83
2018-10-22,2699.9719,2126.2214,4078.02,4296.94,6371.83,5801.83,10867.29,23496.24
2018-10-23,2624.0297,2082.9198,3970.06,4204.64,6209.48,5666.18,10610.81,22584.42
2018-10-24,2625.5752,2072.1366,3976.25,4207.77,6264.31,5666.71,10621.9,22267.75
2018-10-25,2612.5103,2057.5951,3984.03,4201.86,6300.98,5681.38,10688.15,21968.15
2018-10-26,2633.7208,2066.7909,3958.35,4191.92,6291.47,5684.41,10704.31,21632.31
2018-10-29,2563.1586,2018.0124,3837.68,4094.1,6099.69,5543.91,10422.65,20417.88
2018-10-30,2573.8129,2018.1904,3879.3,4136.13,6177.29,5597.47,10498.27,20555.46
2018-10-31,2617.9742,2055.0213,3933.69,4196.8,6245.14,5661.78,10582.6,21212.42
2018-11-01,2629.9666,2060.2712,3962.64,4224.03,6257.26,5672.66,10633.83,21447.85
2018-11-02,2689.2357,2116.6569,4103.85,4362.39,6431.95,5821.76,10907.95,22524.67
2018-11-05,2672.364,2108.5924,4069.66,4354.31,6374.67,5802.61,10860.68,22310.78
2018-11-06,2664.8791,2105.4743,4045.11,4339.96,6346.28,5790.19,10814.79,22116.37
2018-11-07,2649.0559,2100.9169,4018.61,4318.25,6311.28,5763.07,10747.14,21983.41
2018-11-08,2648.3085,2095.742,4007.22,4303.45,6323.92,5755.08,10722.13,21861.82
2018-11-09,2615.8488,2070.191,3950.68,4265.19,6186.73,5694.21,10614.75,21633.96
2018-11-12,2645.4177,2088.3662,3997.7,4347.8,6232.62,5785.5,10759.13,21881.2
2018-11-13,2658.6385,2098.2906,4037.91,4410.26,6270.41,5835.2,10859.1,22134.15
2018-11-14,2636.9989,2079.7651,3997.45,4384.65,6212.93,5788.76,10786.69,21933.27
2018-11-15,2657.3946,2102.0895,4044.54,4446.64,6272.93,5842.02,10885.73,22128.55
2018-11-16,2672.3689,2115.799,4063.63,4477.7,6287.6,5884.62,10974.55,22204.21
2018-11-19,2700.3514,2133.6006,4109.7,4510.6,6361.41,5946.66,11086.97,22383.5
2018-11-20,2647.5397,2085.0275,4014.65,4397.5,6240.44,5815.45,10869.19,21816.27
2018-11-21,2650.8643,2084.8723,4024.73,4416.83,6248.05,5834.52,10879.98,21956.36
2018-11-22,2638.8742,2075.4351,4009.68,4408.68,6218.45,5815.31,10875.13,21949.16
2018-11-23,2580.0136,2027.9481,3921.18,4271.15,6114.68,5684.26,10633.63,21454.2
2018-11-26,2575.1494,2023.3118,3918.39,4265.44,6129.64,5682.91,10676.86,21439.08
2018-11-27,2561.3315,2019.42,3913.4,4275.81,6102.22,5669.73,10634.42,21378.98
2018-11-28,2590.7648,2035.0321,3965.41,4329.33,6165.03,5732.11,10740.71,21772.18
2018-11-29,2552.1427,2002.3622,3913.92,4252.75,6104.63,5670.35,10627.85,21501.86
2018-11-30,2567.57,2017.6936,3957.62,4290.72,6151.23,5719.89,10713.69,21756.34
2018-12-03,2638.3889,2074.2931,4067.72,4418.19,6289.88,5866.41,10991.88,22567.39
2018-12-04,2640.7601,2081.6569,4076.15,4438.73,6300.53,5883.7,11003.91,22679.88
2018-12-05,2621.5288,2064.3226,4056.56,4413.45,6258.46,5863.25,10936.37,22671.77
2018-12-06,2575.2967,2019.9175,3968.83,4325.0,6158.82,5767.57,10776.77,22150.19
2018-12-07,2585.9409,2031.9508,3969.06,4324.81,6168.66,5805.93,10814.39,22166.93
2018-12-10,2565.3961,2020.2995,3923.15,4274.94,6098.26,5751.91,10707.97,21861.05
2018-12-11,2577.108,2019.9692,3941.92,4302.69,6115.95,5776.1,10774.86,22032.99
2018-12-12,2589.7077,2035.8334,3955.39,4310.24,6146.6,5815.77,10821.26,22189.34
2018-12-13,2644.9865,2078.4773,4016.62,4364.55,6247.94,5889.16,10971.94,22740.3
2018-12-14,2615.2188,2056.2294,3949.53,4274.78,6165.34,5802.71,10827.02,22381.29
2018-12-17,2632.9638,2067.6885,3943.65,4268.74,6180.34,5841.22,10897.52,22259.35
2018-12-18,2601.7473,2041.5759,3902.77,4233.77,6110.11,5799.16,10827.7,22004.65
2018-12-19,2583.6334,2028.1208,3856.23,4181.1,6060.81,5760.42,10807.11,21693.51
2018-12-20,2573.8285,2019.3292,3826.65,4173.15,5976.05,5755.69,10763.15,21626.46
2018-12-21,2558.9657,2009.0626,3779.22,4132.23,5913.86,5714.99,10696.64,21313.72
2018-12-24,2569.8931,2017.8106,3790.2,4156.89,5905.41,5755.62,10736.52,21565.71
2018-12-25,2534.9606,1988.6746,3764.11,4120.69,5870.4,5719.71,10692.83,21446.42
2018-12-26,2531.5292,1979.8955,3745.09,4104.29,5847.39,5717.37,10723.5,21359.03
2018-12-27,2517.1216,1963.7185,3730.71,4067.26,5836.62,5691.16,10725.71,21280.44
2018-12-28,2520.0159,1963.4231,3755.91,4084.37,5862.62,5710.43,10776.17,21331.68
2019-01-02,2488.7286,1942.3266,3704.62,4045.12,5772.79,5624.67,10623.52,20916.93
2019-01-03,2481.6227,1936.9686,3698.76,4030.52,5795.93,5591.2,10621.39,20479.31
2019-01-04,2516.9561,1967.667,3787.38,4129.46,5903.98,5701.58,10764.57,20857.19
2019-01-07,2539.9718,1987.4689,3810.37,4182.91,5914.5,5779.61,10816.74,21005.58
2019-01-08,2543.4737,1992.7945,3802.13,4175.04,5894.06,5790.29,10821.83,21009.39
2019-01-09,2565.4805,2008.7285,3840.52,4202.72,5955.59,5839.23,10890.71,21350.55
2019-01-10,2558.3256,2002.303,3833.3,4194.52,5936.77,5815.93,10845.66,21222.41
2019-01-11,2578.1155,2017.6597,3860.86,4226.0,5984.78,5838.83,10897.34,21405.2
2019-01-14,2578.4967,2014.2063,3827.19,4195.96,5936.24,5829.8,10851.99,21236.05
2019-01-15,2604.6894,2034.7616,3902.3,4261.9,6014.88,5885.21,10955.19,21781.13
2019-01-16,2610.0469,2036.2726,3903.12,4258.13,6030.35,5892.24,10968.99,21829.33
2019-01-17,2604.7037,2029.6195,3881.62,4227.88,6007.33,5879.6,11002.49,21731.18
2019-01-18,2636.2375,2061.5829,3952.43,4282.04,6116.92,5945.11,11046.32,22159.57
2019-01-21,2653.4545,2074.7183,3974.21,4305.9,6147.1,5954.28,11064.05,22353.54
2019-01-22,2618.2622,2045.4154,3921.42,4252.34,6083.98,5897.71,11005.98,22018.75
2019-01-23,2632.4044,2049.7397,3918.59,4254.51,6082.87,5922.89,11057.52,22130.37
2019-01-24,2636.7746,2050.8397,3940.71,4276.87,6117.01,5944.53,11088.55,22118.09
2019-01-25,2657.9493,2057.8785,3972.76,4282.25,6195.15,5973.41,11148.95,22265.31
2019-01-28,2667.0703,2056.384,3971.89,4268.98,6197.67,5974.84,11139.41,22267.33
2019-01-29,2693.6925,2066.1454,3984.61,4242.72,6243.15,5990.45,11214.76,22452.53
2019-01-30,2678.4181,2051.3226,3952.81,4197.75,6215.94,5954.32,11172.32,22235.82
2019-01-31,2700.8121,2063.1852,3994.17,4193.02,6305.91,5971.18,11214.58,22384.02
2019-02-01,2729.9264,2089.0414,4051.26,4279.18,6333.87,6050.31,11330.85,22753.21
2019-02-11,2759.0337,2116.7706,4124.96,4375.4,6375.21,6142.23,11432.13,23336.84
2019-02-12,2778.594,2129.7439,4154.73,4417.94,6400.01,6196.81,11487.63,23639.27
2019-02-13,2815.4131,2165.6039,4237.93,4500.5,6497.98,6275.59,11616.62,23934.94
2019-02-14,2815.7426,2161.869,4244.31,4514.17,6476.63,6275.92,11592.92,24070.24
2019-02-15,2757.9181,2129.3662,4165.17,4465.34,6338.0,6191.25,11383.32,23612.45
2019-02-18,2840.4219,2187.1012,4298.71,4613.76,6491.64,6340.64,11621.81,24421.08
2019-02-19,2840.6766,2179.3938,4291.05,4617.21,6482.59,6333.06,11609.81,24218.21
2019-02-20,2851.6316,2186.8735,4306.42,4629.57,6518.14,6337.57,11624.58,24130.6
2019-02-21,2832.1416,2171.8262,4294.92,4617.83,6483.47,6296.09,11547.76,24046.44
2019-02-22,2847.4207,2189.4735,4391.49,4722.87,6562.62,6380.97,11637.64,24154.57
2019-02-25,2969.2185,2293.69,4653.91,4987.81,6965.49,6653.11,12123.13,25183.78
2019-02-26,2951.8248,2295.914,4598.02,4954.59,6847.71,6628.57,12030.64,24988.42
2019-02-27,2943.5068,2292.8934,4590.15,4943.24,6879.94,6614.35,12061.09,24940.57
2019-02-28,2951.8642,2287.9484,4578.89,4943.26,6849.36,6609.36,12026.85,25122.36
2019-03-01,2993.6615,2321.7715,4679.15,5017.28,7009.12,6700.39,12169.05,25613.64
2019-03-04,3045.4927,2353.5503,4734.55,5097.56,7078.18,6780.41,12338.05,25953.87
2019-03-05,3074.0065,2376.905,4761.89,5183.46,7087.39,6858.13,12464.49,26113.07
2019-03-06,3096.0339,2401.3466,4801.91,5258.78,7125.32,6941.8,12573.02,26137.33
2019-03-07,3062.7661,2389.986,4752.95,5271.26,7007.27,6933.66,12500.18,25670.69
2019-03-08,2938.6947,2278.117,4564.18,5057.9,6741.34,6652.19,12029.66,24858.82
2019-03-11,2989.8282,2328.8061,4654.5,5211.31,6801.73,6790.03,12228.71,25568.39
2019-03-12,3020.9536,2363.8614,4686.19,5284.31,6836.51,6844.49,12338.58,25625.31
2019-03-13,2994.4547,2328.972,4647.31,5202.48,6845.13,6782.35,12303.29,25604.86
2019-03-14,2986.2382,2311.1487,4615.23,5110.14,6841.91,6688.4,12169.28,25847.88
2019-03-15,3036.0185,2344.1446,4673.28,5178.96,6913.7,6807.55,12365.62,26333.17
2019-03-18,3123.5673,2411.7679,4806.48,5315.97,7071.16,7000.19,12728.09,27432.83
2019-03-19,3107.4543,2402.2707,4784.28,5314.34,7048.67,6963.87,12709.88,27259.44
2019-03-20,3111.9245,2408.198,4786.13,5312.4,7067.59,6972.78,12760.87,27223.6
2019-03-21,3129.6675,2414.0104,4787.94,5345.24,7041.52,7003.14,12767.04,27239.54
2019-03-22,3127.5744,2418.705,4784.08,5355.24,7022.87,7046.22,12836.66,27438.43
2019-03-25,3049.1095,2356.5944,4670.56,5265.68,6853.39,6939.14,12692.01,26786.4
2019-03-26,3023.2459,2314.1571,4617.66,5163.65,6814.44,6834.81,12517.98,26805.79
2019-03-27,3056.9522,2338.4558,4671.26,5212.36,6893.92,6935.15,12678.66,27498.9
2019-03-28,3017.3827,2310.4148,4652.75,5165.67,6830.75,6865.51,12536.25,27543.08
2019-03-29,3098.0338,2372.2678,4832.43,5341.33,7068.42,7058.96,12856.14,28563.32
2019-04-01,3184.6693,2457.8578,4959.2,5511.12,7227.37,7264.57,13184.41,29331.02
2019-04-02,3196.9827,2469.915,4955.9,5522.96,7245.83,7271.27,13162.08,29255.22
2019-04-03,3245.3851,2509.4527,5019.39,5585.93,7338.75,7373.09,13321.96,29584.68
2019-04-04,3285.184,2529.4673,5069.53,5627.16,7433.89,7474.03,13484.77,30125.25
2019-04-08,3364.5128,2580.3404,5064.98,5613.14,7471.03,7549.86,13438.95,30558.14
2019-04-09,3351.2517,2549.1052,5087.71,5633.43,7462.59,7542.33,13497.94,30767.49
2019-04-10,3374.1142,2539.8425,5100.71,5638.03,7458.81,7562.57,13522.94,30995.26
2019-04-11,3291.5868,2485.1352,4990.52,5523.13,7347.21,7470.06,13347.96,29791.38
2019-04-12,3285.1608,2485.8998,4979.33,5514.35,7338.35,7432.79,13318.31,29483.04
2019-04-15,3267.4854,2466.4754,4962.99,5480.19,7348.94,7353.7,13247.47,29233.61
2019-04-16,3330.4413,2526.7244,5100.78,5611.11,7574.6,7460.04,13455.85,29758.56
2019-04-17,3329.5326,2555.9808,5102.59,5635.62,7552.91,7490.35,13501.32,29799.41
2019-04-18,3316.5042,2580.6616,5084.13,5609.28,7502.74,7395.98,13376.32,29898.03
2019-04-19,3360.2185,2572.609,5144.8,5663.27,7596.53,7433.28,13436.13,30003.36
2019-04-22,3272.5135,2518.6478,5026.4,5565.38,7389.02,7286.23,13115.5,29299.82
2019-04-23,3238.6017,2492.1899,5018.15,5513.9,7388.03,7230.43,13018.36,29365.37
2019-04-24,3251.4362,2499.2921,5032.01,5550.83,7391.28,7295.59,13034.96,29334.53
2019-04-25,3137.5852,2409.267,4921.79,5380.54,7257.12,7105.45,12689.82,28778.91
2019-04-26,3099.2777,2380.5033,4856.19,5312.28,7146.72,7010.35,12538.01,28656.5
2019-04-29,3097.5167,2347.6598,4870.04,5232.76,7241.87,6960.75,12544.47,28991.01
2019-04-30,3105.7067,2367.1316,4886.12,5267.05,7271.08,7059.91,12685.55,29044.85
2019-05-06,2929.9732,2212.1104,4600.73,4915.98,6950.64,6672.35,12063.37,27235.42
2019-05-07,2975.8709,2231.3247,4646.16,4973.16,6976.93,6760.22,12175.5,27767.59
2019-05-08,2933.5381,2205.6445,4579.71,4926.27,6856.35,6682.68,12070.39,27485.53
2019-05-09,2899.2064,2182.2402,4495.17,4856.24,6727.88,6575.71,11899.75,26829.8
2019-05-10,2992.0017,2247.3706,4658.54,5034.37,6938.67,6756.51,12246.89,27813.16
2019-05-13,2956.9787,2222.8947,4581.45,4972.1,6818.86,6700.39,12141.96,27655.62
2019-05-14,2930.9249,2205.0287,4552.01,4938.19,6789.36,6663.0,12063.07,27407.43
2019-05-15,2992.0221,2246.1056,4654.96,5050.2,6911.32,6787.69,12258.87,28487.83
2019-05-16,3014.0461,2263.8487,4676.09,5078.2,6939.53,6818.66,12321.42,28970.21
2019-05-17,2931.1254,2201.729,4557.34,4927.31,6802.85,6647.16,12018.69,28087.61
2019-05-20,2907.5923,2193.2164,4518.66,4896.14,6759.43,6593.59,11902.2,27677.02
2019-05-21,2954.7955,2232.2594,4580.34,4973.9,6826.95,6719.5,12049.39,28084.37
2019-05-22,2932.986,2211.347,4558.62,4950.21,6796.19,6683.89,11990.05,27877.68
2019-05-23,2890.8915,2186.6108,4481.83,4853.45,6721.88,6599.49,11847.89,27230.33
2019-05-24,2902.5713,2176.6252,4495.48,4839.96,6758.94,6597.6,11898.9,27339.77
2019-05-27,2943.1715,2212.771,4551.65,4937.03,6809.45,6679.88,12052.36,27666.44
2019-05-28,2967.2562,2228.1316,4597.02,4965.98,6878.92,6742.36,12117.01,27936.77
2019-05-29,2949.0445,2226.445,4587.17,4967.27,6865.08,6726.49,12064.36,27797.07
2019-05-30,2947.4439,2221.2656,4561.61,4938.39,6847.93,6718.4,12102.54,27571.6
2019-05-31,2930.4462,2213.0602,4549.72,4928.4,6831.49,6723.69,12095.96,27462.91
2019-06-03,2913.572,2204.9359,4554.24,4898.97,6845.84,6664.79,12090.74,27429.67
2019-06-04,2886.6971,2180.4444,4512.19,4840.09,6803.66,6599.23,12005.71,26933.46
2019-06-05,2889.7395,2184.351,4511.58,4839.23,6813.49,6577.94,12019.05,26839.43
2019-06-06,2871.5915,2160.2475,4472.57,4762.43,6787.96,6501.79,11941.91,26604.54
2019-06-10,2908.378,2161.6385,4530.52,4820.79,6886.9,6559.47,12051.88,27072.32
2019-06-11,2989.4254,2226.4852,4670.19,4983.87,7040.12,6743.2,12303.36,28175.32
2019-06-12,2966.555,2208.1561,4635.27,4952.62,6997.75,6679.14,12216.88,27911.55
2019-06-13,2963.5122,2210.8267,4628.3,4962.84,6978.78,6663.42,12164.65,27782.73
2019-06-14,2939.7553,2185.7494,4591.54,4894.18,6940.75,6601.25,12070.41,27521.81
2019-06-17,2948.6561,2191.1276,4591.8,4894.48,6959.25,6602.37,12061.08,27550.43
2019-06-18,2946.2703,2192.5825,4608.21,4902.21,6983.48,6597.4,12057.06,27577.68
2019-06-19,2969.694,2214.5263,4677.07,4973.22,7076.19,6645.83,12203.09,27978.22
2019-06-20,3025.0591,2253.7497,4819.04,5093.85,7282.26,6755.82,12414.4,28889.84
2019-06-21,3027.4835,2266.1153,4826.35,5137.08,7258.39,6768.27,12437.42,29003.27
2019-06-24,3042.7318,2283.1008,4836.12,5142.46,7273.76,6792.51,12438.85,29204.98
2019-06-25,3020.0775,2258.5865,4786.36,5090.55,7164.47,6715.42,12326.1,29072.24
2019-06-26,3022.5736,2260.6267,4779.12,5084.02,7156.18,6721.49,12319.24,28960.75
2019-06-27,3032.9686,2268.5652,4832.56,5133.75,7220.02,6760.36,12394.93,29537.14
2019-06-28,3023.8955,2262.8073,4825.33,5099.09,7211.78,6727.9,12333.05,29643.44
2019-07-01,3075.8436,2312.4087,4964.46,5247.86,7353.46,6849.82,12569.47,30602.4
2019-07-02,3090.9573,2312.1372,4966.2,5246.15,7352.84,6888.15,12613.64,30699.0
2019-07-03,3079.3157,2291.3097,4914.19,5193.75,7338.19,6874.75,12640.57,30302.79
2019-07-04,3091.1298,2295.7607,4889.0,5170.28,7333.94,6859.17,12631.35,30104.29
2019-07-05,3091.577,2297.6861,4918.25,5196.0,7337.3,6890.3,12655.54,30519.58
2019-07-08,3007.7749,2234.1145,4805.3,5050.66,7172.51,6727.78,12380.03,29761.99
2019-07-09,3007.679,2234.2247,4796.3,5053.44,7143.91,6749.6,12391.59,29841.6
2019-07-10,2982.0837,2212.6781,4790.16,5032.69,7122.44,6696.8,12322.56,29766.21
2019-07-11,2986.6416,2217.1609,4792.63,5033.76,7140.51,6688.52,12311.29,29788.54
2019-07-12,2998.8859,2236.8689,4830.67,5062.28,7206.14,6727.16,12377.69,30086.77
2019-07-15,3008.5996,2244.4648,4850.31,5099.2,7212.59,6766.31,12409.9,30032.72
2019-07-16,3013.4479,2245.9786,4828.9,5092.03,7199.95,6765.8,12415.84,29818.08
2019-07-17,3018.9987,2249.5694,4827.08,5092.17,7195.17,6763.25,12413.89,29764.12
2019-07-18,2985.9021,2220.1216,4783.31,5025.59,7162.76,6670.89,12303.39,29348.81
2019-07-19,3027.187,2237.2025,4835.28,5068.19,7265.44,6722.28,12434.34,29744.55
2019-07-22,3008.5989,2210.6089,4802.47,4989.14,7226.15,6644.65,12343.15,29560.64
2019-07-23,3009.0254,2219.5524,4815.47,5022.37,7230.68,6682.27,12384.26,29450.47
2019-07-24,3024.3333,2237.0863,4853.87,5071.08,7288.53,6719.37,12458.01,29544.95
2019-07-25,3027.8329,2246.2413,4893.99,5101.24,7344.08,6739.2,12509.84,29676.2
2019-07-26,3033.3037,2250.5325,4904.34,5110.1,7357.83,6756.7,12515.17,29724.26
2019-07-29,3031.3107,2246.9951,4898.93,5106.82,7335.82,6749.17,12527.15,29748.88
2019-07-30,3055.7082,2257.0898,4919.71,5129.79,7376.83,6789.81,12588.44,29821.96
2019-07-31,3020.2848,2242.6999,4876.7,5091.34,7286.08,6728.47,12487.06,29374.48
2019-08-01,2986.7748,2224.4321,4836.15,5056.86,7224.53,6680.93,12376.83,29026.38
2019-08-02,2948.5424,2190.1411,4766.09,4982.84,7118.34,6577.2,12228.99,28619.26
2019-08-05,2880.6382,2148.8341,4675.33,4905.19,6975.23,6475.02,12011.56,27912.88
2019-08-06,2845.3085,2105.7052,4628.07,4820.53,6913.03,6359.97,11844.53,27787.67
2019-08-07,2845.8493,2098.9955,4609.11,4801.82,6885.37,6343.46,11813.39,27666.63
2019-08-08,2868.4471,2109.1783,4671.13,4852.14,6970.51,6389.97,11953.27,28050.62
2019-08-09,2842.3917,2090.8485,4626.0,4801.33,6933.99,6334.39,11850.94,27698.08
2019-08-12,2873.8907,2117.1397,4709.97,4887.14,7030.4,6427.73,11985.46,28268.7
2019-08-13,2838.5393,2092.1515,4667.5,4851.43,6946.61,6381.37,11923.39,28044.09
2019-08-14,2847.0458,2103.2015,4688.7,4877.27,6950.0,6413.47,11945.61,28322.63
2019-08-15,2847.2974,2099.9714,4706.24,4897.45,6976.77,6430.65,11992.58,28379.73
2019-08-16,2852.645,2102.0023,4727.74,4920.82,6986.7,6438.67,11986.98,28640.35
2019-08-19,2919.1683,2149.7582,4830.72,5049.79,7102.65,6563.99,12203.78,29308.17
2019-08-20,2920.9819,2155.0213,4826.49,5050.96,7083.07,6560.29,12170.67,29390.75
2019-08-21,2915.6,2150.6886,4818.96,5049.15,7065.99,6548.36,12157.97,29348.45
2019-08-22,2905.0075,2145.0327,4834.62,5065.83,7058.35,6545.94,12168.78,29558.05
2019-08-23,2913.7231,2151.1111,4869.49,5083.17,7119.47,6559.36,12193.34,29730.96
2019-08-26,2882.6053,2128.6629,4799.74,5029.01,6998.52,6485.99,12088.16,29392.84
2019-08-27,2910.2149,2153.6743,4865.08,5107.49,7056.25,6570.83,12229.84,29836.2
2019-08-28,2907.2112,2144.779,4846.77,5093.81,7017.02,6576.92,12221.54,29731.57
2019-08-29,2884.4613,2139.6077,4830.97,5086.57,6965.5,6544.65,12139.9,29662.45
2019-08-30,2882.1219,2132.3129,4842.95,5063.17,6971.53,6509.3,12100.28,29793.54
2019-09-02,2938.121,2172.6048,4905.07,5156.07,7039.63,6604.06,12190.63,30285.48
2019-09-03,2948.4866,2178.745,4911.81,5177.06,7036.12,6615.35,12171.62,30234.88
2019-09-04,2992.3352,2209.7216,4956.32,5221.44,7143.49,6699.5,12291.21,30372.23
2019-09-05,2993.613,2218.1215,5006.47,5271.62,7208.8,6737.53,12343.42,30534.6
2019-09-06,3011.3842,2225.769,5036.04,5297.17,7275.32,6783.82,12387.96,30775.65
2019-09-09,3028.4851,2243.9251,5067.21,5369.73,7282.41,6826.49,12472.2,30899.34
2019-09-10,3019.6142,2243.0456,5049.76,5360.62,7245.99,6795.43,12404.29,30789.49
2019-09-11,3020.3541,2244.2163,5012.56,5323.07,7267.43,6771.03,12417.85,30153.03
2019-09-12,3046.4708,2253.986,5066.48,5366.54,7352.15,6814.11,12496.58,30550.34
2019-09-16,3047.1137,2263.0937,5047.78,5365.55,7311.97,6814.79,12519.44,30316.76
2019-09-17,2998.0685,2222.444,4963.59,5260.71,7194.92,6703.92,12346.84,29965.56
2019-09-18,2997.9713,2216.5999,4987.65,5275.3,7209.82,6743.7,12412.11,30331.33
2019-09-19,3004.6443,2223.0986,5005.89,5312.38,7214.39,6757.58,12437.42,30328.12
2019-09-20,3003.0182,2223.9825,5020.27,5323.74,7226.15,6776.34,12429.92,30387.68
2019-09-23,2960.6641,2197.4362,4962.88,5270.68,7138.22,6686.94,12281.56,30006.07
2019-09-24,2964.8242,2197.3469,4976.44,5286.04,7132.56,6691.36,12341.09,30252.63
2019-09-25,2943.2875,2173.6033,4938.05,5218.4,7113.09,6609.85,12201.78,30022.23
2019-09-26,2930.8026,2154.499,4900.08,5128.88,7130.47,6566.36,12195.6,29672.53
2019-09-27,2917.9673,2148.6333,4914.77,5156.48,7118.79,6549.75,12165.75,29587.55
2019-09-30,2910.4538,2142.5322,4866.13,5101.56,7060.79,6513.86,12105.11,29339.98
2019-10-08,2934.5374,2151.4776,4895.67,5120.1,7131.7,6563.44,12188.15,29664.5
2019-10-09,2952.8603,2160.396,4902.76,5145.27,7178.78,6620.97,12317.7,29730.8
2019-10-10,2963.3848,2171.2754,4942.81,5201.24,7192.3,6658.97,12382.22,29934.66
2019-10-11,2998.1024,2195.1034,4990.57,5232.33,7297.02,6698.2,12455.82,30198.6
2019-10-14,3025.8321,2218.0877,5043.53,5298.55,7390.27,6773.06,12602.67,30357.1
2019-10-15,2994.3696,2191.2977,5021.86,5254.1,7358.86,6725.55,12539.19,30380.23
2019-10-16,2993.1297,2179.8488,5004.55,5231.82,7359.03,6698.06,12537.7,30270.68
2019-10-17,2978.9455,2170.9472,5007.79,5230.57,7364.71,6676.4,12497.57,30188.31
2019-10-18,2941.3878,2143.147,4936.54,5159.34,7243.41,6587.32,12344.04,29767.73
2019-10-21,2945.5158,2138.5175,4951.22,5157.86,7288.2,6612.16,12396.62,29851.23
2019-10-22,2947.828,2143.103,4970.41,5196.55,7284.45,6642.26,12428.39,30022.3
2019-10-23,2938.8102,2130.0547,4938.78,5161.17,7253.58,6614.72,12347.99,29679.06
2019-10-24,2945.634,2134.034,4938.25,5157.11,7289.44,6625.36,12373.46,29496.86
2019-10-25,2963.2322,2143.8094,4971.88,5193.44,7271.3,6663.45,12443.53,29768.48
2019-10-28,2970.0764,2162.6685,5009.89,5262.23,7272.05,6697.37,12470.6,30099.33
2019-10-29,2943.5892,2144.8411,4989.02,5217.33,7226.43,6652.04,12375.09,30051.67
2019-10-30,2938.9113,2130.1651,4964.78,5176.66,7194.91,6596.49,12331.0,29790.87
2019-10-31,2913.4192,2113.9435,4959.07,5150.09,7173.1,6555.98,12266.83,29694.54
2019-11-01,2961.5407,2134.5861,5042.81,5219.25,7303.87,6639.5,12416.8,30164.14
2019-11-04,2974.9812,2139.3245,5075.65,5249.68,7343.42,6653.93,12439.99,30339.97
2019-11-05,2996.6672,2152.629,5107.15,5276.1,7394.99,6682.94,12525.39,30589.47
2019-11-06,2978.5979,2143.3702,5084.27,5240.68,7381.99,6634.35,12460.74,30358.83
2019-11-07,2981.4585,2146.0985,5093.19,5261.71,7379.77,6656.12,12499.29,30397.66
2019-11-08,2968.665,2134.294,5069.12,5241.07,7327.6,6642.93,12440.26,30299.14
2019-11-11,2908.2705,2089.916,4979.77,5132.84,7205.5,6522.19,12231.66,29762.1
2019-11-12,2919.09,2094.9466,4980.76,5138.26,7216.6,6540.07,12239.11,29778.3
2019-11-13,2898.2024,2083.5281,4976.03,5130.66,7173.93,6508.22,12179.1,29800.54
2019-11-14,2901.5695,2087.5667,4983.52,5151.11,7154.13,6511.27,12171.25,29941.78
2019-11-15,2868.4289,2065.081,4946.82,5104.65,7129.8,6443.33,12113.11,29664.31
2019-11-18,2907.4644,2088.1325,4986.17,5141.74,7201.74,6508.47,12200.29,29842.12
2019-11-19,2952.4849,2114.6083,5036.42,5211.2,7232.81,6577.51,12338.51,30199.08
2019-11-20,2940.43,2106.4784,4986.43,5169.41,7142.28,6524.98,12254.0,30188.27
2019-11-21,2945.2265,2112.4652,4963.12,5154.29,7111.68,6519.99,12242.85,30060.11
2019-11-22,2954.3401,2122.6648,4912.59,5100.8,7091.55,6495.89,12228.2,29642.03
2019-11-25,3046.1171,2179.4828,4948.59,5112.42,7216.81,6581.44,12406.75,29820.95
2019-11-26,3026.2708,2160.1222,4965.75,5117.7,7201.72,6567.5,12402.5,29903.81
2019-11-27,3006.7534,2153.6568,4945.29,5108.69,7169.93,6534.24,12356.39,29792.2
2019-11-28,2983.0284,2140.4659,4928.3,5092.14,7136.38,6513.67,12297.35,29700.0
2019-11-29,2973.3377,2133.1379,4885.38,5068.41,7099.85,6501.07,12303.4,29282.58
2019-12-02,2990.294,2137.4539,4894.81,5078.12,7114.48,6523.66,12312.36,29413.78
2019-12-03,2994.2014,2141.0121,4913.99,5102.1,7144.67,6549.6,12361.05,29367.28
2019-12-04,2968.8379,2131.5281,4912.37,5102.73,7106.14,6516.36,12323.69,29296.0
2019-12-05,2991.5893,2141.7816,4950.07,5148.67,7140.4,6546.23,12354.41,29512.98
2019-12-06,2998.5654,2147.9475,4979.44,5182.64,7152.45,6556.45,12402.23,29843.82
2019-12-09,3049.122,2174.4877,4970.7,5185.07,7169.85,6584.49,12455.69,29872.68
2019-12-10,3041.735,2172.1172,4977.0,5201.53,7153.76,6580.77,12434.4,29997.31
2019-12-11,3051.2621,2176.7861,4980.01,5194.78,7205.69,6621.9,12459.95,29996.77
2019-12-12,3036.811,2159.9767,4965.05,5182.86,7191.17,6630.45,12466.99,29781.79
2019-12-13,3078.5451,2186.1889,5063.83,5267.6,7337.21,6693.85,12620.48,30347.89
2019-12-16,3096.4862,2204.0793,5088.49,5323.93,7357.7,6744.04,12671.22,30498.83
2019-12-17,3125.9819,2234.1989,5157.72,5393.93,7444.85,6796.37,12768.62,30604.92
2019-12-18,3120.0758,2227.6396,5146.3,5388.17,7430.26,6783.36,12734.7,30485.9
2019-12-19,3135.3423,2241.4496,5139.12,5393.96,7443.63,6792.17,12775.15,30397.92
2019-12-20,3133.8312,2228.7625,5126.49,5359.82,7442.38,6761.49,12761.39,30361.11
2019-12-23,3107.4953,2198.6951,5062.49,5271.4,7358.52,6677.08,12617.71,29873.23
2019-12-24,3126.1259,2219.7247,5095.49,5330.17,7385.47,6714.53,12645.32,30158.45
2019-12-25,3123.2265,2222.3791,5092.82,5340.77,7362.91,6705.33,12621.46,30152.69
2019-12-26,3164.6676,2241.7437,5137.64,5384.04,7436.59,6781.5,12739.07,30370.75
2019-12-27,3180.0227,2251.2021,5132.59,5362.4,7440.45,6768.79,12779.15,30217.98
2019-12-30,3243.8073,2294.6438,5208.65,5424.97,7516.78,6858.98,12955.95,30889.91
2019-12-31,3267.0629,2310.6962,5227.73,5448.92,7526.67,6902.53,13032.66,31072.17
2020-01-02,3309.3592,2344.8936,5298.75,5535.61,7645.2,6999.68,13173.39,31450.42
2020-01-03,3294.7247,2331.1251,5289.47,5541.45,7644.71,6997.42,13156.51,31151.25
2020-01-06,3268.8572,2313.8465,5269.47,5552.84,7577.08,6972.77,13094.58,31296.76
2020-01-07,3300.2417,2344.5066,5308.94,5610.19,7620.78,7029.42,13174.94,31688.71
2020-01-08,3261.9205,2301.9166,5247.81,5540.01,7531.56,6947.43,12999.83,31289.56
2020-01-09,3312.9935,2336.1723,5314.23,5618.11,7598.46,7035.1,13122.92,31913.19
2020-01-10,3291.4035,2327.1333,5312.72,5610.32,7575.3,7008.55,13075.99,32349.54
2020-01-13,3306.6743,2338.7699,5364.79,5673.32,7614.01,7057.75,13114.32,32816.63
2020-01-14,3301.0586,2342.5272,5346.79,5657.82,7611.38,7065.08,13120.07,32591.35
2020-01-15,3269.5166,2321.5805,5317.25,5636.35,7525.0,7028.65,13039.04,32537.48
2020-01-16,3240.3847,2294.9806,5294.67,5619.75,7474.03,6991.93,12950.16,32612.57
2020-01-17,3249.2415,2297.2618,5302.09,5614.97,7482.93,6994.87,12942.69,32677.86
2020-01-20,3242.2454,2291.1519,5341.62,5672.48,7517.89,7003.26,12936.2,32905.54
2020-01-21,3161.4119,2245.4841,5250.35,5593.65,7373.53,6874.51,12714.27,32516.36
2020-01-22,3175.6226,2248.5163,5272.84,5620.85,7385.28,6898.58,12719.97,32756.25
2020-01-23,3067.3439,2165.75,5109.45,5435.56,7175.66,6712.04,12346.63,31847.53
2020-02-03,2801.6759,1967.1587,4706.78,4990.73,6635.9,6114.12,11318.26,29219.48
2020-02-04,2859.1594,1993.7828,4830.92,5077.15,6791.36,6242.09,11551.06,30040.25
2020-02-05,2887.5872,2020.3736,4885.66,5174.1,6818.95,6314.32,11645.26,30422.96
2020-02-06,2917.8032,2058.3931,4976.58,5299.61,6894.36,6393.5,11754.27,31014.98
2020-02-07,2908.433,2058.8534,4976.7,5324.45,6881.28,6415.26,11682.74,31048.14
2020-02-10,2978.106,2088.1445,4997.29,5369.76,6908.36,6512.84,11856.38,31268.03
2020-02-11,3008.3351,2110.4106,5043.81,5379.38,6970.19,6535.13,11918.38,31559.44
2020-02-12,3017.8596,2126.2041,5084.61,5451.57,6985.75,6576.75,11953.08,31776.79
2020-02-13,3014.3385,2109.4798,5053.33,5410.41,6958.23,6536.5,11900.59,31631.11
2020-02-14,3037.6951,2118.8623,5088.82,5434.12,7017.33,6585.93,11992.79,31762.11
2020-02-17,3093.6667,2162.3591,5203.28,5585.72,7137.4,6722.54,12208.46,32491.98
2020-02-18,3064.5341,2155.304,5177.87,5619.19,7071.24,6736.45,12123.03,32337.33
2020-02-19,3058.6628,2150.2783,5169.95,5591.81,7066.85,6709.57,12101.35,32238.64
2020-02-20,3098.859,2186.7825,5289.07,5710.83,7184.79,6804.6,12249.52,33084.57
2020-02-21,3107.121,2191.6197,5295.24,5753.46,7155.69,6830.4,12259.03,33404.64
2020-02-24,3081.2038,2184.6717,5273.99,5788.34,7072.4,6782.86,12118.23,33357.51
2020-02-25,3041.1187,2160.5839,5262.53,5793.01,7011.13,6715.21,11984.1,33019.41
2020-02-26,3072.5146,2167.973,5197.65,5684.36,7047.14,6712.04,12065.56,32348.55
2020-02-27,3094.9365,2173.2604,5212.79,5697.18,7060.68,6720.58,12117.22,32766.95
2020-02-28,3016.7949,2098.071,5027.97,5440.5,6879.29,6512.1,11829.69,31505.47
2020-03-02,3161.7066,2194.4354,5193.38,5637.35,7108.75,6768.94,12255.25,32460.47
2020-03-03,3148.1437,2199.1887,5221.06,5687.5,7102.88,6767.69,12233.42,32849.66
2020-03-04,3192.1572,2213.1709,5251.3,5717.38,7163.3,6854.89,12403.42,33051.32
2020-03-05,3225.996,2247.4529,5368.28,5827.43,7304.26,6939.87,12555.04,33816.05
2020-03-06,3149.0637,2206.4152,5281.23,5768.94,7162.65,6857.53,12364.38,33294.11
2020-03-09,3042.0482,2148.4336,5100.82,5561.56,6960.45,6645.04,12054.03,31968.66
2020-03-10,3103.0304,2187.7709,5210.05,5688.86,7068.84,6763.45,12188.69,32681.25
2020-03-11,3062.4187,2168.4029,5140.75,5614.94,6985.64,6704.34,12060.64,32269.41
2020-03-12,3013.3692,2126.6653,5041.83,5506.19,6890.33,6584.28,11890.27,31487.46
2020-03-13,2962.6777,2093.1184,4970.88,5442.39,6784.16,6480.98,11702.11,30960.82
2020-03-16,2862.2395,2028.5263,4757.17,5203.06,6563.09,6279.92,11405.71,29565.53
2020-03-17,2850.3969,2012.2825,4734.0,5187.15,6536.47,6257.11,11375.03,29285.58
2020-03-18,2808.0489,1990.0274,4640.3,5093.74,6390.73,6166.53,11184.8,28820.57
2020-03-19,2737.7256,1957.9238,4580.11,5080.28,6227.36,6104.29,10988.03,28392.07
2020-03-20,2792.1614,1991.3692,4661.95,5154.81,6349.84,6189.14,11179.85,29119.87
2020-03-23,2700.2225,1932.1987,4505.09,4959.05,6163.31,6010.26,10864.03,28094.89
2020-03-24,2800.5313,1987.3239,4626.08,5073.51,6337.07,6158.75,11147.97,28907.31
2020-03-25,2884.4478,2029.4003,4750.38,5203.88,6491.78,6286.47,11404.84,29787.0
2020-03-26,2852.332,2008.0416,4719.15,5162.72,6456.91,6224.83,11319.78,29840.75
2020-03-27,2883.3499,2028.3041,4734.48,5155.77,6497.83,6270.43,11387.99,30129.04
2020-03-30,2870.123,2018.9913,4688.6,5074.72,6467.7,6189.73,11313.15,29835.85
2020-03-31,2848.3012,2016.61,4703.97,5088.55,6423.64,6179.02,11269.63,30064.21
2020-04-01,2827.7149,1998.5516,4689.83,5068.63,6412.53,6141.43,11221.78,29969.34
2020-04-02,2850.0574,2016.8614,4765.78,5170.35,6469.96,6230.94,11330.42,30560.93
2020-04-03,2837.3514,1998.3948,4738.58,5140.07,6424.88,6198.05,11290.46,30484.62
2020-04-07,2893.8117,2045.9145,4846.8,5282.38,6522.07,6312.6,11465.15,31419.4
2020-04-08,2885.7248,2045.5286,4824.24,5276.06,6487.43,6307.28,11438.8,31285.71
2020-04-09,2889.7957,2046.4165,4840.15,5310.75,6487.07,6324.65,11456.17,31525.16
2020-04-10,2872.0849,2027.5392,4809.99,5230.44,6484.17,6258.73,11401.22,31162.68
2020-04-13,2895.1269,2036.1344,4789.67,5195.83,6476.62,6242.41,11411.67,31216.55
2020-04-14,2929.9559,2059.6623,4882.12,5301.62,6557.5,6321.94,11515.34,31812.72
2020-04-15,2888.6972,2035.2518,4845.96,5268.48,6494.49,6287.22,11444.34,31742.54
2020-04-16,2889.416,2038.1259,4852.36,5290.5,6490.89,6267.94,11427.93,31826.76
2020-04-17,2903.0842,2050.3206,4899.71,5318.11,6555.45,6286.48,11477.35,32017.93
2020-04-20,2916.2398,2058.3481,4917.54,5361.83,6553.49,6322.88,11520.99,32265.47
2020-04-21,2875.8726,2028.3456,4859.59,5314.14,6489.54,6284.59,11433.34,31901.56
2020-04-22,2886.6288,2038.3005,4899.58,5360.7,6501.51,6312.96,11439.24,32149.78
2020-04-23,2871.0466,2026.1717,4887.29,5339.71,6483.13,6293.37,11412.75,32210.29
2020-04-24,2850.406,2009.7296,4845.7,5269.99,6437.26,6255.34,11346.24,32077.36
2020-04-27,2861.3835,2011.9795,4878.75,5277.31,6496.13,6292.01,11433.76,32129.78
2020-04-28,2855.4326,2000.0664,4912.41,5263.57,6514.31,6253.92,11436.28,32692.77
2020-04-29,2900.2623,2019.4905,4935.43,5271.63,6619.99,6315.14,11647.79,32592.24
2020-04-30,2941.1786,2052.129,4994.07,5361.73,6669.38,6378.12,11742.7,32765.47
2020-05-06,2950.2671,2066.5959,5024.29,5427.54,6634.39,6384.47,11707.92,32969.7
2020-05-07,2952.724,2059.5042,5010.15,5416.14,6600.36,6394.27,11729.91,33292.19
2020-05-08,2993.6417,2088.5574,5065.03,5475.76,6677.92,6444.68,11804.47,33737.3
2020-05-11,3009.0176,2103.3358,5060.75,5467.88,6704.94,6448.0,11830.95,33694.79
2020-05-12,2990.6421,2097.8029,5060.94,5474.07,6664.97,6427.06,11757.9,33988.19
2020-05-13,2983.6904,2093.1974,5071.23,5495.83,6654.28,6441.42,11793.2,34332.78
2020-05-14,2935.6474,2068.8936,5016.23,5441.73,6575.32,6373.44,11643.1,33967.52
2020-05-15,2923.2322,2064.4976,5001.15,5445.5,6561.75,6350.53,11599.72,33852.91
2020-05-18,2927.0764,2062.3141,5014.05,5440.42,6567.36,6351.68,11638.77,34088.21
2020-05-19,2941.033,2083.2576,5056.88,5497.66,6610.08,6390.68,11673.33,34420.45
2020-05-20,2913.8638,2065.7316,5030.97,5457.46,6598.19,6342.92,11611.0,34082.08
2020-05-21,2902.0702,2050.435,5003.65,5412.09,6555.45,6308.23,11588.34,34032.48
2020-05-22,2844.9528,2013.319,4889.59,5301.33,6423.29,6203.94,11373.47,33399.64
2020-05-25,2862.3109,2014.4609,4896.69,5303.48,6433.28,6235.5,11418.6,33655.3
2020-05-26,2883.3801,2034.8049,4952.88,5391.1,6477.84,6283.95,11447.66,34037.02
2020-05-27,2880.0589,2036.9197,4918.39,5355.45,6475.28,6311.16,11487.2,33842.11
2020-05-28,2888.0545,2040.7511,4933.76,5357.6,6530.41,6311.24,11554.17,33997.69
2020-05-29,2872.2053,2037.6155,4950.61,5391.23,6496.5,6285.17,11477.53,34396.97
2020-06-01,2931.2538,2080.119,5084.27,5543.76,6616.63,6411.97,11689.77,35319.86
2020-06-02,2942.6446,2080.7354,5103.22,5557.89,6683.03,6430.23,11750.89,35155.56
2020-06-03,2954.4354,2085.2268,5104.39,5559.81,6686.7,6434.87,11728.37,35039.05
2020-06-04,2942.4306,2081.7504,5103.1,5565.48,6667.24,6454.95,11755.66,35209.92
2020-06-05,2930.2192,2073.9258,5128.45,5582.6,6673.87,6434.26,11743.27,35455.0
2020-06-08,2949.561,2086.9249,5155.09,5591.04,6732.34,6439.27,11809.27,35505.14
2020-06-09,2965.549,2106.8667,5187.28,5626.51,6748.86,6465.34,11858.13,35791.62
2020-06-10,2954.4577,2106.0118,5181.61,5625.62,6698.81,6439.49,11816.82,35964.41
2020-06-11,2919.5353,2084.6531,5130.54,5589.65,6612.65,6387.87,11705.86,35509.12
2020-06-12,2916.3001,2081.1352,5140.3,5596.61,6601.44,6378.75,11717.89,35576.17
2020-06-15,2889.2691,2051.6115,5080.19,5560.76,6511.72,6334.11,11601.65,35574.58
2020-06-16,2930.9163,2083.6757,5156.97,5654.6,6589.64,6442.0,11752.39,36354.68
2020-06-17,2939.4443,2093.9236,5161.59,5670.74,6583.2,6455.28,11775.21,36536.98
2020-06-18,2973.2649,2118.0142,5198.3,5686.91,6620.84,6514.08,11837.46,36229.47
2020-06-19,2988.577,2125.9854,5270.53,5750.53,6652.09,6527.95,11863.85,36755.56
2020-06-22,2962.3139,2109.1867,5276.75,5761.85,6616.39,6484.71,11776.04,36641.48
2020-06-23,2944.6957,2095.9163,5302.54,5783.81,6587.06,6483.85,11739.63,37282.82
2020-06-24,2960.186,2104.9105,5332.68,5795.46,6657.07,6497.4,11800.77,37579.74
2020-06-29,2921.4006,2083.5028,5295.2,5762.94,6595.42,6466.99,11736.45,37552.88
2020-06-30,2956.2384,2097.2094,5370.27,5853.77,6637.11,6526.15,11833.02,38625.24
2020-07-01,3045.4912,2135.8698,5478.56,5923.34,6817.11,6643.3,12121.12,39155.41
2020-07-02,3138.6227,2190.7418,5593.2,6023.87,7001.72,6799.87,12471.79,39356.64
2020-07-03,3210.3152,2235.4026,5701.92,6119.14,7149.22,6875.06,12654.98,39576.88
2020-07-06,3401.2262,2353.5731,6025.88,6414.27,7688.37,7238.21,13479.19,40760.41
2020-07-07,3388.9323,2338.257,6062.7,6479.53,7638.76,7210.2,13419.88,41634.82
2020-07-08,3407.9012,2374.3268,6162.39,6605.67,7711.89,7298.81,13512.07,42008.73
2020-07-09,3471.926,2412.4554,6249.94,6741.67,7727.72,7368.61,13654.76,43224.59
2020-07-10,3386.0389,2347.3806,6146.69,6673.41,7491.96,7220.16,13330.57,43360.28
2020-07-13,3448.0889,2394.0216,6279.9,6861.08,7561.4,7417.88,13622.35,44777.41
2020-07-14,3451.752,2393.193,6223.09,6797.18,7476.92,7383.28,13549.42,44967.87
2020-07-15,3369.2876,2362.5641,6149.73,6673.66,7356.75,7254.42,13320.5,44346.83
2020-07-16,3260.0355,2280.1693,5856.24,6348.23,7201.72,7025.29,12982.43,41839.68
2020-07-17,3262.9406,2279.9814,5897.23,6380.33,7210.51,7070.54,12976.2,42647.77
2020-07-20,3431.3598,2393.1075,6073.54,6576.97,7492.13,7377.24,13510.22,42858.67
2020-07-21,3426.1383,2390.3082,6087.58,6605.79,7431.97,7363.89,13470.02,43569.95
2020-07-22,3411.9116,2389.5905,6118.94,6648.31,7416.27,7358.26,13448.13,44295.84
2020-07-23,3375.6238,2391.5576,6120.32,6648.22,7333.44,7274.66,13324.8,44239.51
2020-07-24,3270.6649,2312.7993,5851.71,6342.99,7111.24,7002.94,12897.16,41922.37
2020-07-27,3274.4942,2318.579,5881.75,6361.38,7087.03,6984.14,12844.54,41820.13
2020-07-28,3288.4729,2330.032,5933.46,6425.12,7114.13,7050.82,12902.41,42752.8
2020-07-29,3335.7603,2374.9986,6077.49,6590.3,7214.22,7170.71,13109.55,43687.42
2020-07-30,3334.9251,2365.0321,6048.03,6568.25,7151.63,7167.15,13117.46,43468.42
2020-07-31,3349.9093,2372.4983,6098.73,6639.15,7158.73,7230.28,13232.58,43928.27
2020-08-03,3418.7783,2420.695,6197.8,6785.92,7253.05,7370.83,13545.96,44396.02
2020-08-04,3419.4563,2415.3017,6203.69,6765.78,7370.38,7391.51,13589.67,44315.82
2020-08-05,3395.28,2405.6133,6205.85,6805.85,7297.54,7387.24,13498.39,44539.91
2020-08-06,3403.4147,2398.9219,6187.3,6794.75,7341.58,7392.54,13481.45,43810.91
2020-08-07,3389.4024,2391.7943,6117.34,6714.75,7277.42,7335.98,13455.53,43424.48
2020-08-10,3433.6377,2414.5301,6139.36,6741.58,7360.37,7431.23,13594.83,43623.7
2020-08-11,3396.4447,2383.1757,6083.38,6647.32,7325.73,7356.38,13537.88,43184.07
2020-08-12,3401.3994,2392.2654,6040.43,6585.12,7352.74,7309.79,13506.8,42758.81
2020-08-13,3407.2359,2399.1398,6024.93,6588.99,7342.26,7337.31,13585.05,42568.21
2020-08-14,3427.5906,2407.3288,6118.03,6670.89,7447.0,7395.1,13688.89,43248.84
2020-08-17,3514.1838,2452.079,6261.9,6813.3,7649.6,7548.97,14059.03,43963.91
2020-08-18,3513.7453,2465.1065,6258.95,6839.2,7589.01,7563.51,14081.19,44146.85
2020-08-19,3489.464,2456.2064,6165.31,6724.18,7521.01,7491.43,14004.81,43371.7
2020-08-20,3440.7383,2422.4867,6085.97,6639.6,7443.65,7434.53,13852.72,42949.11
2020-08-21,3449.2863,2432.9345,6139.26,6692.55,7474.18,7430.4,13876.71,43687.08
2020-08-24,3458.9044,2431.0383,6187.83,6745.83,7453.81,7473.14,13929.09,43983.49
2020-08-25,3438.9198,2421.9495,6195.83,6736.31,7436.42,7467.35,13889.23,44269.4
2020-08-26,3405.4953,2389.1446,6123.2,6626.7,7358.85,7342.9,13683.92,43798.64
2020-08-27,3423.7741,2384.128,6156.01,6682.12,7361.24,7386.53,13685.13,44123.0
2020-08-28,3468.0169,2418.9363,6302.93,6808.26,7493.88,7516.48,13882.92,45080.26
2020-08-31,3452.7307,2424.8554,6266.43,6788.44,7436.34,7476.65,13738.76,44975.37
2020-09-01,3466.9614,2431.576,6300.14,6826.88,7445.33,7490.94,13705.38,44971.33
2020-09-02,3453.9574,2414.9821,6302.44,6836.98,7424.33,7484.54,13655.23,45017.05
2020-09-03,3449.4404,2417.663,6267.58,6784.64,7417.83,7473.05,13577.11,44783.38
2020-09-04,3439.5872,2412.3924,6206.59,6739.41,7394.68,7451.66,13494.11,43969.69
2020-09-07,3414.0828,2386.4358,6075.37,6604.99,7351.84,7366.43,13341.99,42638.21
2020-09-08,3465.8489,2414.9656,6107.92,6645.49,7458.76,7409.25,13444.87,42348.53
2020-09-09,3397.3329,2389.2701,5965.06,6473.0,7376.41,7296.94,13208.53,40988.93
2020-09-10,3388.3749,2364.2784,5961.66,6380.61,7366.9,7229.19,13165.37,41025.92
2020-09-11,3384.5467,2370.8254,6020.61,6458.54,7357.22,7259.28,13185.8,41695.08
2020-09-14,3392.476,2381.0596,6051.54,6515.0,7395.12,7290.67,13187.95,41728.19
2020-09-15,3403.7246,2402.264,6100.24,6557.73,7437.5,7324.19,13226.06,42246.35
2020-09-16,3429.0791,2412.5468,6062.95,6510.97,7463.98,7321.62,13285.04,41740.03
2020-09-17,3428.0093,2425.3714,6030.87,6498.78,7460.22,7349.81,13267.42,41478.7
2020-09-18,3513.5427,2474.5452,6166.75,6620.76,7652.08,7465.17,13572.3,42502.71
2020-09-21,3486.102,2455.9068,6107.32,6580.94,7581.84,7419.64,13495.25,42051.73
2020-09-22,3420.1888,2413.367,6035.16,6497.97,7459.62,7312.72,13286.27,41824.91
2020-09-23,3411.5928,2414.2358,6056.73,6528.31,7418.85,7323.21,13267.64,42222.17
2020-09-24,3338.6412,2367.0499,5940.52,6382.37,7294.39,7187.27,13044.52,41537.83
2020-09-25,3323.4324,2369.7689,5949.72,6375.8,7265.36,7145.42,12980.63,41609.39
2020-09-28,3335.574,2374.8464,5965.26,6348.54,7303.16,7139.23,13045.05,41355.51
2020-09-29,3326.2471,2375.462,5978.14,6386.53,7257.87,7168.21,13048.31,41837.39
2020-09-30,3299.2657,2371.5046,5972.42,6378.42,7221.5,7132.7,12959.76,41826.81
2020-10-09,3366.9501,2435.7727,6094.46,6538.32,7305.38,7289.65,13186.96,42685.78
2020-10-12,3434.8862,2484.5753,6279.36,6738.08,7495.98,7470.37,13415.91,43750.78
2020-10-13,3445.6156,2504.5272,6300.25,6759.9,7493.69,7485.16,13435.81,44193.45
2020-10-14,3410.9915,2486.5668,6258.46,6714.63,7465.09,7483.94,13388.43,43952.43
2020-10-15,3415.0092,2485.6522,6247.56,6681.99,7487.88,7453.85,13368.18,43734.21
2020-10-16,3432.7655,2507.6748,6238.63,6667.77,7534.23,7473.64,13436.97,43808.24
2020-10-19,3406.246,2485.6993,6191.52,6617.1,7517.41,7422.2,13348.19,43137.66
2020-10-20,3416.5282,2498.6851,6240.97,6677.93,7506.21,7429.25,13335.77,43545.39
2020-10-21,3417.699,2495.0579,6240.13,6632.41,7579.05,7404.71,13357.65,43116.53
2020-10-22,3400.9638,2484.0219,6220.81,6606.32,7560.11,7346.96,13288.52,42935.12
2020-10-23,3392.2647,2457.279,6143.88,6509.6,7577.69,7289.53,13238.66,41845.71
2020-10-26,3376.2815,2455.5736,6108.57,6496.49,7493.73,7300.74,13194.53,41666.4
2020-10-27,3362.5372,2447.2412,6119.44,6511.66,7452.55,7276.42,13168.08,41971.92
2020-10-28,3359.417,2450.6527,6168.91,6547.32,7425.01,7275.65,13110.5,42522.99
2020-10-29,3380.5951,2464.8117,6215.33,6573.0,7436.27,7313.81,13210.47,42825.12
2020-10-30,3336.1979,2416.7874,6114.3,6443.03,7356.25,7202.87,13025.18,41720.9
2020-11-02,3365.5171,2452.321,6147.5,6474.7,7386.46,7273.07,13148.65,41681.81
2020-11-03,3402.6505,2482.8436,6221.38,6569.18,7481.67,7363.88,13295.86,42136.81
2020-11-04,3466.2388,2509.4422,6268.38,6590.65,7573.18,7404.89,13380.32,42220.56
2020-11-05,3548.9281,2557.3622,6361.93,6698.76,7669.35,7532.77,13552.15,42915.0
2020-11-06,3571.5445,2580.618,6362.72,6668.04,7695.3,7544.74,13626.9,42311.32
2020-11-09,3622.9211,2629.1919,6487.26,6805.9,7789.73,7668.3,13840.03,43034.01
2020-11-10,3568.1205,2597.5246,6451.48,6754.28,7785.74,7643.66,13784.66,43118.88
2020-11-11,3593.8546,2603.2492,6387.7,6670.31,7829.04,7678.09,13887.66,42658.24
2020-11-12,3588.5793,2612.9221,6394.07,6682.76,7776.46,7721.21,13950.04,42631.96
2020-11-13,3545.616,2592.6142,6326.83,6642.98,7658.24,7669.8,13806.16,42170.82
2020-11-16,3614.8967,2641.1447,6388.48,6709.32,7752.19,7830.04,14161.88,42704.18
2020-11-17,3633.6167,2640.1843,6376.25,6674.09,7822.89,7882.73,14205.94,42276.57
2020-11-18,3627.7792,2640.7778,6372.19,6672.7,7906.03,7913.0,14265.48,42093.39
2020-11-19,3616.6033,2645.8539,6419.5,6712.76,7924.83,7879.76,14168.68,42290.91
2020-11-20,3655.5165,2681.0912,6439.43,6748.72,7925.09,7920.22,14230.57,42491.3
2020-11-23,3720.8079,2742.5069,6519.86,6810.83,8048.57,8031.05,14466.47,42456.72
2020-11-24,3698.1046,2741.6548,6479.81,6788.47,7992.95,7999.79,14382.68,42175.1
2020-11-25,3656.267,2706.802,6397.21,6687.15,7950.4,7890.55,14164.93,41285.83
2020-11-26,3637.7102,2698.2925,6408.79,6679.76,8008.15,7859.48,14190.34,41252.41
2020-11-27,3687.2033,2709.9061,6489.49,6726.96,8145.3,7914.81,14299.03,41461.19
2020-11-30,3676.3116,2704.3185,6462.76,6702.4,8086.57,7828.3,14170.61,41078.07
2020-12-01,3708.9517,2747.2875,6601.97,6825.48,8256.76,7934.57,14335.49,42213.87
2020-12-02,3710.4389,2769.7056,6602.03,6831.91,8262.94,7947.67,14340.54,42438.52
2020-12-03,3642.003,2705.2194,6588.89,6822.37,8195.68,7891.48,14178.07,42709.99
2020-12-04,3616.891,2697.527,6600.43,6843.15,8121.17,7880.51,14142.65,43088.88
2020-12-07,3553.1683,2676.7053,6543.52,6802.61,7963.28,7800.88,13927.88,42987.03
2020-12-08,3546.7437,2653.6519,6527.45,6794.42,7911.01,7777.84,13903.33,43162.89
2020-12-09,3511.2589,2620.8064,6439.92,6688.38,7850.79,7681.52,13713.88,42719.38
2020-12-10,3516.5952,2637.7173,6437.09,6690.53,7826.2,7694.41,13699.29,42860.93
2020-12-11,3495.3532,2618.5474,6371.22,6605.8,7743.74,7648.15,13665.4,42076.03
2020-12-14,3451.2002,2584.1953,6430.12,6667.49,7789.09,7594.98,13575.26,42547.48
2020-12-15,3455.8617,2598.2095,6443.5,6682.47,7760.13,7579.83,13537.83,42776.5
2020-12-16,3436.3168,2586.5017,6454.92,6668.24,7766.28,7548.75,13486.8,42916.32
2020-12-17,3483.9731,2623.2751,6537.85,6743.59,7849.35,7625.07,13567.64,43524.39
2020-12-18,3534.2931,2665.18,6515.04,6721.29,7813.67,7658.74,13658.53,43432.36
2020-12-21,3533.2547,2676.1485,6576.11,6810.75,7797.25,7683.44,13637.34,43789.09
2020-12-22,3421.3828,2581.5202,6469.18,6683.79,7614.16,7507.58,13318.83,43271.98
2020-12-23,3436.9511,2597.0261,6524.36,6739.85,7654.19,7511.63,13314.03,43189.45
2020-12-24,3414.1466,2581.3186,6515.1,6683.67,7657.1,7442.32,13217.34,42481.55
2020-12-25,3447.801,2619.1199,6569.82,6746.05,7692.95,7495.55,13305.5,42539.07
2020-12-28,3450.4246,2628.7241,6599.01,6743.7,7727.27,7445.63,13265.68,42580.57
2020-12-29,3417.9079,2593.8668,6571.03,6707.57,7715.16,7383.05,13203.55,42915.56
2020-12-30,3429.1751,2601.7971,6663.25,6793.42,7743.94,7412.91,13228.43,43641.75
2020-12-31,3446.9856,2612.1309,6790.39,6913.31,7838.48,7467.49,13292.01,44520.88
2021-01-04,3457.5008,2644.9874,6863.92,7024.55,7789.29,7493.02,13192.72,45157.64
2021-01-05,3431.5611,2633.1646,6995.25,7108.77,7777.66,7509.62,13180.12,46094.06
2021-01-06,3472.2427,2663.5965,7059.31,7121.86,7908.22,7526.97,13295.14,46078.17
2021-01-07,3477.0221,2678.8249,7184.38,7156.83,8003.46,7475.91,13314.6,46368.97
2021-01-08,3524.441,2706.7878,7160.63,7138.2,8074.36,7497.69,13345.4,45893.87
2021-01-11,3468.0513,2665.1129,7089.92,7042.35,8075.13,7414.52,13217.17,45248.87
2021-01-12,3505.8827,2696.823,7292.14,7195.27,8245.83,7474.99,13218.51,46439.02
2021-01-13,3545.3146,2724.3151,7268.18,7147.63,8311.2,7463.91,13205.18,46367.57
2021-01-14,3545.5371,2728.4394,7128.09,7052.87,8262.13,7437.13,13170.96,45746.37
2021-01-15,3551.1899,2716.9823,7111.97,7059.1,8337.99,7480.69,13261.1,45203.21
2021-01-18,3565.9224,2718.8433,7190.72,7154.09,8453.34,7537.5,13365.03,45589.01
2021-01-19,3556.8546,2708.0269,7085.18,7077.92,8405.36,7577.54,13494.86,45089.65
2021-01-20,3542.0541,2710.1149,7135.88,7138.06,8339.98,7566.52,13359.0,45511.74
2021-01-21,3546.1257,2735.4374,7251.24,7236.86,8390.47,7599.69,13356.6,46329.79
2021-01-22,3493.5222,2697.8711,7257.51,7237.62,8280.22,7517.23,13126.43,46494.01
2021-01-25,3449.2095,2678.295,7330.67,7258.14,8289.6,7408.8,12977.27,47241.79
2021-01-26,3426.9598,2660.464,7183.48,7121.91,8201.62,7361.35,12942.68,45962.34
2021-01-27,3447.6815,2686.2017,7203.08,7139.74,8258.88,7367.25,12979.06,45768.14
2021-01-28,3371.5092,2631.4009,7006.5,6966.97,8093.02,7262.89,12836.17,44894.06
2021-01-29,3324.7284,2616.2782,6973.69,6905.86,8027.78,7201.04,12824.63,44843.24
2021-02-01,3344.1091,2631.8691,7059.28,6970.07,8147.64,7283.07,12951.34,45679.63
2021-02-02,3365.347,2684.9757,7168.01,7061.58,8182.18,7332.19,12896.88,47046.19
2021-02-03,3350.8528,2694.4875,7147.3,7017.66,8179.88,7272.74,12845.79,46848.03
2021-02-04,3315.4165,2659.9319,7132.64,6960.98,8197.95,7200.53,12813.91,46038.76
2021-02-05,3292.0466,2624.8132,7144.98,6921.67,8247.3,7226.44,13009.78,45987.61
2021-02-08,3353.0257,2639.8797,7250.71,7012.8,8333.58,7299.46,13018.63,46700.14
2021-02-09,3401.6751,2688.8186,7409.27,7164.98,8397.53,7390.91,13073.9,47578.96
2021-02-10,3426.7313,2705.8912,7567.55,7278.5,8447.69,7444.21,13133.02,48711.42
2021-02-18,3532.0951,2794.0704,7516.29,7293.28,8620.92,7624.87,13409.61,48098.9
2021-02-19,3646.9872,2874.1177,7529.92,7350.85,8681.12,7758.11,13637.19,47990.01
2021-02-22,3687.8384,2953.9521,7293.41,7211.05,8616.23,7842.02,13753.49,46151.93
2021-02-23,3649.0964,2913.6013,7270.4,7181.73,8625.58,7783.32,13634.69,45781.73
2021-02-24,3599.0976,2878.6034,7085.24,7043.18,8482.29,7698.5,13613.77,44523.23
2021-02-25,3680.3494,2872.7992,7126.92,7046.47,8684.25,7808.09,13931.69,44377.37
2021-02-26,3580.3585,2794.9565,6953.88,6908.44,8431.38,7646.28,13652.3,43562.9
2021-03-01,3648.915,2869.1652,7060.76,7038.9,8476.87,7801.58,13857.5,44482.44
2021-03-02,3640.0875,2856.7425,6970.65,6967.75,8373.14,7733.79,13758.38,44095.55
2021-03-03,3735.0573,2945.2372,7104.32,7082.8,8623.47,7913.83,14072.55,45076.88
2021-03-04,3688.8917,2928.7967,6880.84,6901.07,8490.65,7853.12,14091.54,43719.24
2021-03-05,3620.0764,2873.2743,6857.51,6896.1,8399.59,7803.51,13888.57,43888.89
2021-03-08,3584.953,2838.2734,6619.35,6698.03,8294.12,7735.3,13817.28,42210.21
2021-03-09,3558.7079,2783.8486,6477.41,6539.07,8186.29,7671.81,13672.4,41050.33
2021-03-10,3528.8293,2775.1281,6519.9,6544.88,8162.48,7630.72,13574.64,41455.5
2021-03-11,3632.7351,2875.6088,6682.27,6705.26,8371.7,7805.0,13921.35,42301.04
2021-03-12,3691.7169,2925.9254,6705.93,6726.02,8489.31,7869.7,14198.32,42541.94
2021-03-15,3714.8749,2952.2527,6561.51,6618.96,8481.08,7888.27,14290.02,41325.27
2021-03-16,3726.2655,2949.2105,6618.61,6677.9,8580.05,7940.08,14340.62,41734.42
2021-03-17,3695.1465,2932.8043,6646.62,6712.14,8488.82,7902.45,14248.38,42175.39
2021-03-18,3698.8347,2953.1912,6699.92,6755.79,8495.1,7931.2,14277.58,42878.93
2021-03-19,3652.0264,2926.7602,6524.43,6628.24,8271.86,7852.24,14097.62,42239.85
2021-03-22,3691.8399,2973.722,6589.67,6710.35,8396.27,7959.8,14254.76,42791.84
2021-03-23,3635.8373,2883.2336,6527.24,6638.05,8312.55,7845.69,14077.1,42565.43
2021-03-24,3564.8852,2822.1956,6422.27,6541.37,8146.35,7723.58,13898.2,42207.63
2021-03-25,3566.0523,2835.5919,6419.22,6540.24,8120.59,7695.02,13861.85,42085.48
2021-03-26,3600.1521,2878.0374,6564.7,6672.69,8220.95,7790.76,13973.62,43186.67
2021-03-29,3681.8673,2939.4148,6576.28,6685.47,8246.12,7877.95,14230.07,43395.32
2021-03-30,3676.7839,2945.2724,6638.63,6719.02,8295.59,7867.46,14187.88,43851.06
2021-03-31,3693.7955,2983.0882,6578.3,6682.56,8284.66,7843.83,14185.87,43411.21
2021-04-01,3706.0094,3013.4436,6659.88,6749.11,8315.42,7905.43,14262.34,44037.0
2021-04-02,3681.3064,2993.516,6726.05,6794.61,8285.35,7859.49,14126.53,45009.35
2021-04-06,3682.2498,3016.6601,6698.4,6798.05,8277.23,7893.71,14125.8,44721.29
2021-04-07,3720.4442,3075.1587,6650.71,6775.65,8276.01,7961.39,14271.93,44197.29
2021-04-08,3695.8511,3068.824,6661.74,6775.45,8249.8,7944.0,14240.83,44662.14
2021-04-09,3693.4781,3086.3476,6561.57,6712.22,8183.55,7951.63,14208.67,44324.13
2021-04-12,3683.8714,3049.0325,6447.43,6598.41,8126.47,7915.24,14242.83,43748.85
2021-04-13,3636.3674,3010.7262,6436.87,6580.99,8080.3,7846.44,14144.1,43669.93
2021-04-14,3666.8584,3030.2577,6490.28,6651.84,8079.89,7905.05,14207.75,44475.96
2021-04-15,3665.9688,3043.3595,6449.03,6620.13,8014.03,7913.55,14211.31,44022.98
2021-04-16,3719.4132,3090.3356,6471.46,6666.98,8059.88,8009.52,14416.87,44477.91
2021-04-19,3733.6269,3108.16,6628.92,6806.1,8175.57,8058.14,14376.32,45158.96
2021-04-20,3712.293,3089.4932,6624.37,6797.5,8160.14,8054.16,14349.19,45233.27
2021-04-21,3690.4841,3069.8218,6644.41,6804.52,8177.16,8045.68,14388.64,45698.07
2021-04-22,3707.6242,3097.639,6637.23,6812.61,8137.23,8079.62,14390.08,45978.71
2021-04-23,3684.1579,3079.8906,6697.49,6842.09,8140.27,8055.49,14287.48,46153.31
2021-04-26,3671.5191,3088.0145,6622.27,6784.29,8060.04,7998.74,14227.27,45887.85
2021-04-27,3654.0936,3086.4506,6639.59,6787.65,8060.91,8001.03,14179.48,46367.65
2021-04-28,3686.3686,3111.4266,6677.05,6828.41,8068.3,8052.66,14295.84,47032.84
2021-04-29,3701.5372,3143.6267,6735.65,6858.41,8168.47,8099.34,14448.68,46620.26
2021-04-30,3639.7484,3090.6166,6682.75,6824.09,8061.57,8061.48,14334.92,46573.16
2021-05-06,3696.6777,3177.1812,6601.41,6781.95,8097.13,8180.06,14528.7,45745.54
2021-05-07,3746.8094,3234.215,6516.59,6702.14,8111.0,8196.55,14599.87,44872.8
2021-05-10,3800.7453,3316.7962,6512.03,6714.05,8079.85,8266.56,14719.15,44576.49
2021-05-11,3761.6802,3249.1186,6552.03,6737.11,8065.86,8189.85,14632.21,44938.68
2021-05-12,3777.7347,3274.6655,6580.48,6784.9,8077.49,8265.71,14784.21,45379.3
2021-05-13,3705.4702,3188.0408,6513.26,6721.93,7991.24,8171.44,14713.99,45259.88
2021-05-14,3717.5935,3198.6337,6667.31,6848.3,8128.67,8227.97,14746.53,45921.26
2021-05-17,3720.185,3233.4286,6765.26,6910.12,8174.12,8216.71,14814.83,46801.24
2021-05-18,3734.4949,3264.9803,6768.68,6923.32,8198.36,8262.06,14864.18,46934.12
2021-05-19,3691.6951,3224.2268,6749.67,6911.87,8099.04,8258.8,14812.05,46715.64
2021-05-20,3639.3949,3124.1153,6768.42,6915.04,8101.76,8139.75,14593.73,47508.98
2021-05-21,3649.5624,3184.0034,6701.61,6877.61,8041.12,8175.72,14630.77,47068.42
2021-05-24,3648.5148,3161.5755,6729.62,6912.98,8029.49,8229.13,14724.52,47575.6
2021-05-25,3677.5906,3183.2865,6942.32,7067.27,8254.08,8332.61,14965.44,48596.32
2021-05-26,3691.979,3177.0452,6945.19,7077.82,8310.5,8392.66,15041.33,48322.96
2021-05-27,3700.64,3187.9272,6968.4,7118.22,8295.26,8432.93,15116.43,48438.8
2021-05-28,3681.0792,3186.6868,6947.26,7106.1,8293.55,8450.45,15203.37,48240.2
2021-05-31,3674.2337,3188.6377,6961.77,7161.98,8247.76,8527.18,15315.5,48414.14
2021-06-01,3681.5794,3214.3352,6975.5,7182.96,8231.05,8588.18,15299.72,48802.46
2021-06-02,3680.7358,3190.8017,6910.75,7112.97,8212.03,8545.0,15311.09,48337.44
2021-06-03,3699.2574,3205.0349,6866.66,7081.75,8150.11,8538.41,15272.96,48777.38
2021-06-04,3688.7243,3174.5679,6905.41,7119.38,8195.27,8513.58,15232.72,49371.16
2021-06-07,3686.1108,3196.3782,6900.24,7134.18,8171.9,8498.36,15076.11,49631.38
2021-06-08,3686.5699,3190.3128,6841.14,7084.7,8159.96,8452.99,15068.41,48538.11
2021-06-09,3716.4837,3246.7638,6848.02,7095.99,8163.71,8481.99,15092.09,48343.02
2021-06-10,3701.4034,3277.4932,6894.27,7158.4,8150.02,8502.24,15086.45,48842.29
2021-06-11,3687.1218,3304.0691,6835.59,7109.36,8124.65,8474.48,15028.11,48089.16
2021-06-15,3661.6424,3271.8414,6759.65,7040.27,7995.55,8405.03,14880.81,47946.58
2021-06-16,3658.8751,3249.716,6648.22,6917.01,7996.4,8295.22,14827.22,47151.84
2021-06-17,3627.2732,3253.1206,6680.61,6975.28,7955.08,8292.24,14810.07,47765.66
2021-06-18,3602.4603,3249.4665,6683.8,7010.49,7901.08,8287.5,14728.91,47839.52
2021-06-21,3568.0918,3246.3174,6668.1,7037.04,7810.45,8331.63,14709.4,47550.52
2021-06-22,3600.9057,3266.8549,6710.15,7080.68,7887.46,8430.2,14755.41,47825.19
2021-06-23,3639.1195,3301.8048,6743.92,7124.82,7915.28,8550.2,14931.58,47887.56
2021-06-24,3638.4185,3290.6002,6756.92,7108.39,7943.54,8544.33,14932.97,47572.5
2021-06-25,3690.6793,3349.5068,6871.85,7194.12,8068.4,8586.02,14996.94,48105.14
2021-06-28,3657.9785,3325.753,6887.63,7228.4,7992.93,8516.8,14737.71,48659.33
2021-06-29,3626.0981,3280.2131,6811.75,7164.63,7900.75,8508.73,14691.71,48604.91
2021-06-30,3639.3813,3309.0832,6859.06,7227.31,7946.99,8539.4,14765.75,48674.07
2021-07-01,3624.7022,3267.2874,6867.0,7187.77,8001.37,8501.22,14868.43,48761.01
2021-07-02,3592.9723,3268.0577,6672.11,7046.06,7811.64,8443.72,14711.25,47453.39
2021-07-05,3596.2251,3279.965,6678.4,7088.21,7809.67,8462.06,14657.4,47858.38
2021-07-06,3619.9525,3294.4564,6679.83,7078.6,7909.99,8453.69,14713.17,47259.87
2021-07-07,3609.0533,3315.4641,6757.16,7168.77,7898.65,8473.66,14671.97,48017.0
2021-07-08,3553.8733,3254.0711,6690.49,7130.35,7746.71,8323.08,14406.03,47298.24
2021-07-09,3590.875,3287.2097,6671.81,7138.39,7723.74,8408.27,14520.36,46645.34
2021-07-12,3587.8227,3303.1957,6757.03,7248.69,7722.23,8478.09,14430.05,47061.45
2021-07-13,3638.2792,3371.8697,6777.87,7280.15,7771.13,8542.62,14509.23,47660.82
2021-07-14,3621.6681,3354.4549,6700.34,7203.72,7653.28,8495.12,14515.73,47691.26
2021-07-15,3646.9603,3371.4514,6792.09,7262.46,7786.39,8547.57,14587.67,47957.26
2021-07-16,3663.4473,3413.5365,6722.11,7204.51,7769.56,8567.03,14659.0,47603.39
2021-07-19,3641.5728,3420.9196,6747.16,7208.32,7759.49,8548.09,14683.37,47722.09
2021-07-20,3639.8028,3412.8131,6741.74,7218.36,7674.28,8523.77,14644.56,47516.07
2021-07-21,3640.3983,3408.9579,6790.98,7306.9,7638.82,8526.4,14539.49,47884.34
2021-07-22,3689.2502,3473.2608,6801.89,7335.89,7719.6,8619.74,14663.96,47561.29
2021-07-23,3690.8388,3469.7329,6719.81,7256.15,7677.01,8504.09,14584.31,46445.3
2021-07-26,3621.2444,3437.2005,6503.35,7083.72,7450.06,8335.93,14261.62,44688.14
2021-07-27,3519.9715,3341.8903,6273.91,6863.48,7234.86,8092.82,13835.48,43050.17
2021-07-28,3489.4105,3313.2069,6286.78,6819.62,7244.66,8002.84,13798.4,43092.0
2021-07-29,3500.3942,3345.4556,6407.1,6991.3,7259.02,8093.08,13819.69,43991.26
2021-07-30,3525.8414,3377.306,6357.65,6978.86,7245.28,8196.47,13829.35,43798.13
2021-08-02,3565.8993,3409.0334,6519.61,7128.23,7411.77,8219.1,13770.33,44769.3
2021-08-03,3545.8157,3392.6664,6520.57,7093.51,7424.18,8120.75,13662.7,45528.8
2021-08-04,3584.9888,3434.4479,6579.57,7194.33,7392.63,8246.07,13767.26,45719.44
2021-08-05,3587.9696,3449.1805,6539.88,7154.82,7371.29,8195.77,13739.23,45412.8
2021-08-06,3605.1912,3497.389,6505.27,7142.42,7381.1,8239.09,13809.36,44825.43
2021-08-09,3663.4452,3522.4764,6589.97,7201.78,7565.08,8354.1,14008.48,45569.68
2021-08-10,3685.7681,3535.2882,6666.18,7265.9,7637.72,8373.5,14060.04,46076.54
2021-08-11,3739.661,3590.1226,6629.44,7271.57,7697.27,8504.42,14367.78,46027.75
2021-08-12,3763.9264,3630.905,6573.99,7249.73,7663.0,8615.04,14534.48,45784.24
2021-08-13,3774.2914,3662.6716,6538.52,7226.08,7663.5,8626.06,14523.27,45566.91
2021-08-16,3794.6339,3644.0952,6533.72,7196.04,7700.0,8629.4,14638.8,45942.04
2021-08-17,3736.8434,3586.7886,6396.86,7030.25,7612.33,8466.05,14431.89,44327.95
2021-08-18,3755.9454,3609.1944,6472.36,7101.51,7820.6,8521.37,14499.77,44671.47
2021-08-19,3702.6666,3582.57,6430.05,7090.56,7678.71,8472.8,14335.14,44907.95
2021-08-20,3706.2919,3573.8542,6309.78,7006.82,7618.78,8484.9,14354.34,43978.48
2021-08-23,3748.2596,3664.7399,6402.75,7139.85,7666.73,8583.12,14474.28,44783.74
2021-08-24,3770.6049,3698.4052,6472.27,7208.85,7696.26,8654.76,14555.66,45616.32
2021-08-25,3820.9674,3782.9819,6488.28,7248.86,7668.24,8762.12,14647.93,45982.89
2021-08-26,3860.6533,3837.4243,6360.39,7144.98,7566.55,8796.58,14757.43,44863.29
2021-08-27,3893.755,3903.5104,6394.45,7174.82,7628.27,8857.11,14919.26,44896.78
2021-08-30,3934.2182,3974.633,6376.2,7181.92,7524.62,8909.29,14976.41,44621.81
2021-08-31,4088.853,4083.8265,6366.06,7177.45,7640.37,9102.74,15362.44,44084.93
2021-09-01,4101.556,4077.1166,6450.64,7180.7,7838.8,9060.56,15369.75,44721.48
2021-09-02,4207.2297,4196.8627,6450.57,7226.33,7936.49,9207.77,15659.58,44262.07
2021-09-03,4177.8921,4123.9731,6415.67,7188.2,7897.22,9180.4,15591.86,44368.02
2021-09-06,4244.7054,4168.4628,6535.77,7305.28,7950.21,9266.22,15757.7,45775.15
2021-09-07,4352.5255,4301.0337,6614.07,7407.68,8102.12,9451.87,16095.37,46239.35
2021-09-08,4393.5888,4368.5126,6586.65,7407.43,8110.37,9531.42,16370.6,45933.75
2021-09-09,4568.3665,4565.5153,6583.84,7420.72,8119.72,9712.07,16802.62,45952.86
2021-09-10,4491.5609,4468.798,6641.48,7453.05,8188.63,9580.7,16671.27,46635.55
2021-09-13,4636.1667,4595.751,6612.52,7454.82,8258.13,9756.02,17155.29,46656.8
2021-09-14,4494.1983,4452.034,6513.83,7378.58,8032.16,9584.36,16821.65,45900.11
2021-09-15,4455.1982,4450.065,6447.8,7365.42,7968.36,9612.02,16752.7,45229.47
2021-09-16,4426.3,4411.1395,6368.82,7237.22,7868.92,9467.07,16647.7,44496.37
2021-09-17,4346.5192,4301.8917,6433.84,7263.69,7883.6,9292.48,16301.13,44981.97
2021-09-22,4468.7327,4428.2994,6388.6,7259.79,7878.58,9424.62,16769.29,44303.61
2021-09-23,4521.519,4409.4919,6430.24,7296.46,7917.11,9437.1,16726.96,44606.58
2021-09-24,4292.5372,4250.035,6425.25,7239.04,7799.32,9138.68,16174.79,44514.29
2021-09-27,4160.5717,4083.5691,6462.27,7159.17,7714.11,8879.89,15782.27,44934.15
2021-09-28,4248.8142,4132.918,6470.83,7170.39,7826.42,9020.42,16233.89,45015.17
2021-09-29,4102.3997,3948.9219,6404.75,7029.25,7781.03,8734.6,15774.95,44109.17
2021-09-30,4150.6958,4010.6503,6447.75,7133.99,7752.83,8878.05,15984.49,44490.48
2021-10-08,4133.5449,3947.7083,6531.97,7191.12,7851.23,8876.52,15851.28,45240.53
2021-10-11,4177.288,3963.2405,6540.25,7176.91,7917.35,8928.62,16002.07,45191.81
2021-10-12,4106.9917,3878.9611,6470.88,7065.45,7838.53,8780.37,15909.38,44575.11
2021-10-13,4031.8995,3831.2261,6545.44,7133.9,7790.97,8718.58,15636.2,45484.91
2021-10-14,4015.458,3817.6444,6510.34,7136.37,7725.03,8684.35,15475.69,45382.36
2021-10-15,4039.8505,3829.4617,6535.84,7156.61,7746.22,8711.3,15568.56,45345.99
2021-10-18,4120.37,3935.8698,6459.86,7151.34,7732.31,8841.36,15883.42,44116.9
2021-10-19,4125.991,3983.6165,6523.4,7212.26,7815.34,8903.84,15880.07,44566.97
2021-10-20,4037.0025,3883.5563,6506.78,7204.2,7755.82,8816.33,15575.96,44222.27
2021-10-21,4096.5805,3923.5765,6530.53,7209.12,7887.41,8880.34,15775.72,44334.59
2021-10-22,4027.7306,3818.1027,6573.54,7200.29,7883.26,8722.28,15431.1,44702.41
2021-10-25,4029.9907,3862.9569,6602.85,7257.82,7900.1,8731.51,15467.75,44420.02
2021-10-26,3997.1555,3848.0341,6581.07,7235.15,7851.97,8692.37,15363.93,44358.62
2021-10-27,3911.1951,3759.56,6494.97,7157.62,7760.1,8560.98,15059.58,43413.34
2021-10-28,3812.3501,3638.2553,6449.85,7068.16,7676.11,8366.86,14632.42,43447.19
2021-10-29,3812.145,3669.9467,6509.03,7158.26,7647.56,8408.64,14565.61,44044.44
2021-11-01,3811.9341,3696.2675,6485.05,7173.95,7681.35,8451.95,14731.12,44176.67
2021-11-02,3727.5052,3612.4675,6417.63,7100.97,7515.99,8279.75,14357.38,43868.61
2021-11-03,3776.4279,3665.9126,6392.79,7093.16,7547.35,8388.37,14646.76,44129.95
2021-11-04,3764.0648,3651.3744,6455.95,7169.97,7539.4,8390.62,14611.98,44903.31
2021-11-05,3709.427,3575.0901,6420.95,7111.12,7470.15,8268.52,14291.22,44753.91
2021-11-08,3725.0831,3600.9327,6428.69,7138.85,7475.92,8319.45,14345.71,44397.65
2021-11-09,3709.5559,3584.6031,6426.95,7177.22,7457.29,8362.64,14294.86,44390.42
2021-11-10,3691.8772,3561.2364,6393.06,7153.48,7422.55,8354.03,14252.2,44100.46
2021-11-11,3781.2302,3592.8397,6495.78,7240.92,7632.5,8477.22,14584.06,44998.36
2021-11-12,3743.5285,3570.0254,6482.15,7259.44,7588.02,8419.29,14467.56,44847.71
2021-11-15,3750.7769,3560.6353,6474.2,7240.45,7588.33,8432.9,14435.78,45137.6
2021-11-16,3707.9613,3541.8512,6475.45,7210.22,7540.12,8386.54,14320.32,45221.13
2021-11-17,3726.9206,3565.8515,6478.98,7265.01,7522.56,8456.54,14290.11,45082.88
2021-11-18,3708.8426,3566.8652,6415.21,7217.97,7464.92,8450.33,14282.77,44770.95
2021-11-19,3771.2131,3620.5185,6484.85,7299.92,7577.6,8569.74,14494.97,45117.31
2021-11-22,3757.9598,3640.7431,6514.47,7376.0,7529.35,8583.29,14467.79,45393.09
2021-11-23,3786.6434,3685.509,6515.73,7375.02,7544.43,8632.31,14621.18,45398.66
2021-11-24,3811.6406,3702.8377,6520.12,7373.08,7540.16,8673.88,14807.13,45714.42
2021-11-25,3799.9952,3690.8878,6493.31,7355.15,7507.03,8636.33,14773.38,45654.08
2021-11-26,3762.0925,3661.3064,6445.15,7328.64,7428.7,8573.86,14576.69,45321.46
2021-11-29,3733.7195,3668.1584,6433.61,7342.34,7396.56,8519.97,14442.66,45361.83
2021-11-30,3728.4674,3685.4122,6407.89,7347.89,7393.08,8545.09,14409.05,45306.67
2021-12-01,3802.9479,3742.1062,6423.57,7366.72,7474.4,8645.65,14645.07,45196.06
2021-12-02,3891.1007,3817.5575,6439.9,7342.35,7543.47,8664.03,14704.73,45256.58
2021-12-03,3969.8054,3888.8265,6499.38,7402.72,7609.48,8724.55,14946.05,45824.06
2021-12-06,3960.828,3872.9931,6488.25,7343.31,7661.81,8627.77,14888.81,45667.43
2021-12-07,4026.712,3904.0257,6527.34,7320.77,7759.88,8672.96,15125.01,45888.99
2021-12-08,4005.0758,3907.7145,6625.25,7434.0,7776.13,8680.77,15126.4,46596.15
2021-12-09,4025.1577,3890.1954,6735.01,7502.18,7866.77,8691.85,15190.68,47485.97
2021-12-10,3974.9626,3868.7952,6703.75,7494.11,7820.45,8671.21,15072.29,47469.07
2021-12-13,4013.7087,3915.6309,6741.79,7537.33,7838.51,8668.71,15098.11,47838.79
2021-12-14,3942.8417,3840.9003,6696.56,7510.72,7741.88,8579.78,14932.5,47948.19
2021-12-15,3957.429,3877.8295,6638.48,7473.44,7743.24,8618.4,15064.13,47651.66
2021-12-16,4075.1955,4043.9227,6676.72,7522.33,7830.32,8746.26,15325.3,48119.93
2021-12-17,4038.5471,4007.0719,6570.67,7422.6,7771.08,8690.14,15327.98,47405.45
2021-12-20,3996.0123,3912.0773,6472.08,7309.08,7725.8,8612.89,15270.94,47230.72
2021-12-21,4071.3105,3956.5247,6515.93,7382.11,7803.81,8786.27,15538.86,47825.86
2021-12-22,4057.8197,3971.5524,6517.22,7405.99,7750.98,8753.01,15483.81,48233.57
2021-12-23,4093.0102,4030.9644,6562.68,7432.47,7792.27,8787.0,15542.26,48479.38
2021-12-24,4048.9496,3952.8146,6526.35,7354.49,7741.34,8734.74,15428.87,48780.99
2021-12-27,4093.4315,3964.5747,6523.67,7355.14,7763.37,8786.42,15502.92,48691.88
2021-12-28,4057.7586,3901.7803,6572.26,7407.85,7783.64,8742.46,15371.59,48629.5
2021-12-29,4034.8011,3879.4581,6476.14,7340.37,7703.34,8716.05,15294.71,47486.32
2021-12-30,4029.9869,3874.0015,6526.57,7402.7,7736.3,8738.62,15347.77,48039.51
2021-12-31,4067.0901,3896.0751,6551.59,7445.76,7776.46,8825.94,15463.56,48507.67
2022-01-04,4133.4107,3935.837,6521.61,7431.97,7820.43,8932.42,15715.54,48365.04
2022-01-05,4150.6997,3886.2289,6455.77,7319.51,7872.78,8907.44,15801.11,47446.49
2022-01-06,4179.7435,3924.8075,6389.61,7303.24,7819.27,8947.43,15880.07,47308.81
2022-01-07,4244.0539,3945.1767,6395.1,7248.47,7936.4,8972.28,16052.21,46978.88
2022-01-10,4273.0612,3997.8321,6423.84,7283.42,7977.61,9059.6,16166.5,47450.96
2022-01-11,4260.8929,3977.1797,6362.48,7218.38,7977.08,9100.38,16186.46,46883.53
2022-01-12,4222.4991,3972.995,6425.88,7305.46,7958.58,9059.41,16099.71,47215.56
2022-01-13,4193.3105,3964.9673,6320.24,7195.13,7906.73,9031.93,16019.68,46212.4
2022-01-14,4092.7369,3870.699,6268.27,7166.91,7735.08,8870.12,15730.56,46600.14
2022-01-17,4107.4317,3882.8868,6322.04,7251.58,7757.79,8895.84,15786.08,46841.79
2022-01-18,4196.2627,3952.2674,6383.13,7263.08,7892.94,8983.96,15979.84,46743.51
2022-01-19,4275.1585,3978.8186,6339.41,7214.17,7926.59,9043.52,16158.34,46174.6
2022-01-20,4269.9922,3962.9276,6396.61,7179.75,8045.04,9009.3,16117.05,46448.29
2022-01-21,4216.6052,3969.8376,6338.0,7103.04,7970.05,8939.15,15968.57,45888.03
2022-01-24,4228.4004,3964.6938,6347.85,7114.73,7966.5,8897.92,15995.99,45849.15
2022-01-25,4094.3992,3803.9851,6204.24,6899.57,7777.58,8590.18,15535.41,44525.62
2022-01-26,4121.9471,3815.946,6249.15,6945.18,7834.46,8644.26,15656.67,44574.93
2022-01-27,4062.3609,3768.855,6126.57,6776.55,7738.25,8527.77,15506.99,43721.27
2022-01-28,4005.9075,3698.7573,6052.16,6742.46,7639.09,8486.86,15343.91,43021.28
2022-02-07,4157.8498,3856.1386,6145.41,6840.41,7866.37,8708.55,15788.86,43871.45
2022-02-08,4265.0399,3998.7781,6111.84,6847.94,7985.39,8901.55,16140.94,43861.68
2022-02-09,4261.8945,4017.6098,6169.25,6935.5,7985.72,8942.88,16223.38,44938.61
2022-02-10,4338.5708,4098.9602,6153.07,6915.05,8061.42,9039.89,16452.83,45139.18
2022-02-11,4347.6007,4095.6414,6102.06,6824.35,8112.29,9021.44,16498.41,44442.92
2022-02-14,4263.5675,4036.0317,6036.14,6775.8,7911.46,8881.85,16168.38,44098.39
2022-02-15,4214.5506,3993.4427,6100.34,6848.45,7846.84,8844.9,16035.82,44927.81
2022-02-16,4259.4565,4031.4091,6124.06,6887.39,7903.62,8924.66,16217.36,45072.7
2022-02-17,4236.3259,4024.9516,6138.88,6900.33,7882.68,8884.73,16146.84,44876.84
2022-02-18,4337.014,4124.5539,6168.15,6940.11,7990.5,9055.08,16495.61,45423.71
2022-02-21,4347.9357,4166.4917,6145.71,6962.26,7966.19,9113.32,16538.34,45547.65
2022-02-22,4306.6133,4161.166,6065.93,6883.06,7875.83,9036.47,16381.62,44792.44
2022-02-23,4269.3618,4127.8397,6130.77,6986.19,7846.85,9011.52,16218.98,45269.72
2022-02-24,4186.1202,4065.9841,6006.47,6839.05,7699.08,8837.11,15909.31,44282.57
2022-02-25,4163.4102,4031.2672,6064.96,6905.65,7682.44,8834.91,15888.25,44970.6
2022-02-28,4184.2268,4074.6119,6075.87,6928.01,7677.19,8841.6,15895.22,45300.69
2022-03-01,4244.7826,4138.1835,6126.31,6970.3,7750.8,8916.87,16055.24,45454.5
2022-03-02,4271.3281,4204.5892,6071.83,6940.39,7723.82,8976.29,16191.36,45371.35
2022-03-03,4346.0636,4266.0109,6036.06,6900.39,7786.61,9071.77,16427.0,44926.25
2022-03-04,4321.9116,4267.3196,5962.86,6815.99,7709.33,9028.08,16295.73,44752.05
2022-03-07,4301.6373,4230.4578,5772.36,6639.24,7567.61,8930.33,16151.2,43611.16
2022-03-08,4152.7529,4029.4629,5656.47,6466.9,7363.51,8622.97,15635.54,42104.44
2022-03-09,4109.0708,4031.4178,5604.69,6395.87,7240.4,8512.39,15477.86,41768.44
2022-03-10,4126.2862,4066.8142,5692.87,6511.22,7273.2,8618.34,15611.71,43002.9
2022-03-11,4135.3475,4082.4907,5711.02,6545.66,7308.32,8674.16,15692.1,43893.74
2022-03-14,4038.0403,3979.0954,5536.28,6358.95,7144.45,8486.13,15386.62,42538.63
2022-03-15,3760.6654,3702.5182,5283.06,6054.17,6735.59,7961.91,14494.29,40441.57
2022-03-16,3856.6571,3792.7463,5511.51,6287.36,6997.21,8151.1,14849.29,41288.3
2022-03-17,3916.5949,3845.2148,5619.74,6405.41,7076.69,8295.15,15036.45,42553.74
2022-03-18,4019.1586,3957.2156,5657.15,6459.67,7247.7,8513.55,15440.23,43010.79
2022-03-21,4029.7992,3989.9772,5647.66,6486.43,7174.54,8549.05,15376.09,43340.09
2022-03-22,4106.1264,4058.3815,5643.08,6475.29,7281.7,8693.85,15674.44,43069.76
2022-03-23,4102.8806,4045.6432,5671.23,6506.73,7266.26,8717.27,15674.68,43517.02
2022-03-24,4101.2608,4058.9239,5637.79,6454.4,7249.12,8687.94,15579.93,43348.62
2022-03-25,4084.8679,4037.0232,5536.04,6364.79,7186.43,8680.91,15613.76,42747.12
2022-03-28,4168.747,4134.1035,5501.41,6334.08,7238.8,8787.43,15947.02,43025.92
2022-03-29,4179.8743,4153.7804,5482.42,6302.5,7222.97,8771.41,15888.54,43196.7
2022-03-30,4209.9649,4130.1874,5641.61,6454.29,7371.15,8884.37,16146.92,43764.81
2022-03-31,4256.1856,4169.2916,5599.84,6404.24,7396.34,8984.14,16330.1,43766.84
2022-04-01,4292.473,4178.831,5670.87,6449.61,7500.27,9075.86,16623.89,44291.66
2022-04-06,4360.1103,4201.6674,5654.55,6445.36,7587.14,9228.91,16918.02,44114.35
2022-04-07,4314.1276,4178.9997,5581.96,6331.82,7479.37,9050.61,16622.25,43470.69
2022-04-08,4389.7802,4249.4249,5612.01,6334.43,7577.66,9147.2,16837.75,43436.42
2022-04-11,4320.7073,4177.6565,5438.64,6132.58,7443.42,8944.7,16567.87,42409.17
2022-04-12,4326.8901,4200.9181,5544.63,6239.64,7483.33,8918.97,16566.82,43066.99
2022-04-13,4334.6899,4258.5787,5491.49,6153.9,7440.2,8901.44,16450.44,42470.45
2022-04-14,4427.9021,4361.7612,5560.25,6229.32,7509.48,9113.74,16764.1,43399.36
2022-04-15,4372.8792,4290.9743,5556.51,6184.75,7538.39,9059.72,16682.32,43195.42
2022-04-18,4289.7229,4214.1949,5526.9,6184.21,7372.6,8938.87,16433.68,42995.86
2022-04-19,4342.2595,4285.6443,5485.13,6172.14,7359.09,9043.84,16633.9,42939.13
2022-04-20,4209.8245,4136.2253,5400.3,6072.13,7234.17,8781.69,16206.89,42051.09
2022-04-21,4111.2072,4024.6211,5300.87,5902.7,7163.58,8578.26,15914.06,41128.13
2022-04-22,4173.6169,4051.2287,5323.98,5887.29,7263.64,8689.32,16210.67,41339.93
2022-04-25,3977.4246,3826.0368,5060.86,5530.48,6943.56,8233.13,15567.09,39242.06
2022-04-26,3911.6695,3714.2698,5020.03,5428.77,6873.9,8076.49,15449.35,38937.25
2022-04-27,3999.4007,3837.0001,5167.83,5619.44,6932.42,8167.79,15566.79,39895.38
2022-04-28,4077.2487,3935.853,5201.75,5616.37,7019.97,8273.82,15904.91,40226.87
2022-04-29,4139.6666,3996.3932,5330.21,5799.84,7097.63,8512.35,16180.37,41344.09
2022-05-05,4159.3663,4010.612,5322.45,5837.34,7103.49,8567.94,16207.82,41764.37
2022-05-06,4053.1438,3927.0189,5187.9,5717.29,6929.37,8347.17,15731.66,40856.22
2022-05-09,4047.9775,3913.3221,5146.36,5726.6,6892.64,8370.78,15825.13,40716.34
2022-05-10,4029.0994,3875.9976,5203.05,5807.35,6941.19,8374.9,15979.49,40829.39
2022-05-11,4040.6218,3923.7925,5278.25,5872.8,6928.05,8368.13,15960.02,41359.76
2022-05-12,4006.6846,3891.347,5254.96,5873.96,6880.61,8348.17,15968.41,41262.79
2022-05-13,4093.9755,3982.4413,5294.6,5917.85,6979.27,8562.97,16350.52,41634.68
2022-05-16,4128.5882,4022.814,5252.53,5896.57,6939.59,8651.37,16429.34,41301.6
2022-05-17,4119.9511,4051.6772,5318.05,5944.66,6984.56,8593.87,16299.37,41531.51
2022-05-18,4084.7096,4022.5311,5299.48,5939.38,6955.45,8534.82,16206.67,41203.37
2022-05-19,4091.663,4019.4002,5310.7,5969.42,6959.04,8571.36,16312.17,41017.74
2022-05-20,4171.0724,4133.5983,5414.34,6068.43,7071.21,8663.43,16389.47,41977.71
2022-05-23,4176.3878,4179.1854,5382.98,6082.82,7027.16,8687.91,16309.18,42027.15
2022-05-24,4096.1388,4109.2336,5257.21,5890.31,6922.3,8463.58,15945.76,40874.51
2022-05-25,4149.5344,4183.8447,5289.47,5959.84,6972.92,8603.78,16214.26,40991.89
2022-05-26,4216.8422,4259.991,5306.59,5991.6,7021.73,8710.75,16404.65,41269.71
2022-05-27,4224.4953,4282.2386,5317.8,5996.91,7041.8,8704.24,16489.68,41575.88
2022-05-30,4204.5334,4273.7938,5357.32,6048.55,7015.19,8706.55,16491.61,41841.3
2022-05-31,4214.3255,4277.0732,5440.86,6133.93,7055.21,8712.26,16450.63,42690.96
2022-06-01,4226.6946,4312.5977,5432.1,6139.17,7040.38,8756.9,16491.53,42810.16
2022-06-02,4188.154,4274.8266,5444.17,6175.85,7003.21,8693.28,16322.97,42441.97
2022-06-06,4212.5304,4341.9782,5546.51,6297.11,7016.77,8725.77,16306.29,43304.19
2022-06-07,4221.5882,4334.7113,5564.11,6302.34,7041.47,8761.04,16323.09,43998.01
2022-06-08,4286.0327,4446.4141,5619.68,6342.13,7082.02,8831.97,16471.79,44457.09
2022-06-09,4289.1507,4436.2017,5561.98,6258.53,7108.23,8789.9,16504.65,43870.94
2022-06-10,4322.5865,4496.679,5649.51,6368.84,7166.08,8870.75,16561.5,44492.68
2022-06-13,4260.1722,4454.2694,5583.82,6342.62,7050.7,8762.79,16252.09,44049.1
2022-06-14,4322.6641,4517.2885,5627.79,6375.71,7187.01,8886.59,16475.96,44121.23
2022-06-15,4352.0251,4491.2525,5702.5,6411.72,7341.78,8884.63,16540.84,44447.09
2022-06-16,4261.3752,4399.7191,5669.77,6410.41,7201.09,8760.09,16313.27,44277.93
2022-06-17,4258.2879,4396.8031,5749.64,6484.69,7228.6,8761.32,16266.19,44431.02
2022-06-20,4198.072,4305.9101,5783.09,6531.82,7192.5,8723.59,16209.38,44643.82
2022-06-21,4206.1091,4321.592,5779.8,6505.58,7240.59,8738.33,16300.24,44483.15
2022-06-22,4133.1639,4262.7316,5707.65,6422.84,7136.51,8622.29,16036.73,43851.82
2022-06-23,4188.7936,4340.5948,5806.63,6546.48,7236.53,8742.62,16173.86,44449.2
2022-06-24,4200.605,4337.4068,5876.26,6625.27,7242.08,8738.73,16109.26,44868.71
2022-06-27,4233.0619,4430.4161,5942.86,6692.45,7291.41,8817.89,16276.14,45426.7
2022-06-28,4272.8796,4507.109,6005.55,6773.04,7328.94,8897.01,16353.27,45686.2
2022-06-29,4249.4765,4449.751,5916.52,6644.71,7319.93,8865.6,16493.98,45263.82
2022-06-30,4268.9385,4446.6345,6008.25,6736.22,7381.4,8903.19,16534.01,46256.35
2022-07-01,4289.285,4472.5248,5983.74,6717.85,7375.23,8937.14,16545.6,46040.63
2022-07-04,4302.286,4472.3343,6023.08,6775.16,7378.88,8968.29,16502.61,46340.25
2022-07-05,4349.3415,4527.375,6014.58,6753.69,7384.46,8981.21,16553.73,46440.75
2022-07-06,4228.5606,4381.9672,5927.94,6666.49,7260.51,8811.01,16191.91,45082.49
2022-07-07,4250.0737,4431.0981,5955.84,6712.87,7266.68,8879.0,16202.63,44989.59
2022-07-08,4240.0926,4416.1367,5940.22,6690.22,7285.98,8890.52,16224.16,44935.37
2022-07-11,4185.5677,4340.481,5844.16,6595.17,7240.63,8780.22,16156.79,44262.81
2022-07-12,4220.4634,4359.8229,5796.11,6519.35,7276.64,8796.36,16309.56,43858.05
2022-07-13,4212.0755,4355.4543,5807.57,6554.74,7211.6,8810.95,16261.08,43699.19
2022-07-14,4173.8673,4326.1918,5809.35,6581.94,7095.37,8714.6,16013.89,43790.63
2022-07-15,4077.8574,4254.389,5724.22,6486.86,6963.12,8537.79,15745.5,43151.63
2022-07-18,4181.0493,4373.6215,5783.67,6584.61,7097.34,8751.4,16096.16,43395.19
2022-07-19,4179.4223,4378.1087,5752.59,6589.66,7101.46,8785.61,16154.28,43538.76
2022-07-20,4182.1456,4376.5259,5772.12,6638.99,7113.33,8815.47,16174.03,43769.94
2022-07-21,4110.1719,4297.5656,5711.85,6583.66,7000.07,8697.88,15875.16,43318.59
2022-07-22,4086.971,4291.7371,5715.43,6569.08,7019.4,8658.96,15865.16,42963.99
2022-07-25,4082.5671,4281.3933,5681.29,6514.96,7007.64,8651.04,15875.3,43028.24
2022-07-26,4131.4577,4331.9566,5726.74,6578.36,7072.7,8778.8,16103.27,43636.33
2022-07-27,4120.9045,4330.8085,5698.49,6588.26,7031.8,8786.7,16040.96,43340.01
2022-07-28,4142.7839,4360.794,5700.54,6608.68,7035.28,8833.0,16091.25,43350.88
2022-07-29,4112.0916,4321.5198,5627.26,6547.35,6976.77,8760.51,15930.29,42278.06
2022-08-01,4122.6573,4362.7934,5652.33,6587.42,6927.7,8789.28,15940.97,42689.18
2022-08-02,4013.4348,4243.9101,5542.14,6413.76,6782.42,8541.68,15558.72,41745.31
2022-08-03,3967.9542,4188.7095,5488.47,6360.42,6707.47,8430.13,15352.82,41573.89
2022-08-04,3980.1421,4190.3332,5535.16,6414.81,6766.21,8476.72,15473.17,42064.0
2022-08-05,4007.6188,4193.2881,5614.42,6509.47,6843.97,8542.97,15554.96,42562.09
2022-08-08,4064.984,4266.6011,5603.1,6544.07,6844.14,8678.47,15708.81,42835.35
2022-08-09,4091.5789,4311.0392,5614.2,6563.29,6833.94,8697.03,15755.85,43023.25
2022-08-10,4070.9695,4293.5134,5551.66,6530.65,6793.22,8659.57,15711.05,42571.44
2022-08-11,4127.2119,4333.6275,5664.87,6640.69,6925.17,8768.39,15903.69,43293.47
2022-08-12,4168.4203,4383.4914,5662.27,6620.44,6954.08,8828.28,16013.62,43756.72
2022-08-15,4174.8927,4404.1034,5655.08,6636.81,6914.79,8850.53,16009.68,43656.11
2022-08-16,4176.2394,4420.9525,5644.55,6652.59,6913.79,8898.71,16037.21,43354.74
2022-08-17,4181.3065,4419.828,5697.4,6691.23,6975.39,8927.11,16108.71,43534.2
2022-08-18,4136.6391,4369.3374,5647.84,6667.74,6898.53,8851.03,15959.53,43042.57
2022-08-19,4163.4161,4395.4309,5609.19,6597.28,6945.37,8918.11,16114.08,43021.1
2022-08-22,4209.2806,4455.1172,5650.17,6649.23,6960.76,8996.34,16241.34,43595.94
2022-08-23,4222.7138,4488.9848,5623.71,6643.69,6927.73,9040.35,16246.74,43379.26
2022-08-24,4172.4485,4414.9047,5517.44,6472.33,6887.27,8877.97,16080.6,42664.71
2022-08-25,4273.4586,4514.2081,5565.11,6495.16,7014.15,9040.22,16470.8,43621.41
2022-08-26,4231.3513,4452.9227,5555.92,6473.76,6988.57,9000.3,16426.28,43486.31
2022-08-29,4259.9812,4500.8754,5531.54,6477.96,6968.98,9070.91,16542.5,43347.8
2022-08-30,4208.2537,4413.8158,5512.97,6448.14,6972.97,9017.48,16567.6,42965.78
2022-08-31,4182.6425,4346.6257,5517.09,6356.99,7045.11,8926.18,16478.8,42896.88
2022-09-01,4229.1148,4393.5362,5469.61,6314.61,7024.96,8985.71,16662.55,42839.22
2022-09-02,4214.3768,4372.7155,5442.39,6328.69,6997.83,8980.53,16626.43,42540.48
2022-09-05,4303.2014,4486.3618,5431.32,6334.23,7053.1,9115.43,16947.54,42668.61
2022-09-06,4372.6412,4561.038,5481.41,6420.23,7101.23,9268.5,17134.27,43283.3
2022-09-07,4356.8152,4562.4873,5485.07,6437.9,7077.54,9242.44,17148.67,42977.32
2022-09-08,4347.7452,4539.5057,5461.86,6397.21,7080.13,9209.21,17168.42,42750.69
2022-09-09,4411.0185,4582.944,5537.75,6446.37,7196.4,9306.12,17378.32,43268.12
2022-09-13,4391.3054,4540.8087,5561.19,6458.61,7203.69,9243.35,17276.8,43294.4
2022-09-14,4350.4217,4492.7731,5499.3,6391.42,7136.15,9166.68,17148.2,42766.24
2022-09-15,4375.855,4462.2685,5447.86,6274.79,7180.48,9149.68,17232.47,42599.83
2022-09-16,4220.9933,4278.3845,5320.11,6128.44,6965.37,8866.12,16717.15,41307.82
2022-09-19,4215.8575,4274.0898,5314.39,6093.85,6964.0,8871.17,16720.28,41408.28
2022-09-20,4210.6216,4292.0819,5321.5,6136.57,6906.76,8879.4,16635.39,41714.22
2022-09-21,4239.178,4331.9309,5282.12,6119.22,6921.89,8951.13,16773.36,41384.79
2022-09-22,4246.0527,4364.9899,5235.68,6087.12,6888.54,8941.2,16701.7,41202.08
2022-09-23,4226.2227,4314.3789,5217.65,6020.76,6894.66,8846.99,16557.51,40721.64
2022-09-26,4120.5915,4176.522,5191.61,5963.38,6776.28,8687.03,16264.08,40571.16
2022-09-27,4152.8981,4211.4407,5266.87,6069.04,6814.12,8790.21,16437.29,41571.41
2022-09-28,4105.2766,4140.2026,5181.47,5932.7,6749.32,8681.95,16293.04,41149.97
2022-09-29,4092.9002,4161.6983,5179.35,5927.96,6685.15,8640.85,16161.97,41542.43
2022-09-30,4123.3939,4173.1957,5149.23,5870.7,6736.89,8690.34,16231.38,41609.99
2022-10-10,4125.0119,4181.6692,5035.62,5751.57,6702.79,8665.41,16301.58,41151.15
2022-10-11,4110.3983,4181.4271,5044.76,5778.87,6688.01,8666.56,16280.86,40876.99
2022-10-12,4180.1629,4235.8963,5121.38,5901.42,6766.51,8787.91,16490.78,41321.44
2022-10-13,4122.487,4165.7386,5079.17,5896.15,6685.22,8708.01,16335.83,40961.39
2022-10-14,4173.2084,4214.0882,5200.7,6036.26,6758.04,8808.35,16448.38,42313.53
2022-10-17,4180.2618,4219.9661,5206.04,6072.4,6760.56,8810.84,16386.52,42187.48
2022-10-18,4167.4468,4212.2255,5195.02,6078.73,6734.97,8820.49,16330.09,42534.68
2022-10-19,4132.0103,4194.0967,5111.46,6004.2,6659.42,8749.86,16250.93,42007.29
2022-10-20,4105.5602,4148.9487,5085.05,5974.48,6631.44,8667.31,16125.05,41750.82
2022-10-21,4112.7515,4180.64,5068.89,5968.15,6631.56,8708.32,16182.41,41777.29
2022-10-24,4013.3166,4096.8214,4920.58,5850.02,6450.77,8519.88,15814.4,40649.83
2022-10-25,3993.2958,4084.8551,4912.56,5837.44,6452.92,8485.35,15727.1,40000.76
2022-10-26,3978.4657,4075.3302,4952.44,5916.88,6423.88,8464.27,15607.25,40458.0
2022-10-27,4005.0794,4095.3464,4917.56,5884.28,6418.91,8487.01,15684.12,40712.92
2022-10-28,3924.298,4015.5623,4795.92,5709.9,6303.65,8262.69,15410.19,39952.62
2022-10-31,3815.6408,3913.5536,4751.83,5706.13,6176.45,8143.4,15025.68,39578.57
2022-11-01,3887.3316,3977.9151,4921.76,5876.42,6312.86,8250.76,15170.16,40230.15
2022-11-02,3922.0454,4049.5499,4980.85,5949.52,6345.25,8353.2,15368.57,40824.21
2022-11-03,3895.2499,4031.8981,4940.34,5938.06,6285.32,8308.22,15244.26,40696.08
2022-11-04,3988.2398,4127.8376,5101.88,6096.81,6438.79,8479.96,15501.78,41772.83
2022-11-07,4035.7188,4166.4628,5112.88,6112.75,6466.57,8541.33,15576.98,41766.59
2022-11-08,4028.1827,4145.025,5077.71,6086.46,6452.99,8550.42,15581.03,41497.99
2022-11-09,4009.4987,4126.3628,5030.6,6054.77,6442.09,8559.73,15563.24,41237.42
2022-11-10,4008.3579,4111.6087,4991.89,6011.74,6444.45,8556.58,15590.68,41057.11
2022-11-11,4106.7736,4185.5694,5131.06,6108.48,6656.32,8746.79,15994.37,41858.43
2022-11-14,4101.9235,4129.0148,5138.61,6100.4,6732.13,8772.16,15946.77,42300.05
2022-11-15,4155.4538,4171.7942,5236.07,6220.22,6813.35,8857.21,16024.37,43241.74
2022-11-16,4145.6617,4171.8893,5193.29,6178.68,6770.11,8824.82,15972.11,42682.83
2022-11-17,4117.7458,4121.2306,5172.0,6174.94,6746.56,8789.94,15917.13,42876.02
2022-11-18,4091.3741,4101.002,5148.92,6141.05,6703.18,8732.25,15826.56,42801.04
2022-11-21,4055.0245,4085.3789,5104.98,6126.11,6654.82,8736.92,15764.77,42553.31
2022-11-22,4108.4755,4164.995,5105.59,6085.15,6770.54,8745.89,15934.39,42147.51
2022-11-23,4129.5892,4200.4513,5110.98,6077.87,6802.67,8766.57,16040.72,41870.31
2022-11-24,4137.2921,4199.0634,5088.33,6072.87,6782.71,8829.42,16113.26,42136.83
2022-11-25,4214.4724,4280.4224,5114.02,6058.75,6937.55,8939.46,16424.57,42323.38
2022-11-28,4167.4587,4260.3974,5056.56,6014.88,6829.74,8901.56,16335.59,42022.52
2022-11-29,4284.1795,4320.2709,5212.57,6157.22,7087.22,9157.27,16819.38,43336.95
2022-11-30,4288.7978,4343.7031,5218.82,6160.26,7072.55,9140.18,16790.19,43332.25
2022-12-01,4266.0688,4346.0273,5275.34,6216.84,7067.06,9092.91,16677.42,43604.0
2022-12-02,4238.2756,4314.3618,5243.08,6205.94,7007.57,9063.72,16553.2,43283.23
2022-12-05,4377.1307,4476.6682,5345.92,6285.86,7252.78,9195.68,16831.76,43747.78
2022-12-06,4376.5549,4441.6897,5374.86,6294.5,7229.19,9150.03,16758.63,43829.39
2022-12-07,4325.2502,4399.0399,5361.64,6287.35,7145.61,9097.16,16660.57,43679.51
2022-12-08,4326.5265,4400.1235,5362.64,6274.22,7172.49,9116.37,16716.35,43721.48
2022-12-09,4354.0366,4410.7955,5415.56,6306.83,7238.74,9196.41,16641.66,44329.75
2022-12-12,4254.3507,4357.5832,5354.87,6260.27,7089.09,9064.85,16415.73,44327.27
2022-12-13,4278.9381,4360.5975,5344.36,6235.49,7119.44,9107.23,16500.97,44120.17
2022-12-14,4285.9612,4346.8417,5360.44,6233.28,7126.85,9072.69,16437.35,44144.03
2022-12-15,4236.1765,4304.8442,5356.51,6240.99,7057.35,8980.51,16263.99,43905.61
2022-12-16,4275.8252,4318.9687,5359.54,6213.28,7132.38,9074.64,16442.94,43867.43
2022-12-19,4177.3641,4198.2097,5276.86,6097.8,6975.3,8888.25,16157.22,42760.94
2022-12-20,4145.1675,4183.4877,5189.84,6025.53,6892.68,8798.64,15994.02,42169.09
2022-12-21,4145.8283,4173.7881,5191.9,6005.01,6902.48,8802.51,15986.49,42245.76
2022-12-22,4128.8389,4131.2025,5199.34,5966.44,6903.61,8740.52,15895.01,41950.33
2022-12-23,4120.6955,4145.2437,5188.75,5949.31,6895.32,8729.51,15833.63,42007.66
2022-12-26,4093.5479,4171.1674,5209.8,6012.5,6857.49,8708.01,15809.56,42122.19
2022-12-27,4152.2721,4222.3082,5273.97,6068.91,6953.6,8798.6,16000.08,42592.62
2022-12-28,4158.0622,4197.9654,5251.47,6030.08,6973.66,8813.21,16011.02,42539.78
2022-12-29,4100.8243,4122.2344,5231.71,6011.88,6911.6,8734.48,15889.65,42652.57
2022-12-30,4136.9925,4128.0113,5251.97,6036.63,6970.16,8793.51,15998.07,42689.19
2023-01-03,4172.4502,4222.5101,5274.03,6111.88,7008.08,8850.5,16089.92,42877.9
2023-01-04,4208.1531,4207.1153,5280.88,6118.93,7109.41,8920.35,16206.32,42836.43
2023-01-05,4238.3354,4211.736,5383.48,6202.77,7140.8,8944.62,16199.49,43591.74
2023-01-06,4244.2136,4212.8377,5400.17,6212.55,7146.24,8926.06,16181.94,43587.47
2023-01-09,4258.3902,4238.7292,5443.9,6254.76,7182.82,8921.06,16175.48,44129.97
2023-01-10,4222.1606,4211.9544,5449.8,6259.46,7114.01,8870.52,16063.99,44234.95
2023-01-11,4288.4364,4282.0012,5440.1,6230.52,7179.34,8918.45,16125.06,44341.03
2023-01-12,4300.8948,4304.16,5450.74,6236.84,7183.15,8883.98,16100.54,44497.71
2023-01-13,4352.7815,4318.2037,5527.4,6293.88,7266.79,8960.22,16253.04,45228.89
2023-01-16,4379.4821,4308.5924,5613.66,6375.47,7319.59,8994.7,16306.84,46047.15
2023-01-17,4356.8436,4284.4912,5612.68,6373.72,7303.76,8981.13,16274.56,45639.75
2023-01-18,4363.8934,4325.6387,5603.28,6378.66,7299.22,8991.41,16335.57,45323.01
2023-01-19,4395.7321,4346.0595,5638.14,6421.05,7329.66,9027.72,16380.55,45915.37
2023-01-20,4459.2131,4478.4783,5672.76,6468.58,7396.89,9116.3,16524.35,46034.51
2023-01-30,4434.1536,4436.7997,5699.65,6514.33,7375.94,9083.78,16515.29,46169.56
2023-01-31,4429.6004,4445.2892,5639.29,6488.42,7335.22,9103.87,16547.15,45642.58
2023-02-01,4466.0646,4478.8196,5692.3,6568.54,7372.95,9131.89,16629.69,46050.09
2023-02-02,4458.4791,4498.411,5672.25,6564.7,7334.46,9146.77,16640.53,46626.99
2023-02-03,4412.8538,4462.3682,5618.64,6528.1,7255.52,9065.72,16512.19,46449.4
2023-02-06,4373.9731,4431.3499,5544.36,6472.95,7172.74,9014.76,16479.33,45997.61
2023-02-07,4399.8134,4437.2815,5554.34,6494.31,7215.63,9062.85,16547.62,45875.4
2023-02-08,4381.3221,4395.3696,5529.79,6459.25,7189.07,9022.43,16448.64,45656.93
2023-02-09,4426.9531,4433.006,5604.02,6549.85,7244.65,9089.07,16587.64,46299.02
2023-02-10,4403.6058,4403.8163,5570.72,6522.7,7229.92,9093.19,16629.97,46067.29
2023-02-13,4431.2006,4425.2898,5621.27,6584.52,7239.89,9125.57,16691.13,46646.95
2023-02-14,4459.4591,4435.8952,5623.6,6589.64,7269.27,9172.55,16780.83,46756.52
2023-02-15,4430.5336,4443.9784,5594.3,6575.28,7218.64,9116.18,16732.66,46734.29
2023-02-16,4402.6501,4457.4131,5553.32,6485.11,7191.68,9037.96,16646.36,46400.52
2023-02-17,4400.7951,4432.205,5473.31,6415.26,7132.38,9049.46,16592.02,46189.03
2023-02-20,4537.1919,4611.6,5607.59,6538.66,7358.19,9252.1,16987.72,47197.47
2023-02-21,4606.4801,4678.9311,5622.33,6563.1,7406.67,9356.43,17154.72,47209.5
2023-02-22,4591.8003,4619.6651,5571.59,6535.33,7338.14,9361.99,17158.98,47300.89
2023-02-23,4599.2638,4598.4122,5567.11,6522.56,7338.63,9374.65,17162.4,47210.67
2023-02-24,4568.9698,4585.2426,5509.31,6479.76,7269.03,9336.57,17121.76,46965.63
2023-02-27,4560.646,4587.1974,5487.24,6443.68,7232.98,9326.84,17044.68,46934.14
2023-02-28,4580.6592,4639.8967,5522.0,6492.77,7285.79,9368.21,17140.18,47212.62
2023-03-01,4655.6765,4761.7598,5600.0,6562.17,7419.36,9431.66,17265.43,47631.39
2023-03-02,4682.555,4791.7231,5587.51,6542.19,7452.7,9473.65,17372.48,47568.64
2023-03-03,4717.8951,4859.5632,5604.9,6551.82,7523.4,9514.61,17529.73,47371.99
2023-03-06,4674.7078,4847.3522,5575.67,6542.76,7420.1,9470.06,17501.2,47194.37
2023-03-07,4646.8661,4848.5915,5494.04,6430.38,7368.1,9413.47,17441.68,46408.23
2023-03-08,4638.756,4881.292,5474.03,6437.16,7342.8,9406.08,17439.14,46471.92
2023-03-09,4634.4539,4915.9127,5454.68,6424.71,7308.89,9375.99,17389.5,46378.36
2023-03-10,4530.5183,4802.4949,5383.15,6338.23,7187.99,9208.7,17083.06,45869.91
2023-03-13,4629.0967,4982.4741,5439.53,6385.85,7292.05,9320.19,17316.94,46653.13
2023-03-14,4573.2055,4946.7083,5406.98,6333.52,7230.77,9243.08,17213.51,45920.26
2023-03-15,4626.3607,4963.7232,5409.97,6355.85,7308.92,9354.8,17511.01,45856.24
2023-03-16,4555.8096,4851.3453,5345.18,6267.41,7253.49,9268.04,17346.77,45627.92
2023-03-17,4635.0575,4949.8916,5371.87,6305.44,7326.7,9323.25,17566.82,45684.15
2023-03-20,4602.2693,4820.8842,5345.08,6280.99,7260.23,9279.24,17513.46,45191.44
2023-03-21,4589.5261,4809.8604,5403.83,6358.86,7250.43,9277.86,17444.03,45857.01
2023-03-22,4608.906,4838.7593,5426.99,6389.72,7306.52,9321.65,17558.55,46066.42
2023-03-23,4646.7095,4893.2236,5480.79,6429.83,7375.57,9329.38,17570.13,46467.68
2023-03-24,4595.132,4804.116,5464.45,6423.05,7284.79,9253.31,17442.67,46423.83
2023-03-27,4547.6794,4746.4226,5444.68,6417.06,7210.97,9178.21,17293.77,46453.54
2023-03-28,4544.8762,4779.5677,5427.09,6380.77,7215.77,9181.51,17343.65,46347.71
2023-03-29,4522.6333,4751.2525,5436.08,6374.22,7180.31,9154.94,17249.03,46652.65
2023-03-30,4596.9408,4795.3368,5480.21,6398.25,7247.02,9212.33,17344.73,47199.94
2023-03-31,4604.8497,4843.5012,5497.03,6440.64,7247.24,9243.09,17399.51,47450.18
2023-04-03,4645.1198,4890.0787,5550.83,6510.4,7299.84,9285.03,17554.17,47647.24
2023-04-04,4676.5975,4989.4228,5567.84,6505.68,7376.28,9318.28,17661.12,47727.0
2023-04-06,4646.1333,4948.9167,5559.07,6503.87,7353.01,9260.15,17509.01,47499.71
2023-04-07,4665.5398,4920.3232,5595.22,6553.44,7380.31,9295.78,17495.67,47760.6
2023-04-10,4687.7559,4930.0748,5570.16,6500.83,7396.81,9298.48,17518.27,47058.06
2023-04-11,4712.6803,4908.0407,5563.83,6505.18,7407.69,9358.16,17710.88,47162.82
2023-04-12,4785.8373,5007.4068,5559.95,6524.08,7468.94,9450.92,17987.11,47390.29
2023-04-13,4763.0692,4991.0901,5521.7,6481.14,7444.83,9452.68,18020.46,47126.98
2023-04-14,4775.0956,5035.848,5552.94,6514.26,7480.92,9441.57,17956.82,46869.9
2023-04-17,4909.5593,5169.564,5630.81,6560.49,7653.68,9571.45,18211.26,47061.94
2023-04-18,4952.3464,5215.5899,5648.19,6559.35,7716.02,9606.81,18239.44,47252.65
2023-04-19,4929.5242,5154.1812,5597.33,6517.38,7631.95,9598.56,18262.8,47303.13
2023-04-20,4975.6096,5175.4126,5581.87,6504.0,7670.07,9613.91,18397.8,47180.37
2023-04-21,4881.2576,5091.8672,5472.98,6352.08,7518.74,9498.34,18127.95,46279.8
2023-04-24,4871.6857,5062.6224,5405.22,6295.68,7455.53,9491.29,18160.61,45809.9
2023-04-25,4879.4402,5073.3938,5378.17,6223.53,7483.31,9522.14,18299.74,45607.13
2023-04-26,4860.2598,5030.2108,5374.85,6240.93,7418.87,9545.78,18311.54,45603.72
2023-04-27,4924.61,5058.1777,5414.77,6262.99,7516.34,9571.34,18372.27,45675.63
2023-04-28,5000.6772,5174.135,5470.07,6347.8,7625.96,9679.28,18691.73,46057.38
2023-05-04,5057.3833,5203.4592,5471.65,6362.75,7754.69,9873.93,19193.35,46588.67
2023-05-05,5044.3987,5162.5895,5453.49,6320.19,7790.24,9899.09,19240.88,46175.3
2023-05-08,5177.5348,5379.3001,5515.65,6377.73,8013.36,10116.4,19800.28,46414.63
2023-05-09,5113.8669,5316.8203,5468.49,6306.45,7927.16,10036.94,19579.26,46007.99
2023-05-10,5025.0919,5238.2824,5426.44,6289.48,7756.38,9850.06,19099.08,45783.56
2023-05-11,4999.0995,5178.6169,5418.02,6288.08,7732.99,9845.14,19040.33,45836.17
2023-05-12,4938.6864,5096.5619,5346.62,6210.48,7625.21,9786.53,18840.98,45227.17
2023-05-15,4976.7386,5125.0774,5429.81,6286.42,7724.67,9785.5,18770.82,45510.64
2023-05-16,4939.9983,5086.3086,5402.51,6242.69,7672.46,9716.94,18578.41,45282.5
2023-05-17,4891.7454,5044.5872,5378.06,6247.63,7608.87,9671.65,18520.6,45123.19
2023-05-18,4933.8769,5085.7844,5373.13,6258.57,7645.43,9729.85,18709.96,45215.01
2023-05-19,4889.5083,5050.853,5358.76,6251.27,7556.33,9611.65,18412.12,45578.58
2023-05-22,4893.6414,5043.0415,5392.49,6274.05,7575.77,9612.22,18385.41,45682.23
2023-05-23,4819.2943,4952.9186,5316.31,6197.53,7441.87,9490.84,18115.91,45383.57
2023-05-24,4728.2473,4878.1341,5242.87,6146.69,7273.67,9355.5,17863.15,44858.69
2023-05-25,4705.4088,4850.6735,5231.64,6135.15,7268.67,9312.87,17765.54,44545.13
2023-05-26,4704.2996,4840.4309,5233.54,6159.21,7308.63,9393.47,18016.92,44927.87
2023-05-29,4749.9263,4893.5592,5211.28,6138.74,7339.75,9469.85,18113.42,45168.02
2023-05-30,4768.4567,4919.9683,5216.64,6160.52,7352.76,9466.81,18184.61,45221.78
2023-05-31,4705.8232,4837.6736,5166.12,6129.6,7293.26,9392.01,18053.92,44731.5
2023-06-01,4712.2644,4871.8275,5181.3,6145.37,7287.51,9359.93,18137.73,44821.61
2023-06-02,4766.6253,4906.8308,5256.77,6213.18,7383.37,9417.74,18154.98,45141.58
2023-06-05,4774.7478,4920.9279,5232.89,6206.42,7383.98,9467.03,18356.64,45037.52
2023-06-06,4765.8806,4922.8323,5184.02,6114.85,7360.61,9398.0,18226.01,44308.26
2023-06-07,4790.8117,4925.4011,5159.86,6110.55,7390.18,9470.63,18394.02,43959.61
2023-06-08,4844.9688,4986.559,5202.26,6117.92,7509.56,9570.11,18529.55,43946.9
2023-06-09,4845.4154,5052.3831,5226.72,6155.53,7518.83,9552.85,18543.1,44229.15
2023-06-12,4852.9263,5053.9331,5237.75,6178.97,7467.42,9499.69,18403.8,44676.18
2023-06-13,4827.5927,4999.8661,5267.81,6208.37,7465.35,9483.57,18385.43,44709.94
2023-06-14,4837.9409,5018.1786,5273.53,6218.23,7427.75,9442.21,18268.66,45312.29
2023-06-15,4848.324,5033.7231,5359.15,6285.81,7471.01,9464.13,18298.7,45592.87
2023-06-16,4857.8982,5075.2295,5411.95,6343.56,7497.51,9437.87,18257.06,45861.4
2023-06-19,4785.7734,5033.3696,5373.28,6327.26,7419.88,9326.49,17994.06,45590.67
2023-06-20,4754.2541,4979.4327,5365.58,6318.04,7357.96,9257.25,17821.36,45411.06
2023-06-21,4727.36,4943.6185,5287.74,6208.34,7303.0,9188.53,17672.57,44493.1
2023-06-26,4657.1392,4882.8522,5215.29,6104.63,7188.34,9073.51,17358.84,43462.25
2023-06-27,4761.6619,4989.652,5266.67,6179.82,7305.98,9231.37,17704.36,44246.82
2023-06-28,4796.2113,5029.007,5264.97,6167.21,7326.03,9292.61,17789.96,44381.7
2023-06-29,4783.1982,5001.4608,5240.66,6173.61,7297.12,9277.87,17743.6,44368.37
2023-06-30,4806.8444,5044.2089,5275.95,6231.32,7344.33,9311.95,17820.89,44484.77
2023-07-03,4911.7916,5151.0499,5345.99,6284.27,7480.39,9410.0,18068.74,44714.12
2023-07-04,4898.4344,5151.448,5354.41,6302.75,7445.36,9363.76,17992.71,44674.45
2023-07-05,4891.3169,5169.8359,5315.31,6257.26,7411.86,9352.21,17961.34,44380.07
2023-07-06,4878.1027,5145.3029,5281.04,6231.96,7386.02,9314.49,17922.98,44043.11
2023-07-07,4891.5996,5177.3563,5258.51,6200.25,7398.5,9350.67,17967.91,43894.32
2023-07-10,4895.36,5170.2459,5284.16,6218.81,7390.72,9389.04,18030.94,44106.47
2023-07-11,4905.1468,5155.7548,5319.22,6263.32,7426.52,9407.37,18071.18,44511.77
2023-07-12,4887.2811,5145.5543,5289.9,6204.23,7397.9,9359.42,18005.55,44251.54
2023-07-13,4964.227,5230.5512,5374.87,6288.05,7519.36,9459.92,18275.35,44902.51
2023-07-14,4963.1936,5265.5048,5377.86,6287.87,7569.73,9475.3,18319.3,44815.3
2023-07-17,4929.0057,5220.1512,5341.13,6257.65,7516.09,9423.95,18190.08,44512.11
2023-07-18,4931.4404,5204.7327,5327.66,6245.19,7488.78,9424.21,18157.24,44453.54
2023-07-19,4950.5582,5230.3041,5323.45,6236.87,7515.2,9475.12,18302.31,44553.14
2023-07-20,4908.1176,5194.4517,5286.36,6176.7,7471.3,9442.73,18198.21,44332.06
2023-07-21,4887.141,5173.7372,5287.99,6172.24,7458.39,9449.1,18184.59,44461.67
2023-07-24,4869.2437,5148.7814,5264.96,6157.28,7434.43,9452.13,18199.34,44198.98
2023-07-25,5021.1376,5256.9271,5417.37,6293.91,7691.77,9610.09,18541.79,45301.97
2023-07-26,5004.2305,5238.4635,5406.94,6271.13,7681.1,9632.64,18503.99,45019.71
2023-07-27,4977.9255,5213.3926,5400.54,6244.91,7679.71,9642.86,18538.48,44743.08
2023-07-28,5099.7673,5279.418,5528.07,6346.24,7932.15,9819.6,18829.32,45538.63
2023-07-31,5128.5095,5280.0498,5558.39,6392.02,7978.78,9895.16,18996.9,45503.54
2023-08-01,5127.5036,5297.0015,5535.38,6377.15,7937.76,9904.17,19038.2,45128.93
2023-08-02,5075.3233,5215.8368,5496.83,6348.93,7849.75,9813.87,18784.67,44861.89
2023-08-03,5098.4816,5211.997,5545.41,6377.76,7943.99,9867.84,18811.7,45212.87
2023-08-04,5103.8426,5227.2197,5567.24,6402.17,7974.03,9840.57,18846.28,45207.91
2023-08-07,5067.7828,5204.9621,5525.1,6360.32,7910.2,9754.7,18725.44,44762.42
2023-08-08,5069.3585,5218.3408,5510.72,6338.95,7884.91,9741.1,18714.06,44927.83
2023-08-09,5042.1029,5181.7745,5495.28,6302.65,7868.14,9701.37,18588.02,44648.38
2023-08-10,5071.7114,5251.0397,5507.15,6315.34,7895.7,9740.98,18618.65,44753.65
2023-08-11,4964.6581,5141.9379,5382.39,6187.35,7709.15,9590.81,18328.76,44123.7
2023-08-14,4957.6674,5151.4224,5343.11,6175.06,7666.72,9585.75,18337.14,44272.35
2023-08-15,4967.8498,5153.3804,5330.13,6144.06,7712.79,9649.34,18432.69,44189.57
2023-08-16,4939.2103,5089.0203,5291.05,6089.79,7670.14,9644.58,18368.02,43828.95
2023-08-17,4948.9368,5109.742,5308.74,6132.08,7643.27,9645.46,18349.63,44054.7
2023-08-18,4914.6477,5054.5209,5243.7,6039.63,7600.11,9603.55,18271.4,43204.52
2023-08-21,4834.6515,5001.5518,5168.28,5970.5,7475.01,9503.45,18155.03,42799.52
2023-08-22,4879.5914,5085.1493,5208.23,6011.04,7585.36,9579.32,18386.91,42874.98
2023-08-23,4857.7506,5074.1534,5122.87,5905.44,7509.05,9552.75,18365.43,42395.69
2023-08-24,4841.8919,5025.2573,5160.18,5932.47,7468.97,9507.56,18260.87,42903.87
2023-08-25,4838.2571,4993.7637,5144.11,5869.79,7501.82,9530.06,18264.44,42599.33
2023-08-28,4928.7396,5085.9374,5205.28,5932.26,7634.62,9661.7,18510.75,42888.14
2023-08-29,4949.074,5099.0446,5257.4,6051.37,7607.04,9680.16,18493.83,43476.86
2023-08-30,4921.8618,5079.1215,5255.18,6064.75,7547.49,9609.79,18340.38,43726.69
2023-08-31,4895.1926,5059.7668,5223.55,6028.55,7515.84,9510.7,18206.35,43619.23
2023-09-01,4983.6153,5174.7367,5260.5,6052.07,7620.75,9612.21,18342.59,44055.22
2023-09-04,5080.088,5310.1646,5340.23,6141.85,7765.66,9761.13,18705.11,44477.8
2023-09-05,5039.2798,5294.276,5300.5,6102.22,7681.04,9685.22,18502.33,44048.33
2023-09-06,5049.3172,5297.9625,5289.0,6106.96,7692.92,9683.22,18465.67,43913.23
2023-09-07,5027.4381,5293.371,5214.69,6013.4,7639.55,9632.3,18405.75,43431.42
2023-09-08,4991.7445,5225.8466,5189.05,6006.22,7618.11,9569.32,18288.4,43050.24
2023-09-11,5030.4428,5282.0278,5227.49,6063.33,7651.69,9641.88,18444.26,43602.14
2023-09-12,5018.168,5269.3083,5217.87,6056.3,7630.58,9629.45,18409.97,43452.63
2023-09-13,5023.1552,5298.3073,5184.63,6001.94,7610.44,9656.2,18460.5,43201.3
2023-09-14,5066.8444,5389.2422,5180.27,5983.27,7659.98,9752.91,18606.39,43241.32
2023-09-15,5051.2237,5367.8332,5146.7,5968.57,7605.54,9736.65,18605.8,43056.74
2023-09-18,5063.7375,5380.527,5173.01,5993.81,7604.76,9747.45,18586.53,43469.37
2023-09-19,5076.8373,5410.2012,5163.01,5961.83,7639.4,9812.67,18709.54,43361.23
2023-09-20,5073.1399,5404.8398,5143.12,5927.57,7633.96,9825.73,18770.1,43251.41
2023-09-21,5037.7263,5365.8627,5097.01,5881.66,7582.79,9761.72,18621.21,42820.98
2023-09-22,5091.6828,5389.189,5189.29,5988.07,7701.85,9803.5,18763.67,43397.99
2023-09-25,5062.4525,5367.0932,5155.53,5956.19,7634.29,9783.92,18723.22,43333.33
2023-09-26,5036.2959,5339.2935,5125.42,5927.31,7591.01,9739.7,18682.0,43226.54
2023-09-27,5022.6899,5340.6393,5136.13,5948.67,7581.91,9706.14,18631.65,43417.81
2023-09-28,5027.9147,5372.4514,5121.09,5964.9,7569.82,9707.86,18620.74,43295.89
2023-10-09,5015.6926,5385.3477,5114.44,5949.64,7551.93,9673.23,18553.39,43175.8
2023-10-10,4927.0119,5268.3019,5076.13,5920.85,7471.49,9577.14,18361.19,42557.86
2023-10-11,4904.7918,5239.0616,5090.6,5934.5,7458.34,9547.35,18317.14,42550.73
2023-10-12,4955.8555,5269.1974,5138.99,5982.55,7555.9,9643.99,18548.98,42616.73
2023-10-13,4925.5637,5264.0136,5084.93,5937.69,7516.67,9631.84,18516.55,42200.09
2023-10-16,4940.7894,5301.7813,5034.11,5886.18,7491.84,9652.52,18610.86,41879.08
2023-10-17,4977.2428,5344.9603,5051.88,5894.14,7535.22,9671.29,18702.97,41933.72
2023-10-18,4938.9385,5313.6173,5011.9,5824.17,7494.76,9582.14,18606.48,41296.08
2023-10-19,4849.7698,5208.3908,4904.97,5731.31,7329.91,9422.39,18254.38,40530.44
2023-10-20,4815.8093,5168.5269,4873.11,5683.31,7291.58,9373.8,18137.25,40171.27
2023-10-23,4758.8983,5115.6508,4822.74,5585.82,7213.4,9248.27,17872.9,39722.03
2023-10-24,4811.513,5153.0967,4840.75,5645.81,7227.85,9318.63,18015.04,40150.44
2023-10-25,4830.8003,5141.0822,4867.63,5693.85,7256.78,9401.72,18202.86,40193.76
2023-10-26,4839.2553,5155.0133,4881.08,5715.28,7285.22,9446.85,18288.44,40464.74
2023-10-27,4862.0823,5177.1496,4948.43,5798.19,7292.3,9484.99,18340.11,41307.91
2023-10-30,4813.4216,5102.3266,4978.14,5854.38,7220.22,9387.54,18025.33,41475.71
2023-10-31,4831.9249,5116.0489,4962.49,5830.56,7228.7,9404.89,18053.45,41384.54
2023-11-01,4821.1905,5104.3471,4960.43,5827.79,7203.96,9393.69,18056.76,41414.91
2023-11-02,4818.3495,5106.592,4937.04,5782.35,7210.97,9409.22,18109.21,41202.94
2023-11-03,4813.7129,5119.1169,4978.64,5841.63,7225.37,9365.18,18015.67,41517.62
2023-11-06,4808.9018,5062.4145,5045.97,5941.5,7275.13,9350.32,17989.36,41830.91
2023-11-07,4787.8449,5082.561,5028.12,5944.87,7251.39,9345.81,17999.16,41809.87
2023-11-08,4766.3651,5072.4851,5016.18,5945.78,7209.95,9335.42,18008.45,42027.05
2023-11-09,4791.0133,5156.2773,5018.62,5928.04,7220.54,9396.68,18058.5,41959.92
2023-11-10,4771.0509,5162.4454,4982.03,5898.81,7168.36,9362.65,17932.34,41920.75
2023-11-13,4767.2502,5175.3203,4972.2,5921.25,7160.51,9379.39,18017.11,41773.84
2023-11-14,4753.6259,5158.6581,4975.87,5941.98,7181.16,9366.5,18017.46,41661.11
2023-11-15,4790.0503,5202.095,5010.86,5978.2,7225.56,9412.12,18151.72,41919.75
2023-11-16,4772.5217,5194.4556,4962.55,5924.73,7187.87,9400.39,18153.41,41751.1
2023-11-17,4768.1042,5184.479,4956.59,5943.77,7161.23,9376.1,18110.14,41825.66
2023-11-20,4781.9845,5193.6978,4968.05,5976.16,7170.24,9399.75,18144.61,42139.7
2023-11-21,4799.1921,5196.9651,4974.64,5963.14,7192.65,9434.58,18218.82,42341.62
2023-11-22,4779.1078,5185.3939,4924.31,5898.5,7150.5,9405.93,18190.21,42231.27
2023-11-23,4823.947,5238.4894,4948.07,5941.45,7183.79,9479.59,18259.71,42453.95
2023-11-24,4825.9441,5260.0398,4915.41,5886.81,7163.98,9485.47,18254.69,42594.46
2023-11-27,4814.0617,5289.5425,4879.23,5865.49,7108.48,9460.41,18168.21,42349.91
2023-11-28,4820.6599,5297.8703,4888.38,5888.59,7092.46,9459.7,18154.42,42515.03
2023-11-29,4815.5633,5303.7314,4846.67,5846.98,7014.96,9393.37,17987.14,42414.19
2023-11-30,4832.1441,5333.3872,4857.64,5840.65,7039.93,9424.39,18057.09,42536.22
2023-12-01,4854.182,5357.2142,4839.13,5852.31,7044.05,9452.64,18145.63,42517.07
2023-12-04,4857.6606,5382.8212,4807.53,5832.81,7010.6,9453.61,18181.51,42275.39
2023-12-05,4779.5416,5294.7689,4715.99,5723.31,6894.54,9331.63,17889.74,41508.42
2023-12-06,4779.9235,5272.8431,4723.41,5741.84,6872.71,9327.63,17865.41,41574.56
2023-12-07,4775.8048,5254.9131,4711.86,5731.89,6873.64,9341.74,17897.95,41683.92
2023-12-08,4766.4825,5251.5076,4723.65,5726.7,6875.84,9339.98,17837.49,41465.4
2023-12-11,4830.0269,5307.8989,4751.44,5777.74,6909.25,9482.88,18076.31,41872.2
2023-12-12,4862.6192,5346.2433,4761.65,5790.93,6965.31,9555.07,18185.31,41879.96
2023-12-13,4813.3838,5280.2374,4682.17,5721.22,6870.67,9476.14,18038.89,41307.38
2023-12-14,4812.0328,5282.8649,4657.65,5696.15,6846.67,9467.5,18014.19,41116.48
2023-12-15,4783.233,5252.6696,4643.19,5670.32,6825.28,9411.61,17900.81,40928.36
2023-12-18,4783.4047,5248.3419,4626.25,5619.12,6831.44,9390.58,17887.23,40728.93
2023-12-19,4779.8147,5243.2541,4632.75,5624.53,6830.21,9374.21,17876.87,40748.84
2023-12-20,4725.7069,5213.9822,4586.12,5556.67,6773.15,9332.25,17843.15,40261.04
2023-12-21,4747.2371,5227.1245,4632.53,5601.12,6812.59,9322.96,17796.71,40602.8
2023-12-22,4762.5793,5257.1467,4641.37,5569.79,6850.08,9301.53,17802.69,40490.27
2023-12-25,4784.9868,5280.8541,4655.82,5575.27,6853.74,9316.1,17810.13,40523.51
2023-12-26,4752.2064,5249.6743,4624.3,5518.29,6828.82,9261.17,17792.02,40145.03
2023-12-27,4797.5848,5316.3941,4640.39,5547.01,6870.55,9314.36,17918.39,40405.07
2023-12-28,4822.1575,5291.2354,4749.13,5659.57,6958.49,9302.43,17849.55,41225.3
2023-12-29,4844.5735,5322.02,4772.18,5714.08,6991.19,9351.11,17954.84,41611.99
2024-01-02,4888.2543,5397.8205,4709.92,5673.86,6946.77,9447.69,18146.64,41197.34
2024-01-03,4927.0459,5461.0812,4698.72,5655.76,6984.71,9547.77,18375.26,41084.38
2024-01-04,4954.3583,5506.9035,4655.26,5613.34,6972.42,9589.12,18524.52,40819.21
2024-01-05,4967.0007,5509.7972,4630.31,5547.16,6993.59,9594.93,18587.56,40446.59
2024-01-08,4928.4408,5466.2534,4570.43,5451.98,6940.17,9494.78,18416.46,39805.08
2024-01-09,4964.1952,5502.5171,4579.39,5467.4,6951.08,9548.19,18528.07,40089.05
2024-01-10,4933.4507,5462.4698,4558.01,5432.48,6905.01,9495.72,18396.9,40218.3
2024-01-11,4909.4825,5420.7803,4583.8,5494.72,6902.45,9446.91,18280.71,40367.61
2024-01-12,4903.3659,5437.9821,4567.8,5466.18,6914.8,9469.18,18352.9,40198.74
2024-01-15,4944.5735,5492.7932,4563.28,5457.49,6950.04,9516.41,18486.62,40367.14
2024-01-16,4991.7529,5500.5707,4591.04,5464.03,7009.39,9549.59,18583.82,40501.45
2024-01-17,4924.3481,5425.6625,4491.18,5333.52,6924.22,9415.91,18341.88,39711.09
2024-01-18,4922.5938,5409.9573,4554.67,5358.82,6965.97,9354.19,18210.3,40089.1
2024-01-19,4888.2835,5348.7299,4547.78,5321.0,6948.05,9299.2,18101.34,39887.07
2024-01-22,4769.8362,5225.8595,4477.02,5126.02,6878.28,8991.75,17586.12,38450.22
2024-01-23,4823.0297,5282.0648,4495.15,5165.07,6904.96,9099.46,17754.53,38897.51
2024-01-24,4951.0543,5441.3359,4557.98,5237.24,7070.6,9301.79,18178.86,39237.55
2024-01-25,5111.6526,5707.9268,4649.51,5377.96,7256.9,9569.8,18726.56,39893.09
2024-01-26,5172.3401,5797.319,4636.86,5353.33,7326.67,9694.95,18990.17,39685.52
2024-01-29,5186.447,5801.0034,4595.33,5254.11,7351.84,9720.93,19035.67,39373.78
2024-01-30,5119.3393,5762.2778,4513.38,5132.13,7280.28,9593.1,18798.68,38633.79
2024-01-31,5123.6601,5757.7004,4472.09,5006.91,7266.69,9557.47,18783.74,37907.8
2024-02-01,5066.4306,5649.0483,4475.37,4984.09,7220.35,9462.35,18561.8,38036.08
2024-02-02,5052.3944,5648.7352,4422.4,4866.11,7208.61,9454.85,18573.47,37540.65
2024-02-05,5078.4665,5683.7979,4451.32,4737.8,7262.96,9447.09,18553.28,37694.7
2024-02-06,5171.8223,5709.5224,4606.08,4946.36,7394.71,9670.02,18864.23,39801.51
2024-02-07,5297.3225,5814.52,4650.5,5033.25,7418.61,9860.37,19127.52,41145.63
2024-02-08,5288.9341,5818.4024,4680.13,5150.16,7424.85,9874.46,19085.65,41230.86
2024-02-19,5405.9413,6059.488,4734.2,5222.67,7550.77,10071.54,19556.3,41452.25
2024-02-20,5450.9953,6093.9123,4744.0,5243.9,7606.67,10186.98,19734.69,41583.58
2024-02-21,5460.6653,6092.5615,4808.01,5298.39,7712.77,10189.36,19822.26,41918.7
2024-02-22,5569.5723,6302.663,4849.46,5363.74,7782.06,10338.0,20114.18,42132.06
2024-02-23,5531.4861,6252.2989,4853.72,5411.54,7777.82,10301.44,20107.53,42045.34
2024-02-26,5465.3996,6149.2548,4803.12,5404.71,7640.25,10120.11,19630.51,42052.94
2024-02-27,5524.972,6198.4026,4860.74,5507.92,7681.95,10173.24,19742.99,42538.5
2024-02-28,5469.5627,6146.5212,4798.81,5345.12,7623.56,10078.09,19569.12,41841.7
2024-02-29,5537.3328,6181.5191,4890.36,5493.99,7694.44,10194.19,19759.95,42849.35
2024-03-01,5562.0962,6197.4368,4920.57,5539.34,7715.22,10194.61,19760.74,43092.06
2024-03-04,5620.5756,6340.6166,4924.83,5552.78,7714.08,10242.65,19867.86,43376.09
2024-03-05,5633.9038,6348.6063,4959.11,5539.56,7790.06,10298.0,20011.23,43546.78
2024-03-06,5627.171,6356.3913,4938.99,5541.32,7752.66,10295.12,20006.89,43548.33
2024-03-07,5674.779,6411.8875,4909.33,5491.47,7779.24,10344.42,20086.95,43252.7
2024-03-08,5700.5737,6486.8671,4930.45,5538.2,7804.98,10401.64,20213.25,43491.56
2024-03-11,5668.2717,6375.151,4992.14,5624.19,7791.83,10323.12,20076.06,44132.58
2024-03-12,5555.5098,6197.9539,5003.59,5645.16,7711.04,10128.59,19576.5,44361.25
2024-03-13,5507.5309,6217.1963,4968.64,5632.19,7633.81,10085.95,19518.36,44217.69
2024-03-14,5514.3612,6251.4472,4954.53,5607.97,7630.18,10112.87,19581.33,44091.71
2024-03-15,5500.2803,6246.565,4965.34,5649.86,7639.74,10112.44,19636.98,44209.91
2024-03-18,5502.2973,6265.2563,5011.98,5725.65,7666.25,10088.32,19630.02,44509.88
2024-03-19,5480.1342,6254.3114,4975.96,5687.71,7601.06,10051.66,19543.5,44321.67
2024-03-20,5498.6977,6290.9104,4986.75,5717.71,7631.17,10090.99,19662.77,44293.65
2024-03-21,5483.2122,6295.7306,4980.78,5712.72,7635.98,10103.45,19747.72,43885.7
2024-03-22,5449.1123,6250.3349,4930.58,5648.36,7584.52,10069.38,19673.52,43554.29
2024-03-25,5436.5956,6276.3215,4903.82,5568.5,7586.12,10078.1,19710.94,43329.04
2024-03-26,5418.9465,6228.2953,4928.84,5574.89,7637.26,10071.31,19728.02,43431.72
2024-03-27,5388.3074,6181.0203,4871.87,5455.48,7614.64,10037.3,19695.28,43122.99
2024-03-28,5427.7913,6234.0479,4897.15,5525.3,7605.7,10027.81,19644.45,43442.73
2024-03-29,5514.4112,6379.884,4920.26,5570.7,7649.71,10131.5,19933.07,43860.97
2024-04-01,5572.7645,6397.4242,5001.15,5676.62,7732.88,10161.82,19985.93,44667.67
2024-04-02,5586.1272,6445.6811,4980.33,5653.55,7733.19,10199.6,20108.57,44311.14
2024-04-03,5645.2779,6537.1899,4962.43,5626.36,7721.95,10300.51,20280.16,44284.83
2024-04-08,5608.7588,6509.5913,4918.76,5548.41,7711.55,10283.88,20369.98,43494.53
2024-04-09,5569.303,6451.6506,4914.7,5576.91,7654.25,10246.41,20249.14,43635.23
2024-04-10,5554.6578,6477.5015,4874.67,5503.33,7621.94,10270.24,20300.69,43227.03
2024-04-11,5610.045,6541.8434,4874.02,5512.23,7626.99,10360.67,20486.96,43393.52
2024-04-12,5590.4731,6529.8117,4834.52,5473.48,7559.33,10325.68,20464.04,43297.32
2024-04-15,5747.9088,6687.3645,4936.38,5491.61,7743.34,10516.63,20882.49,44130.2
2024-04-16,5710.0947,6648.9683,4883.58,5332.72,7725.96,10481.76,20862.9,43790.31
2024-04-17,5789.7955,6734.8477,4959.09,5494.36,7847.4,10674.41,21285.42,44198.4
2024-04-18,5832.7721,6694.0119,4965.6,5496.93,7891.43,10720.27,21375.91,44253.15
2024-04-19,5847.0489,6758.5054,4926.66,5462.04,7883.11,10752.01,21394.23,43987.78
2024-04-22,5721.3548,6554.5573,4912.53,5434.45,7809.01,10533.83,20956.2,44015.95
2024-04-23,5621.3507,6422.9174,4878.56,5407.97,7729.77,10358.59,20639.6,43732.79
2024-04-24,5645.6575,6436.8302,4899.98,5463.55,7752.34,10373.45,20594.0,43819.37
2024-04-25,5678.0681,6469.8954,4912.03,5473.99,7798.18,10425.35,20746.45,43633.58
2024-04-26,5745.4925,6516.211,4987.35,5565.76,7836.35,10360.12,20506.97,44455.8
2024-04-29,5752.8708,6456.2032,5042.74,5663.47,7871.3,10350.81,20445.68,45169.68
2024-04-30,5781.809,6485.081,5019.19,5630.98,7859.73,10369.98,20533.11,45164.16
2024-05-06,5913.5314,6503.2659,5093.66,5727.16,7918.7,10473.04,20670.83,46327.44
2024-05-07,5913.0238,6529.8762,5095.24,5736.78,7921.21,10477.15,20693.05,46317.3
2024-05-08,5885.6239,6567.1911,5055.17,5675.19,7891.27,10489.69,20781.14,45932.96
2024-05-09,5940.4731,6606.1715,5102.99,5744.87,7946.12,10564.32,20924.66,46527.8
2024-05-10,5991.2291,6619.2773,5106.04,5724.27,8021.87,10621.45,21041.13,46383.41
2024-05-13,6002.6441,6584.8387,5103.84,5692.21,8053.02,10651.39,21185.65,46253.81
2024-05-14,5966.2511,6550.6322,5093.77,5699.83,8000.71,10620.82,21092.03,46351.26
2024-05-15,5935.623,6524.7929,5054.72,5651.97,7978.95,10613.67,21057.98,46002.97
2024-05-16,5952.4458,6482.463,5074.68,5663.96,8044.52,10639.21,21088.4,45813.66
2024-05-17,6013.0162,6502.7767,5127.69,5728.98,8148.87,10749.0,21250.77,46032.54
2024-05-20,6072.3704,6639.7862,5145.8,5754.38,8159.55,10849.78,21465.88,46039.17
2024-05-21,6068.6051,6642.1297,5126.58,5717.43,8168.07,10887.32,21523.97,45899.4
2024-05-22,6041.9304,6607.3192,5138.8,5726.83,8179.9,10882.77,21477.0,45491.8
2024-05-23,5963.3334,6523.5941,5079.36,5633.81,8103.22,10744.68,21258.57,44982.93
2024-05-24,5924.9387,6507.7958,5023.9,5575.37,8038.63,10719.19,21241.2,44609.3
2024-05-27,6036.367,6643.4113,5072.07,5629.2,8144.59,10873.93,21607.23,45075.61
2024-05-28,5999.3438,6636.8282,5035.45,5580.99,8099.27,10822.26,21536.2,44778.28
2024-05-29,6010.8091,6692.7418,5042.26,5590.1,8080.19,10846.36,21545.17,44733.48
2024-05-30,5952.5103,6610.769,5016.31,5562.63,8016.62,10758.38,21385.24,44349.15
2024-05-31,5940.3206,6597.8661,4996.33,5563.23,7990.86,10767.35,21384.78,44140.45
2024-06-03,5938.8031,6602.3706,5008.93,5533.15,7995.4,10701.46,21193.62,43934.17
2024-06-04,5970.4598,6580.4655,5047.05,5561.48,8027.31,10756.03,21243.28,44561.56
2024-06-05,5864.8906,6479.106,5020.11,5504.12,7960.63,10619.03,20946.72,43994.8
2024-06-06,5892.662,6553.3299,5017.83,5441.73,7989.84,10651.9,21009.1,43971.32
2024-06-07,5887.6782,6586.126,4995.57,5448.71,8013.81,10735.63,21217.34,43578.27
2024-06-11,5812.9078,6494.6691,4952.94,5439.01,7890.97,10557.18,20821.88,43615.29
2024-06-12,5876.9926,6640.3192,4955.19,5461.33,7898.6,10680.15,21056.6,43773.65
2024-06-13,5834.4474,6582.5071,4932.59,5432.16,7852.12,10565.23,20826.81,43212.0
2024-06-14,5873.22,6571.1616,4961.28,5453.11,7927.57,10570.88,20854.18,43145.86
2024-06-17,5800.7131,6502.4924,4954.18,5445.13,7856.78,10435.98,20634.94,42999.93
2024-06-18,5818.2745,6553.4604,4967.52,5479.06,7908.57,10474.26,20717.97,42892.69
2024-06-19,5785.1782,6546.4377,4951.52,5444.84,7927.18,10443.66,20724.95,42264.8
2024-06-20,5753.5375,6535.6065,4916.88,5376.47,7906.35,10421.25,20721.35,41824.25
2024-06-21,5753.7331,6535.7088,4907.3,5371.7,7909.21,10425.87,20711.89,41614.49
2024-06-24,5706.1146,6454.7173,4881.73,5276.16,7888.0,10301.08,20474.42,41453.47
2024-06-25,5725.0867,6470.4604,4855.18,5247.01,7887.49,10334.14,20553.7,41135.8
2024-06-26,5720.5369,6490.2547,4889.74,5327.44,7901.8,10375.83,20665.12,41651.58
2024-06-27,5664.5303,6419.4799,4856.09,5255.83,7897.6,10323.24,20657.93,40881.23
2024-06-28,5696.4865,6534.0904,4870.47,5278.5,7970.92,10382.42,20859.37,40580.57
2024-07-01,5784.3031,6640.0199,4893.82,5318.5,8059.93,10608.55,21260.78,40640.75
2024-07-02,5728.196,6640.2175,4884.82,5299.36,8089.42,10595.02,21312.63,40034.38
2024-07-03,5715.7843,6601.9597,4873.71,5270.14,8051.0,10511.83,21115.98,39644.72
2024-07-04,5675.9198,6579.0773,4849.4,5201.72,8043.44,10446.72,21038.5,39181.94
2024-07-05,5644.8892,6571.4204,4829.91,5215.9,7948.8,10417.53,20897.27,39518.76
2024-07-08,5597.9612,6532.3323,4791.55,5137.65,7938.4,10361.68,20787.18,38952.09
2024-07-09,5660.4958,6587.5198,4850.1,5220.53,8015.51,10478.07,21031.21,39434.3
2024-07-10,5597.1159,6477.4355,4840.25,5198.74,7981.05,10288.98,20656.17,39535.31
2024-07-11,5635.033,6558.3799,4905.59,5299.08,8007.82,10321.36,20691.63,40056.49
2024-07-12,5654.3337,6523.7713,4918.72,5297.21,8061.93,10312.1,20690.98,40083.21
2024-07-15,5667.2182,6553.1882,4925.23,5271.06,8094.34,10402.19,20889.83,39798.54
2024-07-16,5651.6899,6549.8917,4961.97,5296.58,8091.33,10352.78,20823.05,39790.04
2024-07-17,5659.9788,6430.4427,4968.26,5272.36,8085.6,10295.18,20698.82,39979.14
2024-07-18,5710.5073,6486.904,4997.1,5293.52,8132.32,10320.76,20787.66,40281.89
2024-07-19,5685.3894,6408.359,5026.61,5314.1,8137.49,10254.52,20623.05,40415.34
2024-07-22,5645.9978,6354.9856,4992.51,5301.32,8050.6,10159.8,20434.45,40340.43
2024-07-23,5552.1428,6233.602,4886.88,5179.19,8003.96,10033.72,20332.8,38923.16
2024-07-24,5488.8349,6190.1646,4857.52,5128.15,7992.25,10017.89,20360.52,38304.12
2024-07-25,5478.4289,6144.0765,4831.03,5116.87,7936.93,9993.86,20235.3,38159.93
2024-07-26,5566.0147,6229.7781,4851.22,5168.49,7931.47,10000.62,20100.86,38386.44
2024-07-29,5547.7842,6244.8164,4825.6,5151.65,7977.45,10010.11,20197.39,37708.73
2024-07-30,5503.8841,6146.9378,4796.31,5141.98,7916.39,9950.11,20043.08,37409.24
2024-07-31,5671.0544,6304.5338,4899.82,5292.45,7992.93,10107.48,20234.61,39122.72
2024-08-01,5651.6285,6293.3843,4867.61,5269.84,8001.58,10089.66,20245.26,38508.62
2024-08-02,5585.9995,6213.5822,4817.96,5207.83,7930.96,10063.88,20224.37,38150.78
2024-08-05,5535.2616,6064.8219,4759.52,5112.91,7841.74,9947.9,19993.08,37900.52
2024-08-06,5503.9412,6084.3029,4759.14,5150.82,7782.34,9916.67,19911.3,38158.29
2024-08-07,5491.9083,6130.3304,4757.02,5150.13,7793.46,9943.44,20000.6,38293.02
2024-08-08,5514.9091,6148.8441,4759.69,5147.08,7795.32,9990.02,20021.77,38490.73
2024-08-09,5516.2207,6163.069,4745.0,5120.78,7794.77,9948.16,20029.38,38222.61
2024-08-12,5507.5653,6166.1003,4736.8,5103.08,7786.34,10003.68,20094.54,38406.57
2024-08-13,5514.9712,6191.5753,4748.97,5123.41,7815.77,10018.91,20167.49,38304.91
2024-08-14,5477.805,6145.1741,4714.14,5081.68,7797.49,9977.7,20138.16,37876.03
2024-08-15,5532.2938,6191.0028,4761.49,5129.43,7899.64,10067.07,20342.22,38026.45
2024-08-16,5531.8271,6187.5743,4768.66,5120.52,7951.51,10067.7,20415.57,38026.3
2024-08-19,5570.8449,6213.3777,4784.88,5128.21,8034.97,10152.59,20711.78,38064.51
2024-08-20,5515.6271,6121.7423,4750.72,5066.28,8003.88,10035.84,20509.54,37600.87
2024-08-21,5480.0717,6084.3526,4735.15,5048.4,7971.31,9956.95,20354.64,37560.15
2024-08-22,5473.6013,6042.2412,4723.12,5008.13,7996.61,9941.22,20413.52,37213.97
2024-08-23,5535.8663,6079.9344,4744.35,5016.81,8064.66,9951.57,20379.88,37437.13
2024-08-26,5551.8485,6121.4459,4741.39,5028.15,8072.68,9940.36,20385.8,36973.21
2024-08-27,5517.6693,6134.2556,4714.45,4980.7,8062.3,9938.47,20504.62,36501.89
2024-08-28,5474.9959,6103.5633,4690.48,4973.18,8011.8,9896.1,20376.84,36232.9
2024-08-29,5429.5064,6078.0566,4677.9,5000.92,7852.22,9752.64,19948.69,36781.47
2024-08-30,5564.5337,6143.992,4740.34,5082.33,7864.49,9786.65,19830.59,37473.84
2024-09-02,5524.1219,6125.1528,4660.41,4992.03,7827.95,9822.66,19936.05,36557.84
2024-09-03,5539.2462,6110.0538,4672.42,5023.06,7767.37,9752.38,19697.12,36964.54
2024-09-04,5491.7715,6008.5059,4642.16,4993.96,7704.98,9739.71,19631.75,36981.72
2024-09-05,5512.3917,5993.7807,4650.47,5016.46,7701.22,9746.08,19584.22,37260.8
2024-09-06,5479.7298,5945.7641,4612.77,4955.87,7668.24,9652.05,19458.32,36645.39
2024-09-09,5380.1449,5834.911,4558.67,4913.59,7534.59,9489.07,19130.0,36166.86
2024-09-10,5366.5751,5830.6625,4562.68,4923.15,7554.94,9497.0,19158.57,35969.78
2024-09-11,5347.0124,5779.4888,4549.86,4911.81,7458.32,9315.21,18692.86,36106.13
2024-09-12,5355.7072,5805.0809,4530.36,4893.81,7478.83,9342.7,18786.54,35526.17
2024-09-13,5365.6229,5817.1702,4512.07,4856.24,7484.07,9305.49,18731.39,35141.52
2024-09-18,5468.8643,5890.8572,4528.87,4859.89,7577.39,9412.29,18991.53,35436.6
2024-09-19,5547.6588,5962.5547,4565.32,4922.79,7618.09,9444.54,19023.06,35941.16
2024-09-20,5552.5668,5962.9652,4572.77,4918.2,7663.09,9435.54,19002.4,35862.92
2024-09-23,5596.3646,6020.2055,4589.5,4929.78,7749.49,9535.88,19230.8,35904.74
2024-09-24,5801.1142,6227.0151,4788.31,5129.93,8063.53,9966.39,20080.24,37286.62
2024-09-25,5899.8364,6336.3034,4859.48,5195.5,8196.53,10104.8,20396.82,37591.09
2024-09-26,6195.8067,6540.4773,5065.65,5405.38,8507.06,10471.96,21017.73,39802.04
2024-09-27,6410.6844,6677.3409,5291.92,5665.44,8613.69,10624.35,21062.95,42553.14
2024-09-30,6928.2614,7179.2602,5741.03,6211.58,9176.94,11305.54,22292.03,47170.2
2024-10-08,7214.0387,7373.9309,6081.45,6647.44,9526.28,11413.34,22565.99,50268.06
2024-10-09,6619.9117,6813.5805,5652.7,6152.22,8850.6,10540.9,20952.67,45741.22
2024-10-10,6751.5259,7025.7416,5714.22,6164.77,9169.05,10868.04,21813.16,45914.85
2024-10-11,6596.616,6872.2206,5556.27,5959.02,8998.31,10677.37,21386.95,44381.09
2024-10-14,6737.8882,7030.7319,5662.29,6111.29,9218.43,10957.84,22059.43,44904.98
2024-10-15,6553.0585,6807.5351,5511.74,5973.06,8990.55,10715.16,21583.02,43632.81
2024-10-16,6580.7823,6833.8457,5476.93,5961.09,9059.95,10862.8,21953.53,43195.99
2024-10-17,6454.2904,6728.51,5414.94,5915.62,8928.45,10681.45,21667.87,42795.21
2024-10-18,6585.4983,6852.9483,5614.78,6137.62,9075.71,10774.78,21798.47,44548.89
2024-10-21,6546.6096,6840.387,5629.22,6203.24,9039.44,10705.16,21648.33,44597.45
2024-10-22,6618.2851,6920.2786,5661.61,6245.12,9095.81,10774.48,21755.14,45023.05
2024-10-23,6641.5826,6941.7696,5683.99,6267.03,9147.01,10793.85,21723.27,44973.49
2024-10-24,6584.6587,6912.7455,5620.82,6215.99,9082.68,10741.66,21612.82,44314.75
2024-10-25,6598.4976,6917.899,5660.74,6297.56,9068.73,10752.51,21538.68,44611.44
2024-10-28,6655.5098,7026.1271,5671.81,6370.29,9055.55,10859.35,21617.47,44949.84
2024-10-29,6557.1627,6919.2843,5615.28,6292.83,9002.95,10693.53,21310.49,44216.87
2024-10-30,6483.2297,6867.2753,5565.4,6282.77,8902.86,10601.29,21151.48,43891.82
2024-10-31,6428.649,6854.4151,5567.99,6333.45,8876.78,10561.22,21116.69,43720.72
2024-11-01,6424.2534,6879.0943,5567.04,6240.22,8947.29,10647.12,21329.26,43586.46
2024-11-04,6483.7388,6921.7789,5645.38,6345.48,9010.4,10738.75,21536.3,44161.96
2024-11-05,6636.6639,7026.9346,5788.22,6530.73,9156.92,10876.5,21798.57,45191.67
2024-11-06,6584.5647,7013.4241,5759.55,6535.46,9072.33,10836.66,21733.64,45016.83
2024-11-07,6811.5203,7155.2693,5934.58,6701.49,9320.38,11053.18,22091.07,47323.45
2024-11-08,6728.7512,7094.2206,5875.05,6672.26,9194.02,10903.07,21778.39,46900.27
2024-11-11,6675.3086,7076.1595,5913.93,6763.36,9104.17,10826.19,21617.55,46950.95
2024-11-12,6626.8561,7007.3609,5848.96,6685.18,8992.01,10769.55,21427.19,47167.2
2024-11-13,6655.8525,7059.4783,5885.83,6703.18,9070.98,10815.78,21549.12,47134.9
2024-11-14,6553.8032,6933.4887,5783.79,6540.52,9011.85,10676.15,21398.29,46205.33
2024-11-15,6485.481,6883.881,5682.56,6406.34,8930.56,10644.01,21349.98,45080.93
2024-11-18,6522.1552,6933.1067,5656.36,6318.06,9021.3,10819.61,21705.3,44279.26
2024-11-19,6524.9,6941.1643,5694.32,6415.57,8977.38,10828.58,21756.42,45054.23
2024-11-20,6541.887,6976.0238,5707.04,6484.83,8972.57,10860.89,21797.76,45324.57
2024-11-21,6527.8349,6981.3087,5712.27,6492.79,8965.26,10851.72,21741.58,45498.14
2024-11-22,6329.8107,6780.9007,5535.29,6273.09,8719.38,10557.44,21198.73,44001.54
2024-11-25,6322.0774,6768.6889,5510.46,6276.99,8699.34,10573.89,21236.99,43795.21
2024-11-26,6298.6276,6720.4996,5499.13,6237.02,8722.35,10577.91,21293.98,43881.41
2024-11-27,6372.9844,6805.5016,5594.88,6353.06,8827.15,10692.78,21553.78,44792.49
2024-11-28,6330.5991,6761.791,5546.4,6317.02,8774.15,10654.27,21476.63,44040.45
2024-11-29,6401.6923,6812.8694,5609.78,6405.68,8805.83,10721.5,21536.53,44980.35
2024-12-02,6472.4953,6924.412,5654.3,6500.13,8850.93,10777.92,21562.66,45353.06
2024-12-03,6519.6117,6962.6131,5660.4,6505.18,8942.34,10887.86,21829.46,45182.47
2024-12-04,6507.7725,6977.0328,5629.85,6444.4,8938.02,10905.87,21886.7,44907.49
2024-12-05,6478.022,6966.9195,5617.0,6475.1,8917.22,10887.72,21875.38,44737.3
2024-12-06,6592.4801,7062.9908,5690.84,6552.38,9017.82,11036.63,22149.46,45218.53
2024-12-09,6569.7204,7075.329,5681.43,6530.81,9020.58,11054.71,22225.76,44935.91
2024-12-10,6619.1435,7086.0368,5723.11,6580.62,9085.44,11056.91,22235.79,45449.72
2024-12-11,6673.6665,7182.1973,5713.66,6618.95,9056.66,11117.67,22256.55,45823.67
2024-12-12,6731.2114,7200.5448,5770.54,6680.29,9130.22,11161.19,22319.61,46511.35
2024-12-13,6572.5199,7043.1991,5634.17,6540.79,8943.05,10965.98,21907.26,45318.31
2024-12-16,6574.0127,7046.9325,5603.61,6489.53,8957.13,11057.76,22247.3,45031.93
2024-12-17,6546.5385,6997.9458,5618.21,6406.03,8957.44,11017.85,22227.7,44947.44
2024-12-18,6589.2925,7056.685,5646.84,6446.55,9026.06,11086.19,22398.61,45158.26
2024-12-19,6564.4677,7051.6974,5651.96,6452.24,8982.15,10979.52,22161.82,45103.2
2024-12-20,6508.8897,7000.0671,5631.33,6469.87,8916.66,10888.09,21998.09,45027.7
2024-12-23,6564.8209,6987.1092,5639.68,6365.33,9021.77,10893.49,22066.62,44765.57
2024-12-24,6653.918,7094.1923,5711.53,6438.44,9144.05,11018.44,22300.99,45243.16
2024-12-25,6692.3682,7090.1244,5714.38,6388.26,9199.9,11061.27,22448.94,45217.02
2024-12-26,6676.4669,7113.4658,5717.07,6425.32,9157.03,11010.23,22354.06,45040.88
2024-12-27,6666.8807,7109.7431,5708.06,6434.02,9156.57,11033.61,22405.54,45224.31
2024-12-30,6718.9712,7139.5281,5734.58,6428.59,9249.34,11166.39,22586.22,45355.71
2024-12-31,6646.7008,7048.4798,5642.6,6284.26,9147.42,11105.12,22411.53,44750.28
2025-01-02,6569.2786,6896.5206,5478.38,6118.17,8911.98,10883.67,21923.43,43514.57
2025-01-03,6518.2383,6809.4468,5413.52,5983.26,8839.68,10792.57,21678.01,43130.54
2025-01-06,6552.1437,6783.7443,5404.64,5965.83,8858.01,10832.07,21730.26,43100.76
2025-01-07,6555.0116,6805.0797,5444.91,6042.88,8887.6,10803.48,21779.28,43169.54
2025-01-08,6650.6051,6836.7855,5436.57,6032.41,8934.89,10784.34,21881.18,43640.76
2025-01-09,6591.787,6826.9452,5423.17,6031.72,8849.73,10624.92,21609.88,43423.57
2025-01-10,6482.9989,6696.1814,5356.81,5923.01,8743.31,10471.16,21378.9,42924.95
2025-01-13,6421.6464,6699.7937,5342.51,5919.03,8665.77,10390.0,21171.52,42714.84
2025-01-14,6550.4326,6888.6936,5483.19,6130.29,8813.06,10581.02,21476.06,43659.33
2025-01-15,6544.8516,6839.6284,5448.01,6093.15,8815.24,10584.54,21509.53,43348.2
2025-01-16,6610.4363,6917.48,5454.27,6114.62,8873.58,10670.3,21703.03,43412.29
2025-01-17,6605.7938,6927.9389,5471.55,6135.54,8852.02,10640.57,21672.04,43886.65
2025-01-20,6568.9361,6903.3296,5496.99,6172.32,8828.09,10624.83,21668.86,43949.05
2025-01-21,6535.3861,6864.8633,5501.25,6182.38,8808.09,10559.02,21517.19,44105.85
2025-01-22,6455.1011,6815.2565,5451.05,6126.01,8694.89,10461.01,21199.74,43720.72
2025-01-23,6499.7414,6821.9684,5462.78,6121.71,8818.06,10574.17,21535.0,43772.41
2025-01-24,6533.2523,6877.2533,5508.03,6190.71,8862.53,10650.47,21611.07,44238.86
2025-01-27,6599.8711,6860.1083,5485.73,6135.88,8937.53,10785.27,21922.35,44343.31
2025-02-05,6474.0421,6814.3725,5454.12,6144.53,8797.51,10572.72,21530.95,44029.1
2025-02-06,6493.1959,6864.9703,5522.74,6262.91,8824.4,10581.38,21540.58,44356.56
2025-02-07,6548.5423,6943.2701,5594.42,6352.25,8885.92,10652.57,21565.12,44800.36
2025-02-10,6545.1152,6965.0661,5606.43,6410.2,8899.74,10640.42,21542.32,44478.6
2025-02-11,6570.3723,6961.5837,5580.67,6383.27,8922.31,10680.75,21772.06,44464.32
2025-02-12,6577.8472,6991.2429,5633.45,6458.55,8962.78,10683.16,21835.76,44837.0
2025-02-13,6548.0554,6933.241,5612.29,6416.66,8953.04,10687.09,21860.95,44648.0
2025-02-14,6575.4179,6933.3645,5660.96,6456.94,9016.57,10707.89,21883.68,44816.55
2025-02-17,6537.7267,6913.8075,5673.02,6489.75,9023.09,10662.85,21860.77,44487.91
2025-02-18,6489.8124,6806.8102,5623.27,6384.27,9000.51,10627.01,21859.34,43906.63
2025-02-19,6476.2273,6838.93,5662.62,6481.25,8979.41,10597.16,21859.24,44184.36
2025-02-20,6467.0522,6850.7493,5646.43,6497.54,8930.05,10571.85,21820.46,44100.71
2025-02-21,6470.766,6918.4348,5717.64,6586.86,8930.11,10503.86,21613.93,44310.15
2025-02-24,6461.9965,6909.4289,5705.1,6584.41,8930.08,10512.75,21598.44,44221.95
2025-02-25,6401.5765,6837.7655,5641.77,6530.15,8830.05,10443.16,21407.88,43607.96
2025-02-26,6461.4833,6898.1578,5691.05,6605.11,8898.24,10574.12,21565.45,43895.68
2025-02-27,6539.2164,6907.9635,5702.8,6600.17,8962.07,10691.01,21752.94,43959.68
2025-02-28,6482.2967,6810.9333,5590.6,6420.37,8860.67,10613.05,21647.57,43382.24
2025-03-03,6471.5397,6783.1119,5588.34,6428.07,8859.06,10601.57,21674.52,43761.46
2025-03-04,6491.0628,6788.6743,5583.66,6466.82,8855.39,10602.6,21670.86,43761.99
2025-03-05,6547.6999,6785.7425,5608.6,6496.73,8934.57,10652.85,21858.03,43844.05
2025-03-06,6566.9551,6849.9794,5685.72,6603.95,8969.07,10650.33,21750.1,44254.19
2025-03-07,6575.1379,6843.8346,5668.16,6575.88,8959.98,10664.75,21715.58,43983.09
2025-03-10,6565.1018,6851.8447,5646.3,6571.64,8901.61,10696.02,21610.0,44082.88
2025-03-11,6598.4512,6858.3602,5664.42,6596.23,8934.59,10764.16,21753.35,44225.76
2025-03-12,6582.0363,6871.6949,5644.04,6595.88,8905.36,10720.86,21722.39,44233.83
2025-03-13,6605.3357,6867.7828,5621.54,6537.77,8932.68,10795.83,21833.42,44113.31
2025-03-14,6684.1119,6938.478,5758.04,6671.92,9085.62,10877.96,22018.65,45129.4
2025-03-17,6702.2385,6948.474,5744.0,6679.33,9088.12,10918.11,22087.67,45088.6
2025-03-18,6732.5432,6986.7863,5759.72,6703.3,9109.44,10899.38,22065.5,45149.39
2025-03-19,6756.8508,6985.5093,5763.23,6682.82,9149.95,10915.82,22207.77,44998.36
2025-03-20,6718.8524,7000.1039,5712.68,6642.77,9069.01,10885.75,22111.0,44688.42
2025-03-21,6702.9005,6987.7123,5626.02,6532.27,9000.11,10839.41,22042.27,44152.02
2025-03-24,6761.6627,7072.926,5654.99,6514.82,9054.96,10900.09,22189.26,44599.82
2025-03-25,6785.2677,7095.2477,5651.32,6489.37,9083.9,10969.18,22341.45,44575.71
2025-03-26,6765.1257,7087.0188,5632.72,6497.4,9016.09,10953.89,22270.31,44433.18
2025-03-27,6763.0178,7038.1612,5651.48,6499.24,9036.23,10943.61,22318.25,44807.1
2025-03-28,6750.9602,6949.7877,5626.88,6448.86,9007.53,10864.15,22247.19,44633.64
2025-03-31,6745.8546,6913.9851,5586.83,6393.49,8990.01,10807.24,22260.41,44411.91
2025-04-01,6739.2959,6946.5779,5587.87,6417.16,8966.85,10912.2,22314.2,44776.63
2025-04-02,6763.5587,6907.521,5583.13,6421.18,8998.3,10951.82,22479.56,44795.64
2025-04-03,6720.9466,6820.3663,5550.24,6371.08,8978.64,10966.63,22530.12,44366.39
2025-04-07,6242.4344,6205.5757,5159.2,5782.21,8441.22,10234.98,21324.62,41019.37
2025-04-08,6384.3793,6304.4421,5247.33,5841.56,8654.01,10496.5,21788.52,41828.59
2025-04-09,6395.5951,6355.8235,5299.12,5942.89,8657.19,10527.77,21730.62,42222.33
2025-04-10,6475.5312,6475.3653,5368.58,6055.48,8730.2,10627.32,21855.52,42881.29
2025-04-11,6450.3415,6451.3609,5390.71,6097.3,8709.02,10579.47,21750.85,43073.34
2025-04-14,6481.2919,6525.9434,5403.11,6150.35,8742.53,10674.22,21927.37,43226.85
2025-04-15,6537.4227,6541.235,5406.12,6142.33,8818.22,10725.42,22174.99,43544.1
2025-04-16,6563.4465,6510.4909,5423.53,6110.57,8887.21,10774.18,22366.85,43403.45
2025-04-17,6567.6762,6500.3785,5422.76,6117.47,8887.5,10751.91,22392.7,43525.48
2025-04-18,6588.7254,6528.2817,5424.62,6116.9,8926.56,10759.3,22454.47,43388.0
2025-04-21,6586.3065,6573.695,5442.39,6185.9,8880.71,10744.69,22309.63,43697.36
2025-04-22,6616.3039,6582.7917,5444.34,6182.97,8908.26,10786.37,22436.61,43770.72
2025-04-23,6605.289,6607.2958,5448.56,6203.96,8886.07,10738.32,22331.24,43747.33
2025-04-24,6640.2645,6606.5717,5444.93,6174.26,8940.39,10796.01,22563.18,43755.87
2025-04-25,6618.234,6619.7494,5449.41,6186.58,8921.84,10781.84,22531.26,43593.12
2025-04-28,6627.6861,6597.7705,5441.68,6149.99,8949.85,10780.04,22643.6,43080.42
2025-04-29,6637.3889,6608.4077,5432.28,6162.23,8927.67,10757.03,22579.07,43040.36
2025-04-30,6589.5937,6580.3366,5427.04,6186.76,8836.76,10690.89,22188.15,43191.16
2025-05-06,6615.9466,6661.757,5481.7,6299.53,8882.2,10717.89,22225.19,43518.32
2025-05-07,6658.5202,6702.8692,5514.93,6331.34,8971.86,10790.43,22420.45,43713.76
2025-05-08,6675.1483,6703.9999,5545.54,6373.49,9018.16,10807.39,22538.79,43900.26
2025-05-09,6711.0276,6682.9462,5537.16,6329.25,9063.81,10868.16,22712.38,43871.34
2025-05-12,6746.5264,6752.6636,5601.37,6410.22,9121.81,10905.77,22723.16,44159.65
2025-05-13,6789.357,6763.2862,5610.0,6406.63,9189.65,10982.01,22957.89,44203.59
2025-05-14,6832.1845,6820.6164,5678.15,6451.25,9308.54,11043.99,23093.14,44659.62
2025-05-15,6799.6212,6746.729,5627.52,6376.45,9264.23,11005.76,22997.57,44442.51
2025-05-16,6764.6834,6733.4001,5601.47,6374.29,9189.89,10944.62,22855.92,44414.47
2025-05-19,6791.1122,6772.2976,5584.44,6383.5,9179.51,10980.04,22904.5,44422.35
2025-05-20,6831.4504,6817.6838,5615.6,6426.11,9217.6,11014.53,22986.11,44788.07
2025-05-21,6888.5787,6871.853,5643.36,6431.54,9259.14,11102.38,23130.14,44997.8
2025-05-22,6889.1278,6831.055,5639.93,6392.94,9292.04,11085.26,23235.86,44992.67
2025-05-23,6829.7714,6793.9144,5594.98,6333.89,9201.96,10980.66,23053.96,44712.66
2025-05-26,6799.0156,6806.1995,5563.42,6340.76,9171.27,10907.94,22966.21,44520.91
2025-05-27,6786.9178,6759.516,5533.66,6321.41,9169.28,10879.59,23010.51,44395.29
2025-05-28,6835.9121,6800.1114,5529.53,6309.1,9174.31,10917.32,23122.28,44571.77
2025-05-29,6848.0979,6831.5373,5562.33,6382.92,9186.99,10939.36,23097.72,44966.99
2025-05-30,6852.2084,6795.9859,5536.49,6330.09,9193.12,10956.06,23176.36,44848.15
2025-06-03,6835.6982,6782.4406,5553.47,6361.93,9229.88,10996.08,23417.63,44950.52
2025-06-04,6868.7338,6813.5758,5577.59,6406.14,9246.17,11036.39,23525.32,45192.61
2025-06-05,6827.7044,6805.0378,5591.12,6432.66,9233.8,10973.21,23348.85,45430.88
2025-06-06,6850.3668,6831.9588,5589.55,6429.0,9249.63,10981.29,23402.1,45418.63
2025-06-09,6872.5896,6884.0985,5606.2,6476.93,9266.48,11010.59,23413.48,45595.25
2025-06-10,6882.2829,6838.3381,5577.66,6432.49,9253.25,11010.91,23451.3,45568.75
2025-06-11,6916.2471,6884.8003,5621.83,6474.02,9322.62,11055.18,23494.66,45870.53
2025-06-12,6941.229,6887.9338,5625.02,6482.0,9335.86,11061.64,23582.79,45685.03
2025-06-13,6901.3538,6849.0847,5587.06,6410.85,9298.34,10994.17,23416.53,45214.3
2025-06-16,6903.4701,6814.9963,5601.24,6444.54,9354.94,11019.13,23549.41,45103.64
2025-06-17,6921.2227,6824.7489,5596.8,6437.32,9372.32,11018.05,23494.85,44763.5
2025-06-18,6923.3595,6807.9758,5604.74,6437.33,9375.9,11017.7,23632.36,44733.07
2025-06-19,6871.2063,6730.3292,5559.32,6360.21,9310.91,10952.08,23568.76,44476.2
2025-06-20,6917.4134,6754.751,5569.69,6341.26,9392.28,10987.24,23686.52,44522.81
2025-06-23,6928.5451,6764.4752,5586.72,6394.52,9459.48,11025.58,23828.9,44300.9
2025-06-24,6976.0512,6834.6988,5653.7,6493.49,9552.89,11060.89,23887.09,45036.34
2025-06-25,7008.7978,6873.1749,5739.45,6583.93,9685.97,11133.04,24071.92,45819.95
2025-06-26,7015.1684,6865.3943,5725.13,6565.19,9686.21,11141.27,24180.03,45420.87
2025-06-27,6980.1883,6893.6286,5693.88,6564.49,9551.2,11096.46,23813.16,45399.32
2025-06-30,6963.0144,6902.1879,5719.97,6622.11,9543.97,11090.51,23769.64,46058.61
2025-07-01,7009.4916,6930.4908,5729.84,6639.14,9606.86,11180.84,24015.5,46339.59
2025-07-02,7077.718,7000.2525,5731.18,6612.87,9663.25,11261.08,24069.18,46044.71
2025-07-03,7071.4685,7009.7953,5767.32,6652.98,9675.56,11267.01,24074.05,46410.96
2025-07-04,7114.1056,7034.0033,5788.3,6644.05,9774.16,11329.13,24302.14,46365.8
2025-07-07,7100.4906,7019.9061,5766.06,6641.56,9783.3,11386.58,24426.11,46203.64
2025-07-08,7127.1308,7059.146,5814.49,6712.24,9798.46,11380.98,24374.27,46493.92
2025-07-09,7114.9505,7010.82,5804.94,6699.43,9779.03,11422.38,24506.08,46538.0
2025-07-10,7175.6632,7062.4692,5835.13,6725.85,9871.3,11508.42,24637.83,46447.84
2025-07-11,7167.9829,7080.9841,5850.28,6756.97,9834.36,11444.11,24414.19,46916.81
2025-07-14,7209.686,7135.7781,5856.98,6768.09,9873.43,11512.01,24589.14,47088.41
2025-07-15,7178.0462,7124.9476,5859.99,6755.11,9808.19,11385.29,24362.01,47421.18
2025-07-16,7165.6983,7103.8974,5845.41,6758.92,9763.8,11344.88,24272.74,47396.24
2025-07-17,7164.0493,7113.627,5888.84,6823.71,9761.5,11342.19,24228.66,47780.78
2025-07-18,7204.1247,7147.7862,5930.93,6854.56,9821.48,11395.88,24350.29,47996.08
2025-07-21,7277.2482,7249.9733,5971.02,6917.02,9875.83,11538.93,24354.24,48185.51
2025-07-22,7358.4429,7340.3114,6020.61,6959.87,9924.47,11728.79,24401.37,48443.26
2025-07-23,7323.6686,7318.4384,6022.19,6940.37,9963.75,11690.25,24431.9,48619.54
2025-07-24,7325.0314,7359.5108,6065.46,7015.37,9968.05,11741.68,24241.26,48855.06
2025-07-25,7277.0103,7310.3872,6036.08,7006.33,9902.0,11672.83,24078.49,49153.36
2025-07-28,7235.8428,7277.8349,6050.25,7031.32,9924.2,11553.33,23995.71,49078.85
2025-07-29,7208.8682,7294.9221,6074.94,7063.5,9874.16,11549.03,23854.57,49318.37
2025-07-30,7259.966,7306.1886,6073.86,7035.54,9920.33,11579.49,23953.81,49558.01
2025-07-31,7113.1359,7150.8852,5964.36,6938.95,9765.12,11378.74,23667.0,48793.82
2025-08-01,7118.7767,7166.6361,5934.19,6928.8,9736.53,11378.49,23662.37,48825.9
2025-08-04,7153.2685,7211.7178,5957.38,6980.53,9772.06,11431.91,23805.49,49303.1
2025-08-05,7220.6994,7282.2887,6005.31,7034.73,9889.01,11556.36,24105.96,49699.15
2025-08-06,7230.3234,7299.8936,6019.99,7078.03,9894.11,11629.67,24138.66,49996.0
2025-08-07,7229.3809,7290.0091,6021.72,7076.82,9904.54,11649.33,24216.25,49703.52
2025-08-08,7266.2932,7333.8122,6009.78,7061.74,9906.21,11655.42,24257.01,49471.86
2025-08-11,7248.4789,7347.0671,6035.47,7131.23,9868.77,11605.78,24101.33,50042.87
2025-08-12,7284.1562,7395.0718,6066.67,7155.27,9900.56,11670.85,24186.2,50254.51
2025-08-13,7280.2233,7445.9577,6114.81,7227.91,9861.84,11610.69,24064.53,50860.81
2025-08-14,7240.409,7402.5961,6110.92,7167.33,9875.17,11499.49,24052.98,50684.08
2025-08-15,7280.1628,7516.4077,6154.1,7269.0,9876.08,11527.07,23987.23,51546.4
2025-08-18,7267.9662,7480.7197,6208.37,7369.17,9891.46,11504.94,24052.83,52059.34
2025-08-19,7263.6322,7459.2137,6185.28,7365.34,9845.23,11493.94,24067.12,51423.89
2025-08-20,7331.047,7588.0401,6256.68,7437.19,9936.41,11580.73,24261.25,52342.24
2025-08-21,7356.8336,7587.7643,6281.17,7427.5,9982.67,11642.85,24383.6,52609.71
2025-08-22,7350.1899,7627.9384,6414.12,7550.81,10070.72,11625.12,24316.62,53116.77
2025-08-25,7475.1431,7806.6534,6548.68,7687.9,10173.83,11710.41,24538.63,53808.0
2025-08-26,7515.6486,7787.4185,6524.31,7679.52,10117.17,11697.03,24479.24,53841.49
2025-08-27,7351.0117,7611.0828,6427.05,7544.65,9906.18,11486.08,24039.24,53384.79
2025-08-28,7374.9969,7683.2677,6540.84,7663.45,9965.97,11510.49,24084.89,53931.44
2025-08-29,7344.3365,7653.0312,6591.65,7692.25,9926.42,11503.57,23973.51,54647.82
2025-09-01,7321.3794,7718.4774,6631.78,7753.77,9852.77,11475.97,23941.26,54621.06
2025-09-02,7374.9188,7723.6835,6583.03,7638.93,9917.01,11512.16,24141.37,53849.71
2025-09-03,7320.9554,7673.909,6538.13,7547.18,9788.63,11415.15,23873.24,53258.48
2025-09-04,7271.1118,7521.0635,6400.17,7395.09,9781.84,11410.18,23935.65,51765.45
2025-09-05,7336.0652,7647.4739,6540.07,7584.23,9790.26,11445.41,23827.44,52875.91
2025-09-08,7367.1204,7661.9963,6550.87,7636.35,9778.9,11533.79,23856.63,53811.57
2025-09-09,7386.5529,7652.465,6504.96,7567.22,9802.54,11559.63,23956.77,53490.82
2025-09-10,7349.9767,7618.3505,6518.42,7582.85,9786.72,11503.05,23914.11,53380.34
2025-09-11,7405.4713,7697.7856,6669.26,7755.39,9878.0,11552.73,23996.86,54205.17
2025-09-12,7355.9455,7699.8012,6631.51,7742.23,9766.3,11494.04,23821.92,53914.99
2025-09-15,7325.6206,7703.8474,6647.73,7748.89,9719.97,11457.64,23638.18,53777.42
2025-09-16,7283.8215,7700.9443,6634.83,7785.71,9633.67,11458.41,23552.92,53926.69
2025-09-17,7324.2449,7787.4031,6676.25,7838.61,9649.8,11488.7,23636.22,54713.69
2025-09-18,7192.1347,7665.7439,6598.84,7753.86,9464.94,11284.48,23167.55,54252.39
2025-09-19,7221.2451,7678.4028,6604.49,7730.4,9488.48,11377.28,23315.69,54425.81
2025-09-22,7153.8689,7617.1556,6634.84,7769.66,9437.71,11305.11,23143.05,54052.1
2025-09-23,7160.4517,7596.3152,6630.7,7721.71,9477.25,11346.75,23308.95,53719.63
2025-09-24,7200.7943,7597.4504,6699.32,7829.29,9493.42,11375.76,23288.22,54621.06
2025-09-25,7152.1956,7609.4254,6739.93,7842.1,9446.7,11320.56,23097.26,55053.41
2025-09-26,7167.2368,7600.6586,6676.92,7748.34,9463.27,11354.81,23106.78,54053.76
2025-09-29,7208.6258,7680.1106,6779.71,7855.48,9524.18,11403.68,23103.06,54496.25
2025-09-30,7197.4587,7742.2338,6811.55,7903.55,9489.48,11376.91,22927.2,54998.83
2025-10-09,7309.9635,7961.6004,6912.51,8007.66,9573.0,11462.94,22980.36,55104.95
2025-10-10,7316.5898,7948.5796,6776.93,7877.16,9608.88,11581.0,23150.99,54432.76
2025-10-13,7268.3711,7898.0171,6743.87,7848.36,9595.13,11529.96,23292.91,53591.82
2025-10-14,7329.4297,7875.0275,6663.26,7723.82,9717.04,11659.07,23705.58,52951.66
2025-10-15,7388.8231,7954.6243,6763.28,7839.34,9797.04,11712.15,23828.56,53379.24
2025-10-16,7397.6407,7906.7755,6782.75,7805.49,9863.18,11757.64,23964.26,53296.06
2025-10-17,7311.6899,7762.7166,6631.03,7607.1,9757.18,11667.41,23881.1,51952.27
2025-10-20,7341.4211,7807.8524,6666.75,7667.68,9780.42,11754.93,23896.19,52333.35
2025-10-21,7388.6175,7877.5412,6769.11,7791.13,9821.06,11759.99,23980.89,52826.16
2025-10-22,7425.1033,7887.8389,6746.87,7759.25,9848.67,11771.55,24129.78,52678.1
2025-10-23,7499.0546,7958.3986,6767.21,7769.99,9925.59,11867.91,24258.42,52870.95
2025-10-24,7477.2929,7997.1565,6852.31,7867.0,9914.09,11806.38,24116.39,53301.64
2025-10-27,7517.2875,8083.7801,6934.01,7962.24,9974.91,11861.54,24129.77,53421.56
2025-10-28,7473.9875,8013.6056,6899.53,7935.96,9921.81,11799.23,24092.84,53133.62
2025-10-29,7522.3871,8108.7012,6981.96,8027.79,9926.97,11804.47,23899.92,53839.62
2025-10-30,7540.0069,8099.3289,6926.26,7944.07,9935.4,11756.03,23921.04,52677.68
2025-10-31,7565.3911,8045.983,6824.43,7900.7,9857.96,11750.01,23909.16,52660.41
2025-11-03,7634.0927,8126.9479,6843.6,7930.61,9945.79,11855.99,24227.46,52304.2
2025-11-04,7630.6537,8049.8388,6792.68,7848.88,10006.23,11899.87,24481.86,51520.37
2025-11-05,7660.9003,8077.9346,6805.38,7875.91,10014.33,11949.86,24489.24,51579.16
2025-11-06,7813.6121,8265.334,6902.66,7971.41,10094.61,11996.86,24494.83,51961.77
2025-11-07,7852.772,8293.4045,6881.46,7951.15,10104.35,12011.57,24498.2,51614.23
2025-11-10,7959.4705,8385.4703,6906.26,7982.76,10187.63,12103.68,24720.03,51864.78
2025-11-11,7937.4946,8343.362,6843.18,7941.03,10154.0,12078.72,24786.68,51408.08
2025-11-12,7977.1822,8362.0943,6834.4,7909.01,10190.99,12086.72,24974.03,51323.18
2025-11-13,8013.6068,8435.9439,6917.02,8011.9,10231.19,12119.24,24950.12,51677.95
2025-11-14,7918.4712,8351.2118,6808.31,7909.79,10163.78,12047.32,24866.34,50869.07
2025-11-17,7864.9497,8273.0617,6764.12,7899.2,10065.78,11988.34,24673.48,50434.41
2025-11-18,7763.6593,8121.3635,6721.39,7826.45,10004.16,11822.18,24493.08,50289.64
2025-11-19,7802.2808,8160.6631,6750.96,7804.54,10081.64,11840.74,24533.86,50177.33
2025-11-20,7786.6685,8098.5899,6717.62,7754.57,10093.28,11818.54,24647.36,49888.32
2025-11-21,7650.2787,7898.5623,6554.04,7511.8,9922.9,11610.37,24330.36,49070.96
2025-11-24,7612.7514,7882.2639,6546.06,7556.66,9871.28,11553.19,24181.8,49327.93
2025-11-25,7671.757,7949.0019,6608.54,7647.97,9962.27,11611.44,24333.83,49671.31
2025-11-26,7677.376,7955.3734,6648.68,7666.59,9932.22,11562.47,24184.62,49794.74
2025-11-27,7700.2634,7956.4675,6645.41,7666.54,9955.82,11581.72,24228.21,49580.26
2025-11-28,7707.0734,8003.9612,6662.16,7724.31,9930.32,11593.93,24193.82,49686.37
2025-12-01,7784.7913,8129.1135,6735.49,7797.62,10008.37,11690.06,24386.58,50186.67
2025-12-02,7776.8034,8115.4779,6702.89,7748.09,10003.06,11675.51,24364.51,49583.82
2025-12-03,7799.5467,8148.9801,6668.62,7694.47,9966.22,11652.59,24249.52,49408.6
2025-12-04,7781.7825,8156.4667,6691.47,7696.19,9964.72,11610.17,24137.53,49397.39
2025-12-05,7848.0147,8270.9498,6747.36,7783.87,10062.64,11620.64,24008.41,49674.9
2025-12-08,7800.4005,8244.1472,6802.13,7863.03,10089.32,11556.79,23952.31,49783.7
2025-12-09,7675.3862,8090.008,6767.6,7819.03,10001.63,11451.03,23787.2,49330.3
2025-12-10,7677.0196,8125.3002,6758.18,7827.85,9955.86,11460.93,23662.09,49602.97
2025-12-11,7644.7433,8060.9975,6700.71,7741.72,9933.89,11369.87,23558.49,49091.83
2025-12-12,7683.4893,8123.7298,6743.99,7800.03,9979.0,11354.27,23567.11,49434.09
2025-12-15,7692.3545,8103.7763,6703.6,7752.29,10037.96,11421.49,23643.22,49023.78
2025-12-16,7625.5061,8009.4484,6623.39,7640.0,9974.27,11332.08,23537.64,48590.81
2025-12-17,7686.5579,8103.4299,6745.78,7759.29,10065.99,11364.87,23561.74,49393.11
2025-12-18,7725.4172,8103.2546,6707.32,7729.55,10131.41,11457.02,23793.11,49245.39
2025-12-19,7741.6097,8175.1577,6734.07,7791.14,10125.82,11477.2,23758.25,49338.87
2025-12-22,7742.7264,8194.5787,6798.12,7869.38,10106.35,11424.62,23617.05,49774.06
2025-12-23,7759.5791,8180.7285,6811.77,7864.02,10142.18,11426.52,23661.09,49887.9
2025-12-24,7751.0697,8211.6134,6831.51,7934.5,10122.38,11453.94,23684.06,50041.5
2025-12-25,7746.3403,8207.7569,6845.16,7982.23,10145.53,11486.25,23719.93,50334.27
2025-12-26,7806.324,8281.6157,6866.84,8008.84,10164.65,11543.41,23678.98,50139.91
2025-12-29,7797.3532,8252.8583,6840.53,7985.71,10169.83,11518.27,23685.55,49779.37
2025-12-30,7839.1793,8294.9085,6858.09,7996.31,10162.71,11512.98,23657.76,49888.21
2025-12-31,7824.8935,8306.712,6826.62,7983.08,10163.22,11522.96,23660.95,49756.56
2026-01-05,7863.6326,8368.7091,6956.12,8140.73,10265.63,11567.21,23650.81,51142.46
2026-01-06,7993.9246,8513.9459,7063.68,8269.81,10462.05,11705.23,23678.54,52136.07
2026-01-07,7970.6385,8467.7981,7043.03,8284.53,10392.08,11710.77,23558.84,51992.79
2026-01-08,7913.9353,8454.3037,6985.57,8288.67,10266.97,11672.42,23412.79,51792.17
2026-01-09,7967.8,8515.985,7017.31,8386.28,10265.08,11712.44,23425.43,52404.6
2026-01-12,7975.0881,8556.4414,7063.39,8532.1,10253.96,11753.44,23469.68,53010.09
2026-01-13,7982.1182,8610.3049,7020.88,8432.08,10296.99,11713.23,23529.13,52888.52
2026-01-14,7942.174,8587.6949,6994.02,8458.41,10183.93,11634.13,23295.33,53206.83
2026-01-15,7978.6022,8594.9589,7008.2,8444.26,10159.59,11611.91,23241.76,53458.8
2026-01-16,7926.3486,8552.2327,6983.07,8428.93,10059.38,11513.77,23050.49,53713.49
2026-01-19,8032.4886,8684.7762,6986.89,8463.38,10088.39,11609.14,23090.38,53494.1
2026-01-20,8111.0726,8753.3638,6963.9,8413.66,10183.67,11762.03,23430.68,53322.13
2026-01-21,8108.2538,8794.8879,6970.08,8460.5,10066.42,11690.14,23239.36,54146.01
2026-01-22,8142.4113,8895.9936,6971.03,8498.01,10031.58,11775.25,23281.68,54181.14
2026-01-23,8148.0666,8942.3935,6941.39,8578.24,9961.21,11770.14,23220.56,54701.14
2026-01-26,8243.4306,9022.0733,6947.98,8521.59,10058.6,11846.94,23341.93,54087.57
2026-01-27,8177.6022,8959.4837,6946.1,8533.69,10016.66,11745.91,23214.71,54438.71
2026-01-28,8305.2683,9165.7804,6964.26,8544.11,10037.86,11929.22,23268.22,54624.66
2026-01-29,8432.4325,9263.6904,7017.31,8528.35,10212.42,12076.72,23604.81,54746.5
2026-01-30,8313.4341,9077.9975,6947.51,8446.84,10106.64,11955.83,23587.79,54283.87
2026-02-02,8033.1758,8686.1549,6799.36,8216.2,9947.15,11582.19,23287.6,52686.71
2026-02-03,8146.2322,8856.5161,6879.27,8390.09,9967.19,11670.15,23245.48,53809.48
2026-02-04,8305.5489,8998.3409,6936.26,8428.36,10151.44,11983.09,23597.22,54116.58
2026-02-05,8247.0733,8873.9714,6895.07,8335.18,10167.44,11932.84,23864.07,53739.29
2026-02-06,8246.5835,8853.3781,6858.16,8317.1,10128.12,11904.0,23785.92,53514.39
2026-02-09,8347.5471,8983.6615,6970.39,8476.23,10213.64,11984.85,23906.11,54605.12
2026-02-10,8374.5964,8987.8307,6978.22,8481.85,10211.96,12028.81,23965.78,54727.37
2026-02-11,8425.8202,9052.1067,6962.88,8467.88,10218.27,12116.3,24031.33,54619.36
2026-02-12,8476.5323,9087.2875,6972.31,8505.18,10161.52,12077.48,23808.98,54621.1
2026-02-13,8308.2911,8914.5016,6884.89,8407.51,10026.68,11902.31,23556.55,53902.14
2026-02-24,8532.1748,9206.1722,6954.53,8498.96,10110.18,12083.29,23708.59,53990.39
2026-02-25,8577.8293,9268.5987,6996.4,8587.07,10119.57,12148.72,23672.42,54225.92
2026-02-26,8591.348,9295.1447,6983.09,8604.84,10062.56,12113.75,23625.73,54419.56
2026-02-27,8581.7031,9338.5984,6959.11,8638.26,10090.98,12235.11,23698.63,54561.38
2026-03-02,8719.1074,9512.6034,6985.74,8607.52,10174.54,12400.03,23930.94,54077.09
2026-03-03,8762.5799,9456.6276,6878.23,8354.25,10214.8,12498.39,24148.25,52697.2
2026-03-04,8689.704,9378.3991,6799.53,8293.63,10099.05,12296.93,23844.46,52132.83
2026-03-05,8730.5492,9466.2668,6866.11,8382.23,10184.9,12283.01,23905.56,52413.69
2026-03-06,8744.649,9498.4111,6884.95,8441.05,10203.22,12306.07,24028.0,52909.76
2026-03-09,8710.1721,9525.6917,6818.49,8369.56,10120.92,12314.48,24039.74,52323.79
2026-03-10,8681.6743,9499.521,6906.1,8500.29,10125.16,12222.04,23970.42,53365.08
2026-03-11,8764.7253,9586.0825,6950.03,8523.0,10225.81,12399.88,24231.98,53439.25
2026-03-12,8822.7533,9624.2785,6925.01,8477.98,10277.58,12549.71,24363.53,52941.79
2026-03-13,8770.5194,9534.4617,6897.8,8398.3,10245.65,12503.36,24413.41,52820.82
2026-03-16,8689.0906,9387.2539,6901.38,8393.45,10169.64,12414.97,24407.56,52974.93
2026-03-17,8652.1316,9296.4841,6850.97,8262.64,10188.35,12322.82,24463.81,52817.17
2026-03-18,8632.1491,9251.0709,6881.84,8329.13,10169.79,12249.16,24374.85,53190.48
2026-03-19,8567.2802,9094.8052,6770.92,8153.3,10077.9,12177.32,24278.64,52069.54
2026-03-20,8503.2742,9005.7426,6746.93,8054.35,9996.6,12121.58,24200.71,52164.17
2026-03-23,8273.7095,8731.1887,6526.78,7726.99,9693.98,11813.9,23366.13,49930.36
2026-03-24,8369.1923,8887.3353,6610.59,7889.42,9820.86,11995.89,23838.16,51067.6
2026-03-25,8414.2401,8997.0173,6703.28,8031.01,9885.25,12025.27,24009.4,52108.51
2026-03-26,8388.3414,8928.9835,6614.74,7913.95,9811.22,12030.64,23994.48,51322.23
2026-03-27,8388.0982,8962.5697,6651.72,7995.41,9810.35,12059.75,23907.19,52052.17
2026-03-30,8403.2534,9002.8055,6636.04,7999.46,9812.81,12171.18,24138.25,52167.2
2026-03-31,8386.9898,8922.2541,6574.14,7887.59,9804.79,12029.08,24217.55,51094.4
2026-04-01,8439.4276,8985.6945,6686.44,8028.42,9885.91,12036.23,24235.59,52394.72
2026-04-02,8444.8399,8940.0089,6616.78,7912.12,9880.99,12064.34,24340.45,51707.34
2026-04-03,8352.0059,8836.2765,6560.45,7819.03,9779.99,11864.39,23998.61,51180.36
2026-04-07,8365.3733,8859.825,6560.3,7861.29,9748.03,11924.35,23868.55,50887.54
2026-04-08,8434.8492,9031.7082,6789.2,8181.28,9911.89,12020.25,24097.43,52858.49
2026-04-09,8396.3301,9020.952,6745.86,8127.69,9834.68,11929.3,23918.86,52868.83
2026-04-10,8414.116,9068.4716,6850.09,8222.39,9873.98,11954.91,23900.46,53591.07
2026-04-13,8378.9166,9033.3314,6864.25,8241.0,9858.2,11945.58,23822.97,53118.43
2026-04-14,8377.4982,9016.6055,6945.7,8345.76,9927.19,11971.09,23926.42,53213.59
2026-04-15,8396.1115,8974.2488,6922.33,8308.85,9952.58,12013.84,24072.8,52994.58
2026-04-16,8418.3769,9047.5435,6998.22,8424.32,9959.96,12043.07,24069.1,53748.26
2026-04-17,8361.6021,8982.6125,6986.81,8444.29,9899.09,11963.46,24013.99,53621.97
2026-04-20,8352.9016,8938.1909,7029.32,8506.54,9935.2,11978.57,24104.1,53807.04
2026-04-21,8416.0498,8941.0852,7045.26,8503.71,9961.2,12084.28,24235.42,54098.38
2026-04-22,8399.5004,8943.22,7096.98,8586.37,9928.08,12083.3,24135.44,54202.09
2026-04-23,8442.7478,8939.1692,7077.31,8513.46,9942.69,12144.11,24283.06,53415.82
2026-04-24,8433.5372,8901.5053,7052.45,8470.52,9905.81,12133.64,24247.26,53419.8
2026-04-27,8393.4322,8882.1712,7054.79,8504.71,9866.85,12107.45,24003.43,54482.83
2026-04-28,8480.7717,8925.0524,7036.24,8437.84,9929.64,12244.0,24087.32,54551.13
2026-04-29,8555.8087,9075.7978,7113.72,8548.48,9997.38,12364.05,24159.93,55279.16
2026-04-30,8507.2845,9011.7777,7109.91,8568.02,9939.88,12328.65,23959.91,55284.04
2026-05-06,8486.0287,9052.9476,7213.12,8734.67,9952.81,12363.89,23841.43,55732.34
2026-05-07,8394.3425,8977.5119,7247.75,8826.17,9909.07,12164.95,23759.49,56185.9
2026-05-08,8365.0642,8947.2764,7205.74,8825.18,9880.25,12123.91,23746.94,55912.84
2026-05-11,8396.8429,8998.3128,7324.27,8962.49,9927.54,12177.15,23746.49,56618.81
2026-05-12,8355.8299,8919.3634,7318.93,8925.31,9895.52,12158.76,23730.98,56011.36
2026-05-13,8363.5622,8975.1379,7396.38,9036.7,9880.04,12110.01,23748.44,56316.21
2026-05-14,8337.4852,8854.1613,7272.54,8856.19,9817.32,12001.03,23698.32,54955.05
2026-05-15,8334.4353,8748.7669,7191.91,8760.23,9742.55,11971.67,23538.15,54895.39
2026-05-18,8285.2272,8623.1973,7153.47,8755.04,9672.26,11916.51,23396.75,54350.22
2026-05-19,8293.6916,8639.3713,7182.62,8821.66,9707.15,11933.71,23550.81,54786.09
2026-05-20,8252.2508,8601.3125,7180.41,8821.45,9624.46,11896.07,23469.49,55010.0
2026-05-21,8142.2421,8427.6945,7080.48,8610.47,9574.95,11715.36,23344.84,53630.74
2026-05-22,8128.9015,8464.5116,7172.75,8761.52,9566.08,11695.25,23278.95,54528.98
2026-05-25,8115.6224,8411.5425,7286.12,8870.74,9586.49,11756.21,23244.58,54442.68
2026-05-26,8156.9799,8470.5262,7325.64,8834.7,9651.74,11766.83,23308.16,54158.73
2026-05-27,8113.4088,8352.4286,7269.07,8716.65,9577.83,11666.68,23153.76,53377.41
2026-05-28,8067.9959,8313.2912,7278.67,8767.7,9498.23,11646.8,23046.7,53122.41
2026-05-29,8208.0774,8353.4312,7247.7,8619.07,9609.75,11797.2,23517.1,52038.25
2026-06-01,8273.3441,8394.0416,7177.02,8555.17,9714.06,12111.54,23856.93,51973.56
2026-06-02,8270.7609,8388.7942,7281.35,8619.78,9736.64,12074.41,23818.93,51841.54
2026-06-03,8253.2366,8358.3786,7317.46,8657.57,9717.55,12070.01,23621.24,51774.27
2026-06-04,8178.211,8224.5624,7267.64,8621.37,9643.16,12017.23,23325.75,51574.48
2026-06-05,8144.872,8175.2014,7140.2,8520.57,9670.77,12026.09,23395.1,51491.61
2026-06-08,8115.3171,8019.8915,6987.79,8287.19,9640.76,11922.75,23472.92,50721.11
2026-06-09,8077.394,8006.6964,7118.71,8471.51,9649.28,11915.02,23480.27,51874.54
2026-06-10,8083.0858,7916.9556,7046.93,8366.23,9694.12,11842.74,23628.55,51740.98
2026-06-11,8104.0622,7919.9079,7009.13,8323.05,9667.93,11801.99,23432.45,51479.82
2026-06-12,8142.6129,8031.1724,7094.65,8401.33,9787.93,11982.76,23664.67,52125.38
2026-06-15,8104.5381,8007.0097,7265.64,8652.1,9746.15,11863.66,23431.19,52492.04
2026-06-16,7977.3589,7848.3831,7254.73,8708.53,9622.38,11660.07,23081.02,51879.02
2026-06-17,7919.8146,7819.9658,7325.56,8785.43,9622.65,11551.09,22966.71,51783.45
2026-06-18,7749.2135,7723.0235,7341.66,8817.69,9358.28,11316.87,22409.93,51555.47
2026-06-22,7861.9563,7802.9219,7517.35,8987.32,9607.87,11437.51,22451.03,52730.19
2026-06-23,7763.8186,7619.8411,7309.07,8797.01,9533.0,11372.29,22570.31,51908.51
2026-06-24,7660.4831,7528.3683,7344.52,8862.57,9385.17,11209.8,22130.61,52066.75
2026-06-25,7602.4091,7458.7283,7459.49,8937.93,9389.27,11074.27,21871.42,52333.65
2026-06-26,7473.9313,7281.3701,7244.11,8693.45,9260.91,10863.39,21758.96,51054.5
2026-06-29,7585.5397,7332.0082,7336.65,8754.16,9366.51,10943.04,21903.1,52228.54
2026-06-30,7428.3397,7271.9543,7415.78,8902.26,9253.74,10737.09,21476.52,52337.28
2026-07-01,7530.0373,7382.4163,7385.59,8918.35,9427.95,10920.41,21700.15,53038.32
2026-07-02,7609.8418,7379.17,7167.86,8665.02,9438.27,11024.15,21875.44,52540.19
2026-07-03,7673.3452,7499.9584,7213.45,8704.17,9459.37,11141.63,21943.08,53140.39
2026-07-06,7795.2748,7613.8934,7213.96,8632.31,9586.05,11372.2,22398.65,53188.01
2026-07-07,7676.3694,7497.0266,7139.92,8490.19,9476.98,11213.46,22265.94,52283.89
2026-07-08,7702.5192,7448.0612,7085.31,8370.03,9476.69,11276.44,22501.92,51796.18
2026-07-09,7616.2563,7399.4286,7266.38,8571.46,9484.59,11138.61,22268.54,52084.65
2026-07-10,7674.5623,7472.5233,7132.35,8455.39,9475.35,11129.62,22344.3,52158.52
2026-07-13,7710.3671,7431.8255,7007.52,8166.55,9492.2,11173.97,22726.92,51115.45
2026-07-14,7844.1681,7608.6853,7158.68,8326.96,9596.44,11409.1,22925.53,52103.24
2026-07-15,7972.5307,7721.7438,7144.6,8268.34,9706.48,11568.99,23217.77,53035.3
2026-07-16,7920.7119,7657.8095,7018.51,8109.71,9600.0,11455.85,23018.43,52674.72
2026-07-17,7909.2972,7591.7785,6770.28,7725.17,9609.28,11385.01,23075.67,50516.66
2026-07-20,8135.2992,7863.997,6874.72,7680.73,9878.39,11748.64,23694.15,52196.64
2026-07-21,8086.148,7842.3523,7085.43,7946.71,9809.76,11621.15,23382.63,52750.3
2026-07-22,8148.4801,7899.3951,7052.97,7889.03,9903.66,11760.66,23520.29,52771.53
2026-07-23,8226.8722,8013.0542,7069.24,7923.79,9995.1,11875.2,23624.67,52999.82
2026-07-24,8125.3093,7862.8333,6952.09,7748.76,9896.7,11666.9,23414.06,51567.13
2026-07-27,8138.6126,7902.5898,7031.82,7913.13,9898.85,11731.04,23508.62,52376.56
2026-07-28,8212.1439,7905.0979,6833.9,7697.01,9940.58,11744.58,23703.67,51755.1
2026-07-29,8332.3077,8024.9473,6880.4,7756.82,10009.73,11919.96,23922.34,52894.29
2026-07-30,8472.9323,8120.1453,6806.04,7606.4,10159.93,12059.12,24318.95,53053.43
2026-07-31,8417.4925,8113.8214,6866.0,7744.01,10079.08,12041.68,24227.62,53675.92
2026-08-03,8402.4153,8103.5495,6799.37,7705.4,10076.59,12000.51,24271.39,53238.37
2026-08-04,8267.6457,8011.3389,6885.8,7860.48,9901.29,11806.28,23746.58,53633.45
2026-08-05,8236.8481,8001.0083,6971.44,8018.01,9892.62,11781.7,23456.24,54283.13
2026-08-06,8245.1263,7989.0807,6961.2,8037.87,9888.26,11923.77,23489.08,54084.99
2026-08-07,8195.6386,7983.7206,7027.38,8150.96,9864.4,11908.81,23344.97,54850.95
2026-08-10,8294.1595,8118.0887,7039.72,8194.2,9940.05,12031.86,23450.39,55578.02
2026-08-11,8262.1874,8119.2179,6983.35,8136.16,9895.05,11967.12,23457.39,55175.2
2026-08-12,8237.5195,8114.4686,7023.97,8214.54,9866.26,11928.98,23353.63,55221.23
2026-08-13,8176.5152,8030.7881,6984.85,8146.04,9847.19,11825.08,23322.15,54609.6
2026-08-14,8142.1569,8018.871,6988.12,8170.61,9779.63,11855.31,23235.83,54533.57
2026-08-17,8156.5834,8090.7357,7100.77,8336.55,9817.3,11902.2,23304.91,55073.01
2026-08-18,8195.4621,8122.1248,7077.88,8315.86,9861.77,11977.44,23386.59,55158.61
2026-08-19,8247.0289,8053.0758,6873.44,7973.95,9909.4,12017.48,23664.67,53857.77
2026-08-20,8258.5725,8090.1503,6879.65,8023.23,9910.39,12086.21,23803.54,54568.96
2026-08-21,8210.3866,8073.4826,6922.19,8051.98,9919.38,12077.73,23696.52,54158.97
2026-08-24,8283.5216,8079.6772,6838.79,7938.04,9994.81,12238.05,23951.9,53790.43
2026-08-25,8287.5666,8091.5246,6822.16,7957.71,9982.53,12163.93,23923.23,54026.24
2026-08-26,8331.7574,8119.3798,6880.36,8004.94,10064.66,12250.09,24009.1,54054.77
2026-08-27,8321.761,8125.75,6941.92,8131.2,10051.13,12293.61,23870.95,54872.05
2026-08-28,8318.4733,8178.4837,6911.23,8099.16,10051.87,12327.11,23905.28,54762.7
2026-08-31,8330.4953,8190.1759,6935.2,8146.12,10127.81,12385.39,24079.02,54738.02
2026-09-01,8390.9547,8191.5318,6914.98,8105.12,10221.2,12386.75,24370.84,54470.34
2026-09-02,8304.5831,8052.0995,6819.79,7998.36,10129.77,12203.78,24215.41,53684.81
2026-09-03,8337.1466,8067.974,6826.8,8007.15,10166.73,12208.59,24192.28,54045.64
2026-09-04,8387.7305,8118.568,6820.68,7957.04,10216.36,12239.09,24301.44,54196.23
2026-09-07,8312.0677,8085.6392,6861.13,8043.04,10079.33,12091.59,24075.64,53893.87
2026-09-08,8343.7786,8146.0212,6836.94,8045.49,10079.19,12250.47,24311.04,53735.1
2026-09-09,8397.8779,8207.8753,6857.95,8051.59,10144.56,12387.45,24385.4,53784.48
2026-09-10,8372.6766,8167.3051,6825.04,7989.19,10182.15,12304.81,24465.64,53280.37
2026-09-11,8285.9462,8076.363,6768.2,7876.51,10083.63,12094.98,24232.45,52488.57
2026-09-14,8281.0818,8075.0818,6723.07,7866.78,10093.1,12070.01,24323.71,52578.2
2026-09-15,8185.3722,8012.6143,6679.02,7815.3,10011.33,11998.63,24117.23,52301.43
2026-09-16,8155.4735,7966.4736,6725.86,7917.12,9954.96,11938.61,23941.81,52581.26
2026-09-17,8100.5634,7947.7346,6696.29,7891.41,9941.88,11873.87,23851.17,52067.81
2026-09-18,8122.7067,7980.3143,6767.66,8006.38,9965.99,11855.34,23828.2,52523.92
2026-09-21,8089.6781,8041.806,6816.28,8088.49,10013.65,11998.54,23878.54,52784.3
2026-09-22,8103.1064,8019.1514,6824.15,8091.02,10021.36,11999.81,23886.32,52911.72
2026-09-23,8049.1214,7928.249,6783.16,8056.11,9956.68,11904.44,23776.77,52860.45
2026-09-24,8026.4445,7885.5809,6667.96,7907.95,9920.39,11877.17,23818.21,51917.05
2026-09-28,8000.7795,7868.0004,6520.9,7692.66,9878.76,11813.5,23768.84,51212.1
2026-09-29,8025.239,7882.5536,6527.85,7720.31,9875.29,11792.12,23753.08,51366.79
2026-09-30,8126.3092,7949.1391,6547.69,7718.53,9973.55,11935.19,24109.21,51924.54
