name,years,start,end,cumulative,annualized,excess_cumulative_vs_300
价值100,1.0,2012-12-31,2013-12-31,0.02045359999999996,0.02045359999999996,0.07376478983816626
价值100,1.0,2013-01-31,2014-01-30,-0.06920314763471425,-0.06920314763471425,0.09053004587149627
价值100,1.0,2013-02-28,2014-02-28,-0.08190137251781404,-0.08190137251781404,0.08252948979542207
价值100,1.0,2013-03-29,2014-03-31,0.016493408676829135,0.016493408676829135,0.13462679773864739
价值100,1.0,2013-04-26,2014-04-30,0.04969793951334833,0.04969793951334833,0.14500312313175379
价值100,1.0,2013-05-31,2014-05-30,0.007174580223973548,0.007174580223973548,0.15816381278113623
价值100,1.0,2013-06-28,2014-06-30,0.1932679025302655,0.1932679025302655,0.18545082060675488
价值100,1.0,2013-07-31,2014-07-31,0.2943217370203197,0.2943217370203197,0.19232729323312014
价值100,1.0,2013-08-30,2014-08-29,0.2147405101602382,0.2147405101602382,0.1757887481026832
价值100,1.0,2013-09-30,2014-09-30,0.23447404335501587,0.23447404335501587,0.18907035622735946
价值100,1.0,2013-10-31,2014-10-31,0.2393663961395438,0.2393663961395438,0.15361204130871764
价值100,1.0,2013-11-29,2014-11-28,0.3082998450236205,0.3082998450236205,0.1249085123562732
价值100,1.0,2013-12-31,2014-12-31,0.6400675150736888,0.6400675150736888,0.08158049027238645
价值100,1.0,2014-01-30,2015-01-30,0.7399355380271642,0.7399355380271642,0.13717116608906466
价值100,1.0,2014-02-28,2015-02-27,0.8104317008910624,0.8104317008910624,0.12517787663287638
价值100,1.0,2014-03-31,2015-03-31,0.9520383322252175,0.9520383322252175,0.012267825427728862
价值100,1.0,2014-04-30,2015-04-30,1.276104814381847,1.276104814381847,0.01469789959808887
价值100,1.0,2014-05-30,2015-05-29,1.22575185314192,1.22575185314192,-0.07852122121221239
价值100,1.0,2014-06-30,2015-06-30,1.2517546117479377,1.2517546117479377,0.14196382426080767
价值100,1.0,2014-07-31,2015-07-31,0.6890119255940359,0.6890119255940359,0.039417096380278016
价值100,1.0,2014-08-29,2015-08-31,0.48251221098222086,0.48251221098222086,0.0209085688750017
价值100,1.0,2014-09-30,2015-09-30,0.3317842884673403,0.3317842884673403,0.0049813667932960826
价值100,1.0,2014-10-31,2015-10-30,0.4229050607614817,0.4229050607614817,-0.007800985772695279
价值100,1.0,2014-11-28,2015-11-30,0.3112769806592779,0.3112769806592779,0.022000057011489993
价值100,1.0,2014-12-31,2015-12-31,0.15721957910455742,0.15721957910455742,0.08505615088704
价值100,1.0,2015-01-30,2016-01-29,-0.077310378383322,-0.077310378383322,0.051775543216536435
价值100,1.0,2015-02-27,2016-02-29,-0.10784138920068709,-0.10784138920068709,0.07427438799383035
价值100,1.0,2015-03-31,2016-03-31,-0.09895216635827431,-0.09895216635827431,0.09435306133385524
价值100,1.0,2015-04-30,2016-04-29,-0.2448237850903343,-0.2448237850903343,0.08034462780987472
价值100,1.0,2015-05-29,2016-05-31,-0.22871212088232984,-0.22871212088232984,0.10617550318209867
价值100,1.0,2015-06-30,2016-06-30,-0.23868988557451576,-0.23868988557451576,0.043216830908169857
价值100,1.0,2015-07-31,2016-07-29,-0.03358679807840437,-0.03358679807840437,0.10906484797980809
价值100,1.0,2015-08-31,2016-08-31,0.12064857573291432,0.12064857573291432,0.10970728947703101
价值100,1.0,2015-09-30,2016-09-30,0.18942087907946803,0.18942087907946803,0.15034560796455798
价值100,1.0,2015-10-30,2016-10-31,0.13669090161942554,0.13669090161942554,0.17108477316884407
价值100,1.0,2015-11-30,2016-11-30,0.25605044243862984,0.25605044243862984,0.24131235822169095
价值100,1.0,2015-12-31,2016-12-30,0.06353602385454926,0.06353602385454926,0.15612411675668647
价值100,1.0,2016-01-29,2017-01-26,0.3629163736104901,0.3629163736104901,0.18673625128011673
价值100,1.0,2016-02-29,2017-02-28,0.411041178619447,0.411041178619447,0.18408949636784744
价值100,1.0,2016-03-31,2017-03-31,0.31042825268361396,0.31042825268361396,0.21203619355219971
价值100,1.0,2016-04-29,2017-04-28,0.3458441234501959,0.3458441234501959,0.23188971604018205
价值100,1.0,2016-05-31,2017-05-31,0.3957118934610395,0.3957118934610395,0.26884220659996116
价值100,1.0,2016-06-30,2017-06-30,0.4901089473853484,0.4901089473853484,0.30202388443694006
价值100,1.0,2016-07-29,2017-07-31,0.4401610924443162,0.4401610924443162,0.2500437496321195
价值100,1.0,2016-08-31,2017-08-31,0.41569650964451843,0.41569650964451843,0.24381082007954613
价值100,1.0,2016-09-30,2017-09-29,0.4451970564797185,0.4451970564797185,0.2418958475102604
价值100,1.0,2016-10-31,2017-10-31,0.44758930736265445,0.44758930736265445,0.22210459142436711
价值100,1.0,2016-11-30,2017-11-30,0.3134083462107402,0.3134083462107402,0.1580331559447934
价值100,1.0,2016-12-30,2017-12-29,0.4579076770977779,0.4579076770977779,0.21539593662846213
价值100,1.0,2017-01-26,2018-01-31,0.5652750028768192,0.5652750028768192,0.277319665941679
价值100,1.0,2017-02-28,2018-02-28,0.4230637091258216,0.4230637091258216,0.23384879686636362
价值100,1.0,2017-03-31,2018-03-30,0.30900759824345303,0.30900759824345303,0.15813256951928945
价值100,1.0,2017-04-28,2018-04-27,0.26660165960753757,0.26660165960753757,0.15234954684250046
价值100,1.0,2017-05-31,2018-05-31,0.24037777820325879,0.24037777820325879,0.12964916857759046
价值100,1.0,2017-06-30,2018-06-29,0.10456962461682373,0.10456962461682373,0.12623311478550592
价值100,1.0,2017-07-31,2018-07-31,0.09047496304795932,0.09047496304795932,0.12904968438799058
价值100,1.0,2017-08-31,2018-08-31,0.018909741411167413,0.018909741411167413,0.12738474693783164
价值100,1.0,2017-09-29,2018-09-28,0.03526931420269808,0.03526931420269808,0.11921808528549116
价值100,1.0,2017-10-31,2018-10-31,-0.0949565837613836,-0.0949565837613836,0.1004449392463419
价值100,1.0,2017-11-30,2018-11-30,-0.12296159885736369,-0.12296159885736369,0.06742769803521664
价值100,1.0,2017-12-29,2018-12-28,-0.1608293391392921,-0.1608293391392921,0.0755446107480725
价值100,1.0,2018-01-31,2019-01-31,-0.1935299883491166,-0.1935299883491166,0.041064338998311745
价值100,1.0,2018-02-28,2019-02-28,-0.054711595635692056,-0.054711595635692056,0.012824902461254561
价值100,1.0,2018-03-30,2019-03-29,0.03769842206914609,0.03769842206914609,0.022031813551504964
价值100,1.0,2018-04-27,2019-04-30,0.05733834362485801,0.05733834362485801,-0.008183304294961502
价值100,1.0,2018-05-31,2019-05-31,-0.02511244014960412,-0.02511244014960412,-0.0029958692712603874
价值100,1.0,2018-06-29,2019-06-28,0.042113919807803324,0.042113919807803324,-0.07297889809901603
价值100,1.0,2018-07-31,2019-07-31,0.030777935637264164,0.030777935637264164,-0.08482197926355628
价值100,1.0,2018-08-31,2019-08-30,0.04134164656393824,0.04134164656393824,-0.12456106467535477
价值100,1.0,2018-09-28,2019-09-30,0.020391464911333923,0.020391464911333923,-0.1144362748921639
价值100,1.0,2018-10-31,2019-10-31,0.11285252543741642,0.11285252543741642,-0.14781366839077026
价值100,1.0,2018-11-30,2019-11-29,0.15803569133460815,0.15803569133460815,-0.07638802797143951
价值100,1.0,2018-12-28,2019-12-31,0.29644535179321685,0.29644535179321685,-0.09542239796649521
价值100,1.0,2019-01-31,2020-01-23,0.13571169945513795,0.13571169945513795,-0.14351527385846663
价值100,1.0,2019-02-28,2020-02-28,0.021996506478854982,0.021996506478854982,-0.0760796648203026
价值100,1.0,2019-03-29,2020-03-31,-0.08061003078791462,-0.08061003078791462,-0.054027131501220294
价值100,1.0,2019-04-30,2020-04-30,-0.0529760585569784,-0.0529760585569784,-0.07506925315719293
价值100,1.0,2019-05-31,2020-05-29,-0.019874413664376367,-0.019874413664376367,-0.10798752831758562
价值100,1.0,2019-06-28,2020-06-30,-0.022374152810505477,-0.022374152810505477,-0.13530736152369194
价值100,1.0,2019-07-31,2020-07-31,0.10913689331549126,0.10913689331549126,-0.14144854355780412
价值100,1.0,2019-08-30,2020-08-31,0.1979821880538779,0.1979821880538779,-0.09594609945683374
价值100,1.0,2019-09-30,2020-09-30,0.13359150384039764,0.13359150384039764,-0.09375342940224085
价值100,1.0,2019-10-31,2020-10-30,0.145114269858591,0.145114269858591,-0.08783868301362108
价值100,1.0,2019-11-29,2020-11-30,0.2364258523342302,0.2364258523342302,-0.08645179484981691
价值100,1.0,2019-12-31,2020-12-31,0.055071697578886525,0.055071697578886525,-0.24384580581168658
价值100,1.0,2020-01-23,2021-01-29,0.08391119756738075,0.08391119756738075,-0.28094999101456053
价值100,1.0,2020-02-28,2021-02-26,0.1868087220645991,0.1868087220645991,-0.19623055621271757
价值100,1.0,2020-03-31,2021-03-31,0.2968416050942928,0.2968416050942928,-0.10161544288858115
价值100,1.0,2020-04-30,2021-04-30,0.23751356004018254,0.23751356004018254,-0.10062347047801201
价值100,1.0,2020-05-29,2021-05-31,0.27923783860436435,0.27923783860436435,-0.12700704838935994
价值100,1.0,2020-06-30,2021-06-30,0.23108518582263193,0.23108518582263193,-0.046142960993077464
价值100,1.0,2020-07-31,2021-07-30,0.052518466694008614,0.052518466694008614,0.010063726116872118
价值100,1.0,2020-08-31,2021-08-31,0.18423745008552217,0.18423745008552217,0.16833844538906817
价值100,1.0,2020-09-30,2021-09-30,0.25806654492846715,0.25806654492846715,0.17847904103557277
价值100,1.0,2020-10-30,2021-10-29,0.14266153096013867,0.14266153096013867,0.07810303693792853
价值100,1.0,2020-11-30,2021-11-30,0.014186991113593228,0.014186991113593228,0.022677171779438732
价值100,1.0,2020-12-31,2021-12-31,0.17989761837125173,0.17989761837125173,0.2150649651657658
价值100,1.0,2021-01-29,2022-01-28,0.20488263041275778,0.20488263041275778,0.3370264452367605
价值100,1.0,2021-02-26,2022-02-28,0.16866140639268412,0.16866140639268412,0.29492329184368415
价值100,1.0,2021-03-31,2022-03-31,0.15225263553437096,0.15225263553437096,0.3009931916050883
价值100,1.0,2021-04-30,2022-04-29,0.1373496585643117,0.1373496585643117,0.3397423861091099
价值100,1.0,2021-05-31,2022-05-31,0.14699440593558322,0.14699440593558322,0.36546039949756537
价值100,1.0,2021-06-30,2022-06-30,0.17298467736810097,0.17298467736810097,0.29702645568757924
价值100,1.0,2021-07-30,2022-07-29,0.16627242507277828,0.16627242507277828,0.28115606918656233
价值100,1.0,2021-08-31,2022-08-31,0.02293785078602717,0.02293785078602717,0.1562966315703742
价值100,1.0,2021-09-30,2022-09-30,-0.006577668255043023,-0.006577668255043023,0.1948135147157608
价值100,1.0,2021-10-29,2022-10-31,0.0009170165353102888,0.0009170165353102888,0.27088043658407335
价值100,1.0,2021-11-30,2022-11-30,0.15028437689974172,0.15028437689974172,0.3358477994928263
价值100,1.0,2021-12-31,2022-12-30,0.017187325159086164,0.017187325159086164,0.21555443909631355
价值100,1.0,2022-01-28,2023-01-31,0.10576702033184748,0.10576702033184748,0.1739856397999382
价值100,1.0,2022-02-28,2023-02-28,0.09474448182397754,0.09474448182397754,0.18590344342124676
价值100,1.0,2022-03-31,2023-03-31,0.08191938340282912,0.08191938340282912,0.10027883653006142
价值100,1.0,2022-04-29,2023-04-28,0.20799032463145717,0.20799032463145717,0.18175120834898428
价值100,1.0,2022-05-31,2023-05-31,0.11662547185783345,0.11662547185783345,0.16712116555331535
价值100,1.0,2022-06-30,2023-06-30,0.1260046027835724,0.1260046027835724,0.24788701446750705
价值100,1.0,2022-07-29,2023-07-31,0.2471778352408298,0.2471778352408298,0.259416473583469
价值100,1.0,2022-08-31,2023-08-31,0.1703588341580713,0.1703588341580713,0.22356441898630497
价值100,1.0,2022-09-30,2023-09-28,0.21936318041310576,0.21936318041310576,0.22482807516435976
价值100,1.0,2022-10-31,2023-10-31,0.266346900368609,0.266346900368609,0.22201450632252562
价值100,1.0,2022-11-30,2023-11-30,0.1266896518180456,0.1266896518180456,0.19589686724222177
价值100,1.0,2022-12-30,2023-12-29,0.17103753511760056,0.17103753511760056,0.2623918269357183
价值100,1.0,2023-01-31,2024-01-31,0.15668675215037453,0.15668675215037453,0.3636631623012978
价值100,1.0,2023-02-28,2024-02-29,0.20885063879015497,0.20885063879015497,0.32323673078580883
价值100,1.0,2023-03-31,2024-03-29,0.19752251631578766,0.19752251631578766,0.3024464479661515
价值100,1.0,2023-04-28,2024-04-30,0.15620520356722878,0.15620520356722878,0.23863193668033333
价值100,1.0,2023-05-31,2024-05-31,0.26233399503831767,0.26233399503831767,0.2952000531244635
价值100,1.0,2023-06-30,2024-06-28,0.18507819807938874,0.18507819807938874,0.2619326034471423
价值100,1.0,2023-07-31,2024-07-31,0.10578997660041378,0.10578997660041378,0.22427212700727628
价值100,1.0,2023-08-31,2024-08-30,0.13673437486402462,0.13673437486402462,0.2292404291757475
价值100,1.0,2023-09-28,2024-09-30,0.37795921637254515,0.37795921637254515,0.25690295686529185
价值100,1.0,2023-10-31,2024-10-31,0.33045300435029534,0.33045300435029534,0.2084376451253902
价值100,1.0,2023-11-30,2024-11-29,0.3248140302769529,0.3248140302769529,0.16997752530746157
价值100,1.0,2023-12-29,2024-12-31,0.37198884483845673,0.37198884483845673,0.18959421596863213
价值100,1.0,2024-01-31,2025-01-27,0.28811649703304876,0.28811649703304876,0.06145737344653779
价值100,1.0,2024-02-29,2025-02-28,0.17065326107905232,0.17065326107905232,0.027465438505662965
价值100,1.0,2024-03-29,2025-03-31,0.22331366946302444,0.22331366946302444,0.08783912137003758
价值100,1.0,2024-04-30,2025-04-30,0.13971141212032423,0.13971141212032423,0.05845328082822321
价值100,1.0,2024-05-31,2025-05-30,0.15350817933968086,0.15350817933968086,0.045396825606040414
价值100,1.0,2024-06-28,2025-06-30,0.22233492522101117,0.22233492522101117,0.047916439941356526
价值100,1.0,2024-07-31,2025-07-31,0.25428807383685137,0.25428807383685137,0.03702703159448317
价值100,1.0,2024-08-30,2025-08-29,0.3198476091536655,0.3198476091536655,-0.07069610711985064
价值100,1.0,2024-09-30,2025-09-30,0.03885495717583631,0.03885495717583631,-0.14761332464815702
价值100,1.0,2024-10-31,2025-10-31,0.17682441520761194,0.17682441520761194,-0.048829725694221615
价值100,1.0,2024-11-29,2025-11-28,0.20391187811385447,0.20391187811385447,0.016314503528754853
价值100,1.0,2024-12-31,2025-12-31,0.17725977676022375,0.17725977676022375,-0.03257611449558029
价值100,1.0,2025-01-27,2026-01-30,0.2596358283421627,0.2596358283421627,-0.0068337208336080035
价值100,1.0,2025-02-28,2026-02-27,0.3238676810334833,0.3238676810334833,0.0790800017146267
价值100,1.0,2025-03-31,2026-03-31,0.24328054743427163,0.24328054743427163,0.06655958044583632
价值100,1.0,2025-04-30,2026-04-30,0.29101806382994444,0.29101806382994444,-0.019071782568829132
价值100,1.0,2025-05-30,2026-05-29,0.19787328709967422,0.19787328709967422,-0.1112052084814612
价值100,1.0,2025-06-30,2026-06-30,0.06682813983552882,0.06682813983552882,-0.22964369480696045
价值100,1.0,2025-07-31,2026-07-31,0.1833729340107224,0.1833729340107224,0.03220164321003294
价值100,1.0,2025-08-29,2026-08-31,0.13427472992284595,0.13427472992284595,0.08215576122760271
价值100,1.0,2025-09-30,2026-09-30,0.1290525640668143,0.1290525640668143,0.16778970906318091
自由现金流,1.0,2012-12-31,2013-12-31,-0.030274499999999982,-0.030274499999999982,0.023036689838166313
自由现金流,1.0,2013-01-31,2014-01-30,-0.10548246498269287,-0.10548246498269287,0.054250728523517644
自由现金流,1.0,2013-02-28,2014-02-28,-0.10337843411704462,-0.10337843411704462,0.0610524281961915
自由现金流,1.0,2013-03-29,2014-03-31,-0.050183995098359246,-0.050183995098359246,0.067949393963459
自由现金流,1.0,2013-04-26,2014-04-30,-0.00929758913389478,-0.00929758913389478,0.08600759448451067
自由现金流,1.0,2013-05-31,2014-05-30,-0.04415869925961491,-0.04415869925961491,0.10683053329754777
自由现金流,1.0,2013-06-28,2014-06-30,0.16361637599186074,0.16361637599186074,0.15579929406835014
自由现金流,1.0,2013-07-31,2014-07-31,0.24958986459649068,0.24958986459649068,0.1475954208092911
自由现金流,1.0,2013-08-30,2014-08-29,0.17082455086967485,0.17082455086967485,0.13187278881211983
自由现金流,1.0,2013-09-30,2014-09-30,0.22467072774739894,0.22467072774739894,0.17926704061974252
自由现金流,1.0,2013-10-31,2014-10-31,0.2415238330652245,0.2415238330652245,0.15576947823439835
自由现金流,1.0,2013-11-29,2014-11-28,0.3099629700970483,0.3099629700970483,0.126571637429701
自由现金流,1.0,2013-12-31,2014-12-31,0.5677796448582615,0.5677796448582615,0.009292620056959189
自由现金流,1.0,2014-01-30,2015-01-30,0.6578759856806367,0.6578759856806367,0.05511161374253715
自由现金流,1.0,2014-02-28,2015-02-27,0.7074610508887873,0.7074610508887873,0.022207226630601262
自由现金流,1.0,2014-03-31,2015-03-31,0.9435364837704661,0.9435364837704661,0.003765976972977425
自由现金流,1.0,2014-04-30,2015-04-30,1.329329049641117,1.329329049641117,0.06792213485735887
自由现金流,1.0,2014-05-30,2015-05-29,1.3760000160543346,1.3760000160543346,0.07172694170020222
自由现金流,1.0,2014-06-30,2015-06-30,1.4063339816548508,1.4063339816548508,0.2965431941677208
自由现金流,1.0,2014-07-31,2015-07-31,0.8149974569378897,0.8149974569378897,0.16540262772413183
自由现金流,1.0,2014-08-29,2015-08-31,0.6268386690716703,0.6268386690716703,0.16523502696445114
自由现金流,1.0,2014-09-30,2015-09-30,0.39199884813251695,0.39199884813251695,0.06519592645847272
自由现金流,1.0,2014-10-31,2015-10-30,0.4706258166385535,0.4706258166385535,0.03991977010437653
自由现金流,1.0,2014-11-28,2015-11-30,0.3408076911654374,0.3408076911654374,0.05153076751764951
自由现金流,1.0,2014-12-31,2015-12-31,0.16706501589570943,0.16706501589570943,0.09490158767819201
自由现金流,1.0,2015-01-30,2016-01-29,-0.10593197879136951,-0.10593197879136951,0.023153942808488925
自由现金流,1.0,2015-02-27,2016-02-29,-0.1452954346344787,-0.1452954346344787,0.036820342560038744
自由现金流,1.0,2015-03-31,2016-03-31,-0.1648167386549113,-0.1648167386549113,0.028488489037218234
自由现金流,1.0,2015-04-30,2016-04-29,-0.3269436529066516,-0.3269436529066516,-0.00177524000644258
自由现金流,1.0,2015-05-29,2016-05-31,-0.3487465352679747,-0.3487465352679747,-0.01385891120354621
自由现金流,1.0,2015-06-30,2016-06-30,-0.3586061619528417,-0.3586061619528417,-0.07669944547015606
自由现金流,1.0,2015-07-31,2016-07-29,-0.17866342110305922,-0.17866342110305922,-0.03601177504484676
自由现金流,1.0,2015-08-31,2016-08-31,-0.08797073408864242,-0.08797073408864242,-0.09891202034452573
自由现金流,1.0,2015-09-30,2016-09-30,-0.03840711018701637,-0.03840711018701637,-0.07748238130192642
自由现金流,1.0,2015-10-30,2016-10-31,-0.0667134773027448,-0.0667134773027448,-0.032319605753326264
自由现金流,1.0,2015-11-30,2016-11-30,0.010749999729533055,0.010749999729533055,-0.003988084487405841
自由现金流,1.0,2015-12-31,2016-12-30,-0.017371735169918412,-0.017371735169918412,0.0752163577322188
自由现金流,1.0,2016-01-29,2017-01-26,0.32280715425682804,0.32280715425682804,0.14662703192645465
自由现金流,1.0,2016-02-29,2017-02-28,0.3492993065404104,0.3492993065404104,0.12234762428881085
自由现金流,1.0,2016-03-31,2017-03-31,0.24001682240666233,0.24001682240666233,0.1416247632752481
自由现金流,1.0,2016-04-29,2017-04-28,0.2923955767696631,0.2923955767696631,0.17844116935964927
自由现金流,1.0,2016-05-31,2017-05-31,0.3302531094495951,0.3302531094495951,0.20338342258851672
自由现金流,1.0,2016-06-30,2017-06-30,0.3854788227426664,0.3854788227426664,0.1973937597942581
自由现金流,1.0,2016-07-29,2017-07-31,0.36188814567596483,0.36188814567596483,0.1717708028637681
自由现金流,1.0,2016-08-31,2017-08-31,0.3428048639835255,0.3428048639835255,0.1709191744185532
自由现金流,1.0,2016-09-30,2017-09-29,0.36418214346113076,0.36418214346113076,0.16088093449167262
自由现金流,1.0,2016-10-31,2017-10-31,0.3493306276228614,0.3493306276228614,0.12384591168457404
自由现金流,1.0,2016-11-30,2017-11-30,0.27603157834191805,0.27603157834191805,0.12065638807597123
自由现金流,1.0,2016-12-30,2017-12-29,0.3206220278273737,0.3206220278273737,0.07811028735805792
自由现金流,1.0,2017-01-26,2018-01-31,0.37210068547099784,0.37210068547099784,0.08414534853585764
自由现金流,1.0,2017-02-28,2018-02-28,0.285487514872647,0.285487514872647,0.09627260261318904
自由现金流,1.0,2017-03-31,2018-03-30,0.20079369524641688,0.20079369524641688,0.0499186665222533
自由现金流,1.0,2017-04-28,2018-04-27,0.1930983274608853,0.1930983274608853,0.07884621469584818
自由现金流,1.0,2017-05-31,2018-05-31,0.1733737712022625,0.1733737712022625,0.06264516157659417
自由现金流,1.0,2017-06-30,2018-06-29,0.07627698944195127,0.07627698944195127,0.09794047961063346
自由现金流,1.0,2017-07-31,2018-07-31,0.051540069788535314,0.051540069788535314,0.09011479112856657
自由现金流,1.0,2017-08-31,2018-08-31,0.003815357112050055,0.003815357112050055,0.11229036263871428
自由现金流,1.0,2017-09-29,2018-09-28,0.04161190157007444,0.04161190157007444,0.12556067265286752
自由现金流,1.0,2017-10-31,2018-10-31,-0.08253165065578227,-0.08253165065578227,0.11286987235194323
自由现金流,1.0,2017-11-30,2018-11-30,-0.10922030327222298,-0.10922030327222298,0.08116899362035734
自由现金流,1.0,2017-12-29,2018-12-28,-0.14725885427318663,-0.14725885427318663,0.08911509561417796
自由现金流,1.0,2018-01-31,2019-01-31,-0.16903437049451542,-0.16903437049451542,0.06555995685291294
自由现金流,1.0,2018-02-28,2019-02-28,-0.030774000756504605,-0.030774000756504605,0.03676249734044201
自由现金流,1.0,2018-03-30,2019-03-29,0.05384162983709029,0.05384162983709029,0.038175021319449165
自由现金流,1.0,2018-04-27,2019-04-30,0.049865529770304784,0.049865529770304784,-0.01565611814951473
自由现金流,1.0,2018-05-31,2019-05-31,-0.03222409319502806,-0.03222409319502806,-0.010107522316684325
自由现金流,1.0,2018-06-29,2019-06-28,0.025248683623540158,0.025248683623540158,-0.0898441342832792
自由现金流,1.0,2018-07-31,2019-07-31,-0.01090252116887891,-0.01090252116887891,-0.12650243606969935
自由现金流,1.0,2018-08-31,2019-08-30,-0.020661559942631746,-0.020661559942631746,-0.18656427118192476
自由现金流,1.0,2018-09-28,2019-09-30,-0.04423827760809507,-0.04423827760809507,-0.1790660174115929
自由现金流,1.0,2018-10-31,2019-10-31,0.028672306218918475,0.028672306218918475,-0.2319938876092682
自由现金流,1.0,2018-11-30,2019-11-29,0.05721597174119997,0.05721597174119997,-0.1772077475648477
自由现金流,1.0,2018-12-28,2019-12-31,0.17687125103091628,0.17687125103091628,-0.21499649872879578
自由现金流,1.0,2019-01-31,2020-01-23,0.049711872690827885,0.049711872690827885,-0.2295151006227767
自由现金流,1.0,2019-02-28,2020-02-28,-0.08299024575903913,-0.08299024575903913,-0.1810664170581967
自由现金流,1.0,2019-03-29,2020-03-31,-0.1499231241936514,-0.1499231241936514,-0.12334022490695706
自由现金流,1.0,2019-04-30,2020-04-30,-0.1330735477486762,-0.1330735477486762,-0.15516674234889072
自由现金流,1.0,2019-05-31,2020-05-29,-0.07927696679918594,-0.07927696679918594,-0.1673900814523952
自由现金流,1.0,2019-06-28,2020-06-30,-0.0731825021070065,-0.0731825021070065,-0.18611571082019296
自由现金流,1.0,2019-07-31,2020-07-31,0.057875955672892276,0.057875955672892276,-0.1927094812004031
自由现金流,1.0,2019-08-30,2020-08-31,0.13719492106435216,0.13719492106435216,-0.1567333664463595
自由现金流,1.0,2019-09-30,2020-09-30,0.1068699924323191,0.1068699924323191,-0.1204749408103194
自由现金流,1.0,2019-10-31,2020-10-30,0.14326016754941673,0.14326016754941673,-0.08969278532279534
自由现金流,1.0,2019-11-29,2020-11-30,0.2677654360742452,0.2677654360742452,-0.05511221110980191
自由现金流,1.0,2019-12-31,2020-12-31,0.13045189583987726,0.13045189583987726,-0.16846560755069584
自由现金流,1.0,2020-01-23,2021-01-29,0.2080241025049061,0.2080241025049061,-0.15683708607703517
自由现金流,1.0,2020-02-28,2021-02-26,0.332155346506386,0.332155346506386,-0.050883931770930646
自由现金流,1.0,2020-03-31,2021-03-31,0.4792588552075019,0.4792588552075019,0.08080180722462793
自由现金流,1.0,2020-04-30,2021-04-30,0.5060537617274548,0.5060537617274548,0.1679167312092602
自由现金流,1.0,2020-05-29,2021-05-31,0.5648868493589689,0.5648868493589689,0.15864196236524464
自由现金流,1.0,2020-06-30,2021-06-30,0.5778506428590295,0.5778506428590295,0.30062249604332014
自由现金流,1.0,2020-07-31,2021-07-30,0.4235230431988084,0.4235230431988084,0.3810683026216719
自由现金流,1.0,2020-08-31,2021-08-31,0.6841525890574756,0.6841525890574756,0.6682535843610216
自由现金流,1.0,2020-09-30,2021-09-30,0.6911838585512335,0.6911838585512335,0.6115963546583392
自由现金流,1.0,2020-10-30,2021-10-29,0.5185227711796245,0.5185227711796245,0.4539642771574144
自由现金流,1.0,2020-11-30,2021-11-30,0.36278777814077756,0.36278777814077756,0.37127795880662307
自由现金流,1.0,2020-12-31,2021-12-31,0.49153133941335025,0.49153133941335025,0.5266986862078643
自由现金流,1.0,2021-01-29,2022-01-28,0.4137477046592368,0.4137477046592368,0.5458915194832396
自由现金流,1.0,2021-02-26,2022-02-28,0.45784447808042805,0.45784447808042805,0.5841063635314281
自由现金流,1.0,2021-03-31,2022-03-31,0.39764275156195494,0.39764275156195494,0.5463833076326723
自由现金流,1.0,2021-04-30,2022-04-29,0.2930731039236638,0.2930731039236638,0.495465831468462
自由现金流,1.0,2021-05-31,2022-05-31,0.3413481249374928,0.3413481249374928,0.5598141184994749
自由现金流,1.0,2021-06-30,2022-06-30,0.3437663036094105,0.3437663036094105,0.4678080819288888
自由现金流,1.0,2021-07-30,2022-07-29,0.27957602894141065,0.27957602894141065,0.3944596730551947
自由现金流,1.0,2021-08-31,2022-08-31,0.064351215704193,0.064351215704193,0.19770999648854004
自由现金流,1.0,2021-09-30,2022-09-30,0.04052843998889677,0.04052843998889677,0.2419196229597006
自由现金流,1.0,2021-10-29,2022-10-31,0.06637886593829823,0.06637886593829823,0.3363422859870613
自由现金流,1.0,2021-11-30,2022-11-30,0.17862069811349723,0.17862069811349723,0.3641841207065818
自由现金流,1.0,2021-12-31,2022-12-30,0.059530731324968666,0.059530731324968666,0.25789784526219606
自由现金流,1.0,2022-01-28,2023-01-31,0.201833167047754,0.201833167047754,0.2700517865158447
自由现金流,1.0,2022-02-28,2023-02-28,0.13873340918677446,0.13873340918677446,0.22989237078404368
自由现金流,1.0,2022-03-31,2023-03-31,0.1617084302762608,0.1617084302762608,0.1800678834034931
自由现金流,1.0,2022-04-29,2023-04-28,0.2947011820558598,0.2947011820558598,0.26846206577338694
自由现金流,1.0,2022-05-31,2023-05-31,0.13107103240599205,0.13107103240599205,0.18156672610147395
自由现金流,1.0,2022-06-30,2023-06-30,0.13438801862397276,0.13438801862397276,0.2562704303079074
自由现金流,1.0,2022-07-29,2023-07-31,0.22180391259574916,0.22180391259574916,0.23404255093838833
自由现金流,1.0,2022-08-31,2023-08-31,0.16406775030111298,0.16406775030111298,0.21727333512934666
自由现金流,1.0,2022-09-30,2023-09-28,0.28737106673430146,0.28737106673430146,0.29283596148555546
自由现金流,1.0,2022-10-31,2023-10-31,0.3072642981049243,0.3072642981049243,0.2629319040588409
自由现金流,1.0,2022-11-30,2023-11-30,0.22784340393799019,0.22784340393799019,0.29705061936216637
自由现金流,1.0,2022-12-30,2023-12-29,0.2892455018231177,0.2892455018231177,0.3805997936412354
自由现金流,1.0,2023-01-31,2024-01-31,0.2952364044166125,0.2952364044166125,0.5022128145675357
自由现金流,1.0,2023-02-28,2024-02-29,0.33225360383561986,0.33225360383561986,0.4466396958312737
自由现金流,1.0,2023-03-31,2024-03-29,0.3172050003827811,0.3172050003827811,0.42212893203314494
自由现金流,1.0,2023-04-28,2024-04-30,0.25336524849081044,0.25336524849081044,0.335791981603915
自由现金流,1.0,2023-05-31,2024-05-31,0.3638510254184988,0.3638510254184988,0.39671708350464463
自由现金流,1.0,2023-06-30,2024-06-28,0.2953647498619656,0.2953647498619656,0.37221915522971916
自由现金流,1.0,2023-07-31,2024-07-31,0.1940292305576361,0.1940292305576361,0.3125113809644986
自由现金流,1.0,2023-08-31,2024-08-30,0.21428363062107914,0.21428363062107914,0.306789684932802
自由现金流,1.0,2023-09-28,2024-09-30,0.3363099385133572,0.3363099385133572,0.21525367900610393
自由现金流,1.0,2023-10-31,2024-10-31,0.33978686169321026,0.33978686169321026,0.21777150246830512
自由现金流,1.0,2023-11-30,2024-11-29,0.27740011075888127,0.27740011075888127,0.12256360578938996
自由现金流,1.0,2023-12-29,2024-12-31,0.3243993446097533,0.3243993446097533,0.14200471573992868
自由现金流,1.0,2024-01-31,2025-01-27,0.19146670083771644,0.19146670083771644,-0.03519242274879453
自由现金流,1.0,2024-02-29,2025-02-28,0.10182192917595279,0.10182192917595279,-0.04136589339743657
自由现金流,1.0,2024-03-29,2025-03-31,0.08371642807298696,0.08371642807298696,-0.05175812001999991
自由现金流,1.0,2024-04-30,2025-04-30,0.014688421008157038,0.014688421008157038,-0.06656971028394398
自由现金流,1.0,2024-05-31,2025-05-30,0.030027860068272627,0.030027860068272627,-0.07808349366536782
自由现金流,1.0,2024-06-28,2025-06-30,0.05633492612835589,0.05633492612835589,-0.11808355915129876
自由现金流,1.0,2024-07-31,2025-07-31,0.13424488262716583,0.13424488262716583,-0.08301615961520237
自由现金流,1.0,2024-08-30,2025-08-29,0.2456121687658448,0.2456121687658448,-0.14493154750767134
自由现金流,1.0,2024-09-30,2025-09-30,0.07841665914267892,0.07841665914267892,-0.10805162268131441
自由现金流,1.0,2024-10-31,2025-10-31,0.1738394717296885,0.1738394717296885,-0.051814669172145056
自由现金流,1.0,2024-11-29,2025-11-28,0.17482968336366467,0.17482968336366467,-0.012767691221434951
自由现金流,1.0,2024-12-31,2025-12-31,0.17851114505570398,0.17851114505570398,-0.03132474620010006
自由现金流,1.0,2025-01-27,2026-01-30,0.32330235952688957,0.32330235952688957,0.05683281035111887
自由现金流,1.0,2025-02-28,2026-02-27,0.371118756955086,0.371118756955086,0.12633107763622942
自由现金流,1.0,2025-03-31,2026-03-31,0.290464756714619,0.290464756714619,0.11374378972618371
自由现金流,1.0,2025-04-30,2026-04-30,0.36950102218175296,0.36950102218175296,0.059411175782979386
自由现金流,1.0,2025-05-30,2026-05-29,0.22917135540260625,0.22917135540260625,-0.07990714017852918
自由现金流,1.0,2025-06-30,2026-06-30,0.05357234624111018,0.05357234624111018,-0.2428994884013791
自由现金流,1.0,2025-07-31,2026-07-31,0.1346597201700288,0.1346597201700288,-0.016511570630660666
自由现金流,1.0,2025-08-29,2026-08-31,0.07018718282502223,0.07018718282502223,0.018068214129778992
自由现金流,1.0,2025-09-30,2026-09-30,0.026724238164959724,0.026724238164959724,0.06546138316132633
沪深300,1.0,2012-12-31,2013-12-31,-0.053311189838166295,-0.053311189838166295,0.0
沪深300,1.0,2013-01-31,2014-01-30,-0.1597331935062105,-0.1597331935062105,0.0
沪深300,1.0,2013-02-28,2014-02-28,-0.16443086231323611,-0.16443086231323611,0.0
沪深300,1.0,2013-03-29,2014-03-31,-0.11813338906181825,-0.11813338906181825,0.0
沪深300,1.0,2013-04-26,2014-04-30,-0.09530518361840545,-0.09530518361840545,0.0
沪深300,1.0,2013-05-31,2014-05-30,-0.15098923255716268,-0.15098923255716268,0.0
沪深300,1.0,2013-06-28,2014-06-30,0.007817081923510605,0.007817081923510605,0.0
沪深300,1.0,2013-07-31,2014-07-31,0.10199444378719957,0.10199444378719957,0.0
沪深300,1.0,2013-08-30,2014-08-29,0.03895176205755502,0.03895176205755502,0.0
沪深300,1.0,2013-09-30,2014-09-30,0.04540368712765641,0.04540368712765641,0.0
沪深300,1.0,2013-10-31,2014-10-31,0.08575435483082616,0.08575435483082616,0.0
沪深300,1.0,2013-11-29,2014-11-28,0.1833913326673473,0.1833913326673473,0.0
沪深300,1.0,2013-12-31,2014-12-31,0.5584870248013023,0.5584870248013023,0.0
沪深300,1.0,2014-01-30,2015-01-30,0.6027643719380995,0.6027643719380995,0.0
沪深300,1.0,2014-02-28,2015-02-27,0.685253824258186,0.685253824258186,0.0
沪深300,1.0,2014-03-31,2015-03-31,0.9397705067974886,0.9397705067974886,0.0
沪深300,1.0,2014-04-30,2015-04-30,1.261406914783758,1.261406914783758,0.0
沪深300,1.0,2014-05-30,2015-05-29,1.3042730743541324,1.3042730743541324,0.0
沪深300,1.0,2014-06-30,2015-06-30,1.10979078748713,1.10979078748713,0.0
沪深300,1.0,2014-07-31,2015-07-31,0.6495948292137579,0.6495948292137579,0.0
沪深300,1.0,2014-08-29,2015-08-31,0.46160364210721916,0.46160364210721916,0.0
沪深300,1.0,2014-09-30,2015-09-30,0.32680292167404423,0.32680292167404423,0.0
沪深300,1.0,2014-10-31,2015-10-30,0.430706046534177,0.430706046534177,0.0
沪深300,1.0,2014-11-28,2015-11-30,0.2892769236477879,0.2892769236477879,0.0
沪深300,1.0,2014-12-31,2015-12-31,0.07216342821751742,0.07216342821751742,0.0
沪深300,1.0,2015-01-30,2016-01-29,-0.12908592159985843,-0.12908592159985843,0.0
沪深300,1.0,2015-02-27,2016-02-29,-0.18211577719451744,-0.18211577719451744,0.0
沪深300,1.0,2015-03-31,2016-03-31,-0.19330522769212954,-0.19330522769212954,0.0
沪深300,1.0,2015-04-30,2016-04-29,-0.32516841290020904,-0.32516841290020904,0.0
沪深300,1.0,2015-05-29,2016-05-31,-0.3348876240644285,-0.3348876240644285,0.0
沪深300,1.0,2015-06-30,2016-06-30,-0.2819067164826856,-0.2819067164826856,0.0
沪深300,1.0,2015-07-31,2016-07-29,-0.14265164605821246,-0.14265164605821246,0.0
沪深300,1.0,2015-08-31,2016-08-31,0.010941286255883309,0.010941286255883309,0.0
沪深300,1.0,2015-09-30,2016-09-30,0.03907527111491005,0.03907527111491005,0.0
沪深300,1.0,2015-10-30,2016-10-31,-0.03439387154941853,-0.03439387154941853,0.0
沪深300,1.0,2015-11-30,2016-11-30,0.014738084216938896,0.014738084216938896,0.0
沪深300,1.0,2015-12-31,2016-12-30,-0.09258809290213721,-0.09258809290213721,0.0
沪深300,1.0,2016-01-29,2017-01-26,0.1761801223303734,0.1761801223303734,0.0
沪深300,1.0,2016-02-29,2017-02-28,0.22695168225159956,0.22695168225159956,0.0
沪深300,1.0,2016-03-31,2017-03-31,0.09839205913141424,0.09839205913141424,0.0
沪深300,1.0,2016-04-29,2017-04-28,0.11395440741001384,0.11395440741001384,0.0
沪深300,1.0,2016-05-31,2017-05-31,0.12686968686107836,0.12686968686107836,0.0
沪深300,1.0,2016-06-30,2017-06-30,0.18808506294840832,0.18808506294840832,0.0
沪深300,1.0,2016-07-29,2017-07-31,0.19011734281219672,0.19011734281219672,0.0
沪深300,1.0,2016-08-31,2017-08-31,0.1718856895649723,0.1718856895649723,0.0
沪深300,1.0,2016-09-30,2017-09-29,0.20330120896945814,0.20330120896945814,0.0
沪深300,1.0,2016-10-31,2017-10-31,0.22548471593828734,0.22548471593828734,0.0
沪深300,1.0,2016-11-30,2017-11-30,0.15537519026594682,0.15537519026594682,0.0
沪深300,1.0,2016-12-30,2017-12-29,0.24251174046931578,0.24251174046931578,0.0
沪深300,1.0,2017-01-26,2018-01-31,0.2879553369351402,0.2879553369351402,0.0
沪深300,1.0,2017-02-28,2018-02-28,0.18921491225945797,0.18921491225945797,0.0
沪深300,1.0,2017-03-31,2018-03-30,0.15087502872416358,0.15087502872416358,0.0
沪深300,1.0,2017-04-28,2018-04-27,0.1142521127650371,0.1142521127650371,0.0
沪深300,1.0,2017-05-31,2018-05-31,0.11072860962566833,0.11072860962566833,0.0
沪深300,1.0,2017-06-30,2018-06-29,-0.021663490168682187,-0.021663490168682187,0.0
沪深300,1.0,2017-07-31,2018-07-31,-0.03857472134003126,-0.03857472134003126,0.0
沪深300,1.0,2017-08-31,2018-08-31,-0.10847500552666423,-0.10847500552666423,0.0
沪深300,1.0,2017-09-29,2018-09-28,-0.08394877108279308,-0.08394877108279308,0.0
沪深300,1.0,2017-10-31,2018-10-31,-0.1954015230077255,-0.1954015230077255,0.0
沪深300,1.0,2017-11-30,2018-11-30,-0.19038929689258033,-0.19038929689258033,0.0
沪深300,1.0,2017-12-29,2018-12-28,-0.2363739498873646,-0.2363739498873646,0.0
沪深300,1.0,2018-01-31,2019-01-31,-0.23459432734742836,-0.23459432734742836,0.0
沪深300,1.0,2018-02-28,2019-02-28,-0.06753649809694662,-0.06753649809694662,0.0
沪深300,1.0,2018-03-30,2019-03-29,0.015666608517641123,0.015666608517641123,0.0
沪深300,1.0,2018-04-27,2019-04-30,0.06552164791981951,0.06552164791981951,0.0
沪深300,1.0,2018-05-31,2019-05-31,-0.022116570878343733,-0.022116570878343733,0.0
沪深300,1.0,2018-06-29,2019-06-28,0.11509281790681936,0.11509281790681936,0.0
沪深300,1.0,2018-07-31,2019-07-31,0.11559991490082044,0.11559991490082044,0.0
沪深300,1.0,2018-08-31,2019-08-30,0.165902711239293,0.165902711239293,0.0
沪深300,1.0,2018-09-28,2019-09-30,0.13482773980349783,0.13482773980349783,0.0
沪深300,1.0,2018-10-31,2019-10-31,0.2606661938281867,0.2606661938281867,0.0
沪深300,1.0,2018-11-30,2019-11-29,0.23442371930604766,0.23442371930604766,0.0
沪深300,1.0,2018-12-28,2019-12-31,0.39186774975971206,0.39186774975971206,0.0
沪深300,1.0,2019-01-31,2020-01-23,0.2792269733136046,0.2792269733136046,0.0
沪深300,1.0,2019-02-28,2020-02-28,0.09807617129915758,0.09807617129915758,0.0
沪深300,1.0,2019-03-29,2020-03-31,-0.026582899286694328,-0.026582899286694328,0.0
沪深300,1.0,2019-04-30,2020-04-30,0.022093194600214527,0.022093194600214527,0.0
沪深300,1.0,2019-05-31,2020-05-29,0.08811311465320926,0.08811311465320926,0.0
沪深300,1.0,2019-06-28,2020-06-30,0.11293320871318646,0.11293320871318646,0.0
沪深300,1.0,2019-07-31,2020-07-31,0.2505854368732954,0.2505854368732954,0.0
沪深300,1.0,2019-08-30,2020-08-31,0.29392828751071165,0.29392828751071165,0.0
沪深300,1.0,2019-09-30,2020-09-30,0.2273449332426385,0.2273449332426385,0.0
沪深300,1.0,2019-10-31,2020-10-30,0.23295295287221207,0.23295295287221207,0.0
沪深300,1.0,2019-11-29,2020-11-30,0.3228776471840471,0.3228776471840471,0.0
沪深300,1.0,2019-12-31,2020-12-31,0.2989175033905731,0.2989175033905731,0.0
沪深300,1.0,2020-01-23,2021-01-29,0.3648611885819413,0.3648611885819413,0.0
沪深300,1.0,2020-02-28,2021-02-26,0.38303927827731665,0.38303927827731665,0.0
沪深300,1.0,2020-03-31,2021-03-31,0.39845704798287396,0.39845704798287396,0.0
沪深300,1.0,2020-04-30,2021-04-30,0.33813703051819455,0.33813703051819455,0.0
沪深300,1.0,2020-05-29,2021-05-31,0.4062448869937243,0.4062448869937243,0.0
沪深300,1.0,2020-06-30,2021-06-30,0.2772281468157094,0.2772281468157094,0.0
沪深300,1.0,2020-07-31,2021-07-30,0.042454740577136496,0.042454740577136496,0.0
沪深300,1.0,2020-08-31,2021-08-31,0.015899004696454,0.015899004696454,0.0
沪深300,1.0,2020-09-30,2021-09-30,0.07958750389289437,0.07958750389289437,0.0
沪深300,1.0,2020-10-30,2021-10-29,0.06455849402221014,0.06455849402221014,0.0
沪深300,1.0,2020-11-30,2021-11-30,-0.008490180665845504,-0.008490180665845504,0.0
沪深300,1.0,2020-12-31,2021-12-31,-0.035167346794514054,-0.035167346794514054,0.0
沪深300,1.0,2021-01-29,2022-01-28,-0.13214381482400273,-0.13214381482400273,0.0
沪深300,1.0,2021-02-26,2022-02-28,-0.12626188545100003,-0.12626188545100003,0.0
沪深300,1.0,2021-03-31,2022-03-31,-0.14874055607071734,-0.14874055607071734,0.0
沪深300,1.0,2021-04-30,2022-04-29,-0.2023927275447982,-0.2023927275447982,0.0
沪深300,1.0,2021-05-31,2022-05-31,-0.21846599356198215,-0.21846599356198215,0.0
沪深300,1.0,2021-06-30,2022-06-30,-0.12404177831947827,-0.12404177831947827,0.0
沪深300,1.0,2021-07-30,2022-07-29,-0.11488364411378404,-0.11488364411378404,0.0
沪深300,1.0,2021-08-31,2022-08-31,-0.13335878078434704,-0.13335878078434704,0.0
沪深300,1.0,2021-09-30,2022-09-30,-0.20139118297080383,-0.20139118297080383,0.0
沪深300,1.0,2021-10-29,2022-10-31,-0.26996342004876306,-0.26996342004876306,0.0
沪深300,1.0,2021-11-30,2022-11-30,-0.18556342259308456,-0.18556342259308456,0.0
沪深300,1.0,2021-12-31,2022-12-30,-0.1983671139372274,-0.1983671139372274,0.0
沪深300,1.0,2022-01-28,2023-01-31,-0.06821861946809071,-0.06821861946809071,0.0
沪深300,1.0,2022-02-28,2023-02-28,-0.09115896159726922,-0.09115896159726922,0.0
沪深300,1.0,2022-03-31,2023-03-31,-0.018359453127232306,-0.018359453127232306,0.0
沪深300,1.0,2022-04-29,2023-04-28,0.026239116282472885,0.026239116282472885,0.0
沪深300,1.0,2022-05-31,2023-05-31,-0.0504956936954819,-0.0504956936954819,0.0
沪深300,1.0,2022-06-30,2023-06-30,-0.12188241168393465,-0.12188241168393465,0.0
沪深300,1.0,2022-07-29,2023-07-31,-0.012238638342639163,-0.012238638342639163,0.0
沪深300,1.0,2022-08-31,2023-08-31,-0.053205584828233676,-0.053205584828233676,0.0
沪深300,1.0,2022-09-30,2023-09-28,-0.005464894751254001,-0.005464894751254001,0.0
沪深300,1.0,2022-10-31,2023-10-31,0.04433239404608336,0.04433239404608336,0.0
沪深300,1.0,2022-11-30,2023-11-30,-0.06920721542417618,-0.06920721542417618,0.0
沪深300,1.0,2022-12-30,2023-12-29,-0.09135429181811772,-0.09135429181811772,0.0
沪深300,1.0,2023-01-31,2024-01-31,-0.20697641015092327,-0.20697641015092327,0.0
沪深300,1.0,2023-02-28,2024-02-29,-0.11438609199565386,-0.11438609199565386,0.0
沪深300,1.0,2023-03-31,2024-03-29,-0.10492393165036384,-0.10492393165036384,0.0
沪深300,1.0,2023-04-28,2024-04-30,-0.08242673311310456,-0.08242673311310456,0.0
沪深300,1.0,2023-05-31,2024-05-31,-0.032866058086145844,-0.032866058086145844,0.0
沪深300,1.0,2023-06-30,2024-06-28,-0.07685440536775356,-0.07685440536775356,0.0
沪深300,1.0,2023-07-31,2024-07-31,-0.1184821504068625,-0.1184821504068625,0.0
沪深300,1.0,2023-08-31,2024-08-30,-0.09250605431172287,-0.09250605431172287,0.0
沪深300,1.0,2023-09-28,2024-09-30,0.1210562595072533,0.1210562595072533,0.0
沪深300,1.0,2023-10-31,2024-10-31,0.12201535922490514,0.12201535922490514,0.0
沪深300,1.0,2023-11-30,2024-11-29,0.1548365049694913,0.1548365049694913,0.0
沪深300,1.0,2023-12-29,2024-12-31,0.1823946288698246,0.1823946288698246,0.0
沪深300,1.0,2024-01-31,2025-01-27,0.22665912358651097,0.22665912358651097,0.0
沪深300,1.0,2024-02-29,2025-02-28,0.14318782257338936,0.14318782257338936,0.0
沪深300,1.0,2024-03-29,2025-03-31,0.13547454809298687,0.13547454809298687,0.0
沪深300,1.0,2024-04-30,2025-04-30,0.08125813129210102,0.08125813129210102,0.0
沪深300,1.0,2024-05-31,2025-05-30,0.10811135373364045,0.10811135373364045,0.0
沪深300,1.0,2024-06-28,2025-06-30,0.17441848527965464,0.17441848527965464,0.0
沪深300,1.0,2024-07-31,2025-07-31,0.2172610422423682,0.2172610422423682,0.0
沪深300,1.0,2024-08-30,2025-08-29,0.39054371627351614,0.39054371627351614,0.0
沪深300,1.0,2024-09-30,2025-09-30,0.18646828182399333,0.18646828182399333,0.0
沪深300,1.0,2024-10-31,2025-10-31,0.22565414090183356,0.22565414090183356,0.0
沪深300,1.0,2024-11-29,2025-11-28,0.18759737458509962,0.18759737458509962,0.0
沪深300,1.0,2024-12-31,2025-12-31,0.20983589125580404,0.20983589125580404,0.0
沪深300,1.0,2025-01-27,2026-01-30,0.2664695491757707,0.2664695491757707,0.0
沪深300,1.0,2025-02-28,2026-02-27,0.2447876793188566,0.2447876793188566,0.0
沪深300,1.0,2025-03-31,2026-03-31,0.1767209669884353,0.1767209669884353,0.0
沪深300,1.0,2025-04-30,2026-04-30,0.31008984639877357,0.31008984639877357,0.0
沪深300,1.0,2025-05-30,2026-05-29,0.3090784955811354,0.3090784955811354,0.0
沪深300,1.0,2025-06-30,2026-06-30,0.2964718346424893,0.2964718346424893,0.0
沪深300,1.0,2025-07-31,2026-07-31,0.15117129080068947,0.15117129080068947,0.0
沪深300,1.0,2025-08-29,2026-08-31,0.05211896869524324,0.05211896869524324,0.0
沪深300,1.0,2025-09-30,2026-09-30,-0.0387371449963666,-0.0387371449963666,0.0
中证全指,1.0,2012-12-31,2013-12-31,0.07096400154602756,0.07096400154602756,0.12427519138419385
中证全指,1.0,2013-01-31,2014-01-30,-0.0064798061692762365,-0.0064798061692762365,0.15325338733693428
中证全指,1.0,2013-02-28,2014-02-28,-0.012245692532074193,-0.012245692532074193,0.15218516978116192
中证全指,1.0,2013-03-29,2014-03-31,0.01557330514281241,0.01557330514281241,0.13370669420463066
中证全指,1.0,2013-04-26,2014-04-30,0.031106608863134433,0.031106608863134433,0.1264117924815399
中证全指,1.0,2013-05-31,2014-05-30,-0.05084673928180039,-0.05084673928180039,0.10014249327536229
中证全指,1.0,2013-06-28,2014-06-30,0.1434543797626351,0.1434543797626351,0.13563729783912448
中证全指,1.0,2013-07-31,2014-07-31,0.194769791367005,0.194769791367005,0.09277534757980543
中证全指,1.0,2013-08-30,2014-08-29,0.15049988576797713,0.15049988576797713,0.11154812371042211
中证全指,1.0,2013-09-30,2014-09-30,0.19126612441918445,0.19126612441918445,0.14586243729152804
中证全指,1.0,2013-10-31,2014-10-31,0.2467771523345228,0.2467771523345228,0.16102279750369664
中证全指,1.0,2013-11-29,2014-11-28,0.2859083212167992,0.2859083212167992,0.1025169885494519
中证全指,1.0,2013-12-31,2014-12-31,0.4841174530679293,0.4841174530679293,-0.074369571733373
中证全指,1.0,2014-01-30,2015-01-30,0.5277140624606156,0.5277140624606156,-0.07505030947748392
中证全指,1.0,2014-02-28,2015-02-27,0.6060795655397437,0.6060795655397437,-0.0791742587184423
中证全指,1.0,2014-03-31,2015-03-31,0.9384403342553949,0.9384403342553949,-0.0013301725420937771
中证全指,1.0,2014-04-30,2015-04-30,1.2885835983350136,1.2885835983350136,0.027176683551255465
中证全指,1.0,2014-05-30,2015-05-29,1.5463879054635918,1.5463879054635918,0.24211483110945942
中证全指,1.0,2014-06-30,2015-06-30,1.2447491076661632,1.2447491076661632,0.1349583201790332
中证全指,1.0,2014-07-31,2015-07-31,0.7581348819610856,0.7581348819610856,0.1085400527473277
中证全指,1.0,2014-08-29,2015-08-31,0.4943866734537481,0.4943866734537481,0.032783031346528935
中证全指,1.0,2014-09-30,2015-09-30,0.3065468701051257,0.3065468701051257,-0.02025605156891852
中证全指,1.0,2014-10-31,2015-10-30,0.463344704394403,0.463344704394403,0.03263865786022602
中证全指,1.0,2014-11-28,2015-11-30,0.4151970592340981,0.4151970592340981,0.1259201355863102
中证全指,1.0,2014-12-31,2015-12-31,0.33782293701837207,0.33782293701837207,0.26565950880085465
中证全指,1.0,2015-01-30,2016-01-29,-0.02216667491626667,-0.02216667491626667,0.10691924668359176
中证全指,1.0,2015-02-27,2016-02-29,-0.0982448417513796,-0.0982448417513796,0.08387093544313784
中证全指,1.0,2015-03-31,2016-03-31,-0.12031185517032206,-0.12031185517032206,0.07299337252180749
中证全指,1.0,2015-04-30,2016-04-29,-0.26397951878174597,-0.26397951878174597,0.061188894118463066
中证全指,1.0,2015-05-29,2016-05-31,-0.3505371576301184,-0.3505371576301184,-0.015649533565689877
中证全指,1.0,2015-06-30,2016-06-30,-0.26216599296551,-0.26216599296551,0.019740723517175596
中证全指,1.0,2015-07-31,2016-07-29,-0.12459138804970016,-0.12459138804970016,0.018060258008512298
中证全指,1.0,2015-08-31,2016-08-31,0.04634422971106433,0.04634422971106433,0.035402943455181024
中证全指,1.0,2015-09-30,2016-09-30,0.08045886651245349,0.08045886651245349,0.04138359539754344
中证全指,1.0,2015-10-30,2016-10-31,-0.027624642317267578,-0.027624642317267578,0.006769229232150953
中证全指,1.0,2015-11-30,2016-11-30,-0.0369714605116066,-0.0369714605116066,-0.0517095447285455
中证全指,1.0,2015-12-31,2016-12-30,-0.13311469039250745,-0.13311469039250745,-0.04052659749037024
中证全指,1.0,2016-01-29,2017-01-26,0.16281183825328394,0.16281183825328394,-0.013368284077089454
中证全指,1.0,2016-02-29,2017-02-28,0.2247549474902908,0.2247549474902908,-0.0021967347613087718
中证全指,1.0,2016-03-31,2017-03-31,0.05912209900408083,0.05912209900408083,-0.039269960127333414
中证全指,1.0,2016-04-29,2017-04-28,0.046694204569654785,0.046694204569654785,-0.06726020284035905
中证全指,1.0,2016-05-31,2017-05-31,0.021554026819103234,0.021554026819103234,-0.10531566004197512
中证全指,1.0,2016-06-30,2017-06-30,0.039452152258982576,0.039452152258982576,-0.14863291068942575
中证全指,1.0,2016-07-29,2017-07-31,0.0498809918463583,0.0498809918463583,-0.14023635096583842
中证全指,1.0,2016-08-31,2017-08-31,0.035596743151101284,0.035596743151101284,-0.13628894641387101
中证全指,1.0,2016-09-30,2017-09-29,0.06526871823602387,0.06526871823602387,-0.13803249073343427
中证全指,1.0,2016-10-31,2017-10-31,0.049341598542433474,0.049341598542433474,-0.17614311739585387
中证全指,1.0,2016-11-30,2017-11-30,-0.017941552533241256,-0.017941552533241256,-0.17331674279918807
中证全指,1.0,2016-12-30,2017-12-29,0.03675518954210566,0.03675518954210566,-0.20575655092721012
中证全指,1.0,2017-01-26,2018-01-31,0.056457537133808744,0.056457537133808744,-0.23149779980133145
中证全指,1.0,2017-02-28,2018-02-28,-0.021368041409839167,-0.021368041409839167,-0.21058295366929713
中证全指,1.0,2017-03-31,2018-03-30,-0.014526475328473398,-0.014526475328473398,-0.16540150405263698
中证全指,1.0,2017-04-28,2018-04-27,-0.023431012961017905,-0.023431012961017905,-0.137683125726055
中证全指,1.0,2017-05-31,2018-05-31,0.005065255518825307,0.005065255518825307,-0.10566335410684302
中证全指,1.0,2017-06-30,2018-06-29,-0.12210692033482173,-0.12210692033482173,-0.10044343016613955
中证全指,1.0,2017-07-31,2018-07-31,-0.13367428213602117,-0.13367428213602117,-0.09509956079598991
中证全指,1.0,2017-08-31,2018-08-31,-0.21109593087021916,-0.21109593087021916,-0.10262092534355494
中证全指,1.0,2017-09-29,2018-09-28,-0.20972269653712172,-0.20972269653712172,-0.12577392545432864
中证全指,1.0,2017-10-31,2018-10-31,-0.29185143188828366,-0.29185143188828366,-0.09644990888055816
中证全指,1.0,2017-11-30,2018-11-30,-0.2541523186060377,-0.2541523186060377,-0.06376302171345738
中证全指,1.0,2017-12-29,2018-12-28,-0.2878938981313267,-0.2878938981313267,-0.05151994824396211
中证全指,1.0,2018-01-31,2019-01-31,-0.28009779497736254,-0.28009779497736254,-0.04550346762993418
中证全指,1.0,2018-02-28,2019-02-28,-0.10916040576753605,-0.10916040576753605,-0.04162390767058943
中证全指,1.0,2018-03-30,2019-03-29,-0.03582620311202578,-0.03582620311202578,-0.0514928116296669
中证全指,1.0,2018-04-27,2019-04-30,-0.011395032809285666,-0.011395032809285666,-0.07691668072910518
中证全指,1.0,2018-05-31,2019-05-31,-0.0742528692450739,-0.0742528692450739,-0.05213629836673017
中证全指,1.0,2018-06-29,2019-06-28,0.04624188504879223,0.04624188504879223,-0.06885093285802713
中证全指,1.0,2018-07-31,2019-07-31,0.042525482936977665,0.042525482936977665,-0.07307443196384278
中证全指,1.0,2018-08-31,2019-08-30,0.10851864582671955,0.10851864582671955,-0.05738406541257346
中证全指,1.0,2018-09-28,2019-09-30,0.10228210657321024,0.10228210657321024,-0.032545633230287585
中证全指,1.0,2018-10-31,2019-10-31,0.22714687380861598,0.22714687380861598,-0.0335193200195707
中证全指,1.0,2018-11-30,2019-11-29,0.18124930081664603,0.18124930081664603,-0.05317441848940163
中证全指,1.0,2018-12-28,2019-12-31,0.3340906920773583,0.3340906920773583,-0.05777705768235375
中证全指,1.0,2019-01-31,2020-01-23,0.2963353382526197,0.2963353382526197,0.01710836493901513
中证全指,1.0,2019-02-28,2020-02-28,0.10058948952715419,0.10058948952715419,0.002513318227996608
中证全指,1.0,2019-03-29,2020-03-31,-0.04732529164084598,-0.04732529164084598,-0.02074239235415165
中证全指,1.0,2019-04-30,2020-04-30,0.01797590681690875,0.01797590681690875,-0.004117287783305779
中证全指,1.0,2019-05-31,2020-05-29,0.09391080269458651,0.09391080269458651,0.005797688041377258
中证全指,1.0,2019-06-28,2020-06-30,0.1480028789450667,0.1480028789450667,0.035069670231880234
中证全指,1.0,2019-07-31,2020-07-31,0.30400837500540123,0.30400837500540123,0.05342293813210586
中证全指,1.0,2019-08-30,2020-08-31,0.34074897741928467,0.34074897741928467,0.04682068990857302
中证全指,1.0,2019-09-30,2020-09-30,0.2502881471549878,0.2502881471549878,0.022943213912349325
中证全指,1.0,2019-10-31,2020-10-30,0.25105192336444593,0.25105192336444593,0.018098970492233857
中证全指,1.0,2019-11-29,2020-11-30,0.32238709970187895,0.32238709970187895,-0.0004905474821681466
中证全指,1.0,2019-12-31,2020-12-31,0.2687486694611043,0.2687486694611043,-0.030168833929468786
中证全指,1.0,2020-01-23,2021-01-29,0.2704965081794699,0.2704965081794699,-0.09436468040247137
中证全指,1.0,2020-02-28,2021-02-26,0.2698171123977575,0.2698171123977575,-0.11322216587955913
中证全指,1.0,2020-03-31,2021-03-31,0.31325426693262326,0.31325426693262326,-0.0852027810502507
中证全指,1.0,2020-04-30,2021-04-30,0.2727403282149605,0.2727403282149605,-0.06539670230323402
中证全指,1.0,2020-05-29,2021-05-31,0.32845009394887636,0.32845009394887636,-0.07779479304484793
中证全指,1.0,2020-06-30,2021-06-30,0.23464194869289368,0.23464194869289368,-0.04258619812281572
中证全指,1.0,2020-07-31,2021-07-30,0.05116769465970794,0.05116769465970794,0.008712954082571445
中证全指,1.0,2020-08-31,2021-08-31,0.05730477105196474,0.05730477105196474,0.04140576635551074
中证全指,1.0,2020-09-30,2021-09-30,0.1184572354909208,0.1184572354909208,0.038869731598026425
中证全指,1.0,2020-10-30,2021-10-29,0.11100832993172483,0.11100832993172483,0.04644983590951468
中证全指,1.0,2020-11-30,2021-11-30,0.0963072929100024,0.0963072929100024,0.1047974735758479
中证全指,1.0,2020-12-31,2021-12-31,0.07701809986822528,0.07701809986822528,0.11218544666273933
中证全指,1.0,2021-01-29,2022-01-28,-0.02366106466102691,-0.02366106466102691,0.10848275016297582
中证全指,1.0,2021-02-26,2022-02-28,0.0028327668764585034,0.0028327668764585034,0.12909465232745854
中证全指,1.0,2021-03-31,2022-03-31,-0.041648709476607815,-0.041648709476607815,0.10709184659410953
中证全指,1.0,2021-04-30,2022-04-29,-0.1500932725095947,-0.1500932725095947,0.0522994550352035
中证全指,1.0,2021-05-31,2022-05-31,-0.14354270746357845,-0.14354270746357845,0.07492328609840371
中证全指,1.0,2021-06-30,2022-06-30,-0.0679492093185432,-0.0679492093185432,0.056092569000935066
中证全指,1.0,2021-07-30,2022-07-29,-0.06183101538073543,-0.06183101538073543,0.05305262873304861
中证全指,1.0,2021-08-31,2022-08-31,-0.11431079283032275,-0.11431079283032275,0.019047987954024292
中证全指,1.0,2021-09-30,2022-09-30,-0.1770804276428759,-0.1770804276428759,0.024310755327927924
中证全指,1.0,2021-10-29,2022-10-31,-0.2028607510763789,-0.2028607510763789,0.06710266897238415
中证全指,1.0,2021-11-30,2022-11-30,-0.16162871246031174,-0.16162871246031174,0.02393471013277282
中证全指,1.0,2021-12-31,2022-12-30,-0.18925267534811763,-0.18925267534811763,0.009114438589109763
中证全指,1.0,2022-01-28,2023-01-31,-0.0376776428781187,-0.0376776428781187,0.030540976589972013
中证全指,1.0,2022-02-28,2023-02-28,-0.06282323495491482,-0.06282323495491482,0.028335726642354397
中证全指,1.0,2022-03-31,2023-03-31,0.005683734525876671,0.005683734525876671,0.024043187653108977
中证全指,1.0,2022-04-29,2023-04-28,0.09447846837154139,0.09447846837154139,0.0682393520890685
中证全指,1.0,2022-05-31,2023-05-31,-0.0007059095881433164,-0.0007059095881433164,0.049789784107338586
中证全指,1.0,2022-06-30,2023-06-30,-0.07495301519249675,-0.07495301519249675,0.0469293964914379
中证全指,1.0,2022-07-29,2023-07-31,-0.023724102117650636,-0.023724102117650636,-0.011485463775011473
中证全指,1.0,2022-08-31,2023-08-31,-0.051665961406263006,-0.051665961406263006,0.0015396234219706706
中证全指,1.0,2022-09-30,2023-09-28,0.016045786703459575,0.016045786703459575,0.021510681454713576
中证全指,1.0,2022-10-31,2023-10-31,0.0218063731460727,0.0218063731460727,-0.022526020900010657
中证全指,1.0,2022-11-30,2023-11-30,-0.05188255041183332,-0.05188255041183332,0.017324665012342866
中证全指,1.0,2022-12-30,2023-12-29,-0.05343213017859305,-0.05343213017859305,0.037922161639524665
中证全指,1.0,2023-01-31,2024-01-31,-0.22833139654954526,-0.22833139654954526,-0.02135498639862199
中证全指,1.0,2023-02-28,2024-02-29,-0.1538295673495289,-0.1538295673495289,-0.039443475353875046
中证全指,1.0,2023-03-31,2024-03-29,-0.13507042778357436,-0.13507042778357436,-0.03014649613321052
中证全指,1.0,2023-04-28,2024-04-30,-0.11292416270203864,-0.11292416270203864,-0.03049742958893409
中证全指,1.0,2023-05-31,2024-05-31,-0.09239917776037598,-0.09239917776037598,-0.05953311967423014
中证全指,1.0,2023-06-30,2024-06-28,-0.15290821206421745,-0.15290821206421745,-0.07605380669646389
中证全指,1.0,2023-07-31,2024-07-31,-0.1720223028088148,-0.1720223028088148,-0.05354015240195231
中证全指,1.0,2023-08-31,2024-08-30,-0.15695648207280366,-0.15695648207280366,-0.06445042776108079
中证全指,1.0,2023-09-28,2024-09-30,0.04135526161377401,0.04135526161377401,-0.07970099789347929
中证全指,1.0,2023-10-31,2024-10-31,0.08625072034247139,0.08625072034247139,-0.03576463888243375
中证全指,1.0,2023-11-30,2024-11-29,0.09674094492907481,0.09674094492907481,-0.058095560040416494
中证全指,1.0,2023-12-29,2024-12-31,0.09978509226332144,0.09978509226332144,-0.08260953660650316
中证全指,1.0,2024-01-31,2025-01-27,0.22548238334621562,0.22548238334621562,-0.0011767402402953486
中证全指,1.0,2024-02-29,2025-02-28,0.1686169796450303,0.1686169796450303,0.02542915707164095
中证全指,1.0,2024-03-29,2025-03-31,0.147699570969537,0.147699570969537,0.01222502287655014
中证全指,1.0,2024-04-30,2025-04-30,0.09870040383734291,0.09870040383734291,0.017442272545241888
中证全指,1.0,2024-05-31,2025-05-30,0.13784438177102154,0.13784438177102154,0.029733028037381093
中证全指,1.0,2024-06-28,2025-06-30,0.2545439045183291,0.2545439045183291,0.08012541923867444
中证全指,1.0,2024-07-31,2025-07-31,0.31110355317480565,0.31110355317480565,0.09384251093243745
中证全指,1.0,2024-08-30,2025-08-29,0.5135282439353603,0.5135282439353603,0.1229845276618442
中证全指,1.0,2024-09-30,2025-09-30,0.2723896335553917,0.2723896335553917,0.08592135173139837
中证全指,1.0,2024-10-31,2025-10-31,0.24745596791638058,0.24745596791638058,0.021801827014547026
中证全指,1.0,2024-11-29,2025-11-28,0.20585324274706207,0.20585324274706207,0.018255868161962452
中证全指,1.0,2024-12-31,2025-12-31,0.27032936256615736,0.27032936256615736,0.06049347131035332
中证全指,1.0,2025-01-27,2026-01-30,0.37663057295775015,0.37663057295775015,0.11016102378197945
中证全指,1.0,2025-02-28,2026-02-27,0.345445823215796,0.345445823215796,0.10065814389693939
中证全指,1.0,2025-03-31,2026-03-31,0.23369083239357535,0.23369083239357535,0.05696986540514004
中证全指,1.0,2025-04-30,2026-04-30,0.38489613303247583,0.38489613303247583,0.07480628663370226
中证全指,1.0,2025-05-30,2026-05-29,0.36160307357399324,0.36160307357399324,0.05252457799285781
中证全指,1.0,2025-06-30,2026-06-30,0.34432378803734776,0.34432378803734776,0.04785195339485848
中证全指,1.0,2025-07-31,2026-07-31,0.11602043536846351,0.11602043536846351,-0.03515085543222596
中证全指,1.0,2025-08-29,2026-08-31,0.05900354252656892,0.05900354252656892,0.00688457383132568
中证全指,1.0,2025-09-30,2026-09-30,-0.023409733600723737,-0.023409733600723737,0.015327411395642865
300价值,1.0,2012-12-31,2013-12-31,-0.08667883503338836,-0.08667883503338836,-0.03336764519522206
300价值,1.0,2013-01-31,2014-01-30,-0.20720979041650667,-0.20720979041650667,-0.047476596910296154
300价值,1.0,2013-02-28,2014-02-28,-0.20161067205562178,-0.20161067205562178,-0.03717980974238566
300价值,1.0,2013-03-29,2014-03-31,-0.12179274658553874,-0.12179274658553874,-0.0036593575237204856
300价值,1.0,2013-04-26,2014-04-30,-0.09457177880056433,-0.09457177880056433,0.0007334048178411212
300价值,1.0,2013-05-31,2014-05-30,-0.13173231352726067,-0.13173231352726067,0.01925691902990201
300价值,1.0,2013-06-28,2014-06-30,0.03243373583365794,0.03243373583365794,0.024616653910147335
300价值,1.0,2013-07-31,2014-07-31,0.17083758073191935,0.17083758073191935,0.06884313694471977
300价值,1.0,2013-08-30,2014-08-29,0.08229789353828632,0.08229789353828632,0.0433461314807313
300价值,1.0,2013-09-30,2014-09-30,0.07664146931416638,0.07664146931416638,0.031237782186509966
300价值,1.0,2013-10-31,2014-10-31,0.10908312260380137,0.10908312260380137,0.023328767772975212
300价值,1.0,2013-11-29,2014-11-28,0.233938437780979,0.233938437780979,0.050547105113631696
300价值,1.0,2013-12-31,2014-12-31,0.7037593142865144,0.7037593142865144,0.1452722894852121
300价值,1.0,2014-01-30,2015-01-30,0.7184564846957229,0.7184564846957229,0.11569211275762337
300价值,1.0,2014-02-28,2015-02-27,0.7637161475008474,0.7637161475008474,0.07846232324266134
300价值,1.0,2014-03-31,2015-03-31,0.9479923461551274,0.9479923461551274,0.00822183935763876
300价值,1.0,2014-04-30,2015-04-30,1.3139587499452627,1.3139587499452627,0.052551835161504634
300价值,1.0,2014-05-30,2015-05-29,1.22710721216394,1.22710721216394,-0.0771658621901925
300价值,1.0,2014-06-30,2015-06-30,1.1906305244549205,1.1906305244549205,0.08083973696779045
300价值,1.0,2014-07-31,2015-07-31,0.6854908663329757,0.6854908663329757,0.03589603711921785
300价值,1.0,2014-08-29,2015-08-31,0.5650740213499732,0.5650740213499732,0.10347037924275404
300价值,1.0,2014-09-30,2015-09-30,0.4586340016745818,0.4586340016745818,0.13183108000053756
300价值,1.0,2014-10-31,2015-10-30,0.4942386074591647,0.4942386074591647,0.06353256092498771
300价值,1.0,2014-11-28,2015-11-30,0.33040149959638776,0.33040149959638776,0.04112457594859986
300价值,1.0,2014-12-31,2015-12-31,0.07451011004677555,0.07451011004677555,0.0023466818292581237
300价值,1.0,2015-01-30,2016-01-29,-0.06170613481224951,-0.06170613481224951,0.06737978678760892
300价值,1.0,2015-02-27,2016-02-29,-0.09532962163293468,-0.09532962163293468,0.08678615556158276
300价值,1.0,2015-03-31,2016-03-31,-0.11726103395208332,-0.11726103395208332,0.07604419374004623
300价值,1.0,2015-04-30,2016-04-29,-0.27046023705740985,-0.27046023705740985,0.05470817584279919
300价值,1.0,2015-05-29,2016-05-31,-0.24032621785060415,-0.24032621785060415,0.09456140621382436
300价值,1.0,2015-06-30,2016-06-30,-0.23786802696540754,-0.23786802696540754,0.04403868951727807
300价值,1.0,2015-07-31,2016-07-29,-0.08253913189335083,-0.08253913189335083,0.06011251416486163
300价值,1.0,2015-08-31,2016-08-31,0.05854043823403976,0.05854043823403976,0.04759915197815645
300价值,1.0,2015-09-30,2016-09-30,0.08806884781136937,0.08806884781136937,0.04899357669645932
300价值,1.0,2015-10-30,2016-10-31,0.04442917645128519,0.04442917645128519,0.07882304800070372
300价值,1.0,2015-11-30,2016-11-30,0.11653523747859551,0.11653523747859551,0.10179715326165661
300价值,1.0,2015-12-31,2016-12-30,-0.015307878194637858,-0.015307878194637858,0.07728021470749935
300价值,1.0,2016-01-29,2017-01-26,0.23577891910766602,0.23577891910766602,0.05959879677729263
300价值,1.0,2016-02-29,2017-02-28,0.28433633687510484,0.28433633687510484,0.05738465462350528
300价值,1.0,2016-03-31,2017-03-31,0.18279984158825013,0.18279984158825013,0.08440778245683589
300价值,1.0,2016-04-29,2017-04-28,0.187509051959871,0.187509051959871,0.07355464454985716
300价值,1.0,2016-05-31,2017-05-31,0.24376020276656063,0.24376020276656063,0.11689051590548227
300价值,1.0,2016-06-30,2017-06-30,0.32440831681548876,0.32440831681548876,0.13632325386708044
300价值,1.0,2016-07-29,2017-07-31,0.32300299376938635,0.32300299376938635,0.13288565095718963
300价值,1.0,2016-08-31,2017-08-31,0.2818213389162856,0.2818213389162856,0.10993564935131328
300价值,1.0,2016-09-30,2017-09-29,0.2991881181739102,0.2991881181739102,0.09588690920445209
300价值,1.0,2016-10-31,2017-10-31,0.3365550772904362,0.3365550772904362,0.11107036135214887
300价值,1.0,2016-11-30,2017-11-30,0.2722284426322181,0.2722284426322181,0.11685325236627131
300价值,1.0,2016-12-30,2017-12-29,0.36198129527411527,0.36198129527411527,0.11946955480479948
300价值,1.0,2017-01-26,2018-01-31,0.44568197171027646,0.44568197171027646,0.15772663477513627
300价值,1.0,2017-02-28,2018-02-28,0.31659985405994573,0.31659985405994573,0.12738494180048776
300价值,1.0,2017-03-31,2018-03-30,0.23404719921825956,0.23404719921825956,0.08317217049409598
300价值,1.0,2017-04-28,2018-04-27,0.19492673159188123,0.19492673159188123,0.08067461882684412
300价值,1.0,2017-05-31,2018-05-31,0.14237926240620347,0.14237926240620347,0.03165065278053514
300价值,1.0,2017-06-30,2018-06-29,0.022194236128602496,0.022194236128602496,0.04385772629728468
300价值,1.0,2017-07-31,2018-07-31,0.018471902701769016,0.018471902701769016,0.057046624041800276
300价值,1.0,2017-08-31,2018-08-31,-0.02474110931696838,-0.02474110931696838,0.08373389620969585
300价值,1.0,2017-09-29,2018-09-28,0.021872016466007782,0.021872016466007782,0.10582078754880087
300价值,1.0,2017-10-31,2018-10-31,-0.08245792917821215,-0.08245792917821215,0.11294359382951336
300价值,1.0,2017-11-30,2018-11-30,-0.11830168693211707,-0.11830168693211707,0.07208760996046326
300价值,1.0,2017-12-29,2018-12-28,-0.16427131652549254,-0.16427131652549254,0.07210263336187206
300价值,1.0,2018-01-31,2019-01-31,-0.18377598952070429,-0.18377598952070429,0.05081833782672407
300价值,1.0,2018-02-28,2019-02-28,-0.043796802492782505,-0.043796802492782505,0.023739695604164113
300价值,1.0,2018-03-30,2019-03-29,0.042290780079096146,0.042290780079096146,0.026624171561455023
300价值,1.0,2018-04-27,2019-04-30,0.10766521488103131,0.10766521488103131,0.0421435669612118
300价值,1.0,2018-05-31,2019-05-31,0.03274430867331124,0.03274430867331124,0.05486087955165497
300价值,1.0,2018-06-29,2019-06-28,0.14646852440930092,0.14646852440930092,0.03137570650248156
300价值,1.0,2018-07-31,2019-07-31,0.12341034401943962,0.12341034401943962,0.007810429118619178
300价值,1.0,2018-08-31,2019-08-30,0.10668340878929694,0.10668340878929694,-0.05921930244999607
300价值,1.0,2018-09-28,2019-09-30,0.07092003882788322,0.07092003882788322,-0.0639077009756146
300价值,1.0,2018-10-31,2019-10-31,0.14858914291753278,0.14858914291753278,-0.1120770509106539
300价值,1.0,2018-11-30,2019-11-29,0.1542163112093029,0.1542163112093029,-0.08020740809674476
300价值,1.0,2018-12-28,2019-12-31,0.2838406719180162,0.2838406719180162,-0.10802707784169585
300价值,1.0,2019-01-31,2020-01-23,0.13792616767445143,0.13792616767445143,-0.14130080563915315
300价值,1.0,2019-02-28,2020-02-28,0.004369751334431182,0.004369751334431182,-0.0937064199647264
300价值,1.0,2019-03-29,2020-03-31,-0.0912198199880595,-0.0912198199880595,-0.06463692070136517
300价值,1.0,2019-04-30,2020-04-30,-0.0827524934397641,-0.0827524934397641,-0.10484568803997862
300价值,1.0,2019-05-31,2020-05-29,-0.04903615463098088,-0.04903615463098088,-0.13714926928419013
300价值,1.0,2019-06-28,2020-06-30,-0.07968490442026799,-0.07968490442026799,-0.19261811313345445
300价值,1.0,2019-07-31,2020-07-31,-0.01747853441082181,-0.01747853441082181,-0.2680639712841172
300价值,1.0,2019-08-30,2020-08-31,0.06667259554215499,0.06667259554215499,-0.22725569196855666
300价值,1.0,2019-09-30,2020-09-30,0.02276090919004825,0.02276090919004825,-0.20458402405259024
300价值,1.0,2019-10-31,2020-10-30,0.025532893727955752,0.025532893727955752,-0.20742005914425632
300价值,1.0,2019-11-29,2020-11-30,0.1389775840334655,0.1389775840334655,-0.1839000631505816
300价值,1.0,2019-12-31,2020-12-31,0.041427351006487534,0.041427351006487534,-0.25749015238408557
300价值,1.0,2020-01-23,2021-01-29,0.11875144586003228,0.11875144586003228,-0.246109742721909
300价值,1.0,2020-02-28,2021-02-26,0.22561775997232258,0.22561775997232258,-0.15742151830499407
300价值,1.0,2020-03-31,2021-03-31,0.2897142430148638,0.2897142430148638,-0.10874280496801014
300价值,1.0,2020-04-30,2021-04-30,0.20874354137865891,0.20874354137865891,-0.12939348913953563
300价值,1.0,2020-05-29,2021-05-31,0.2695697683367968,0.2695697683367968,-0.1366751186569275
300价值,1.0,2020-06-30,2021-06-30,0.19735698218049724,0.19735698218049724,-0.07987116463521216
300价值,1.0,2020-07-31,2021-07-30,0.012090133305767914,0.012090133305767914,-0.030364607271368582
300价值,1.0,2020-08-31,2021-08-31,0.027436884273715156,0.027436884273715156,0.011537879577261156
300价值,1.0,2020-09-30,2021-09-30,0.0735761268434536,0.0735761268434536,-0.006011377049440769
300价值,1.0,2020-10-30,2021-10-29,0.03960033984706879,0.03960033984706879,-0.024958154175141356
300价值,1.0,2020-11-30,2021-11-30,-0.08575823865990151,-0.08575823865990151,-0.077268057994056
300价值,1.0,2020-12-31,2021-12-31,-0.007912248293036384,-0.007912248293036384,0.02725509850147767
300价值,1.0,2021-01-29,2022-01-28,-0.04841811808495,-0.04841811808495,0.08372569673905272
300价值,1.0,2021-02-26,2022-02-28,-0.08945036281130725,-0.08945036281130725,0.036811522639692784
300价值,1.0,2021-03-31,2022-03-31,-0.10722467789867052,-0.10722467789867052,0.04151587817204683
300价值,1.0,2021-04-30,2022-04-29,-0.11957224213149542,-0.11957224213149542,0.08282048541330278
300价值,1.0,2021-05-31,2022-05-31,-0.14459077373735418,-0.14459077373735418,0.07387521982462797
300价值,1.0,2021-06-30,2022-06-30,-0.07117034248187049,-0.07117034248187049,0.05287143583760778
300价值,1.0,2021-07-30,2022-07-29,-0.03705998939999544,-0.03705998939999544,0.0778236547137886
300价值,1.0,2021-08-31,2022-08-31,-0.07790983944494834,-0.07790983944494834,0.055448941339398705
300价值,1.0,2021-09-30,2022-09-30,-0.13104118109129181,-0.13104118109129181,0.07035000187951201
300价值,1.0,2021-10-29,2022-10-31,-0.19236331588114386,-0.19236331588114386,0.0776001041676192
300价值,1.0,2021-11-30,2022-11-30,-0.043355408030211984,-0.043355408030211984,0.14220801456287258
300价值,1.0,2021-12-31,2022-12-30,-0.1036847100094388,-0.1036847100094388,0.0946824039277886
300价值,1.0,2022-01-28,2023-01-31,-0.0397782982004401,-0.0397782982004401,0.028440321267650615
300价值,1.0,2022-02-28,2023-02-28,-0.050982195308439615,-0.050982195308439615,0.0401767662888296
300价值,1.0,2022-03-31,2023-03-31,-0.020158618992636934,-0.020158618992636934,-0.0017991658654046283
300价值,1.0,2022-04-29,2023-04-28,0.07443752351136923,0.07443752351136923,0.048198407228896345
300价值,1.0,2022-05-31,2023-05-31,0.033741022591815106,0.033741022591815106,0.08423671628729701
300价值,1.0,2022-06-30,2023-06-30,-0.0050220825317690565,-0.0050220825317690565,0.1168603291521656
300价值,1.0,2022-07-29,2023-07-31,0.14362090193599597,0.14362090193599597,0.15585954027863513
300价值,1.0,2022-08-31,2023-08-31,0.06681655786779772,0.06681655786779772,0.1200221426960314
300价值,1.0,2022-09-30,2023-09-28,0.1236371678920094,0.1236371678920094,0.1291020626432634
300价值,1.0,2022-10-31,2023-10-31,0.17036485359713094,0.17036485359713094,0.12603245955104758
300价值,1.0,2022-11-30,2023-11-30,-0.004612197863571144,-0.004612197863571144,0.06459501756060504
300价值,1.0,2022-12-30,2023-12-29,0.0030171473825564288,0.0030171473825564288,0.09437143920067415
300价值,1.0,2023-01-31,2024-01-31,-0.00934259640474322,-0.00934259640474322,0.19763381374618005
300价值,1.0,2023-02-28,2024-02-29,0.056088632804404126,0.056088632804404126,0.170474724800058
300价值,1.0,2023-03-31,2024-03-29,0.05553424476076407,0.05553424476076407,0.16045817641112792
300价值,1.0,2023-04-28,2024-04-30,0.03065450120378288,0.03065450120378288,0.11308123431688744
300价值,1.0,2023-05-31,2024-05-31,0.09564995626098605,0.09564995626098605,0.1285160143471319
300价值,1.0,2023-06-30,2024-06-28,0.0853161554559776,0.0853161554559776,0.16217056082373116
300价值,1.0,2023-07-31,2024-07-31,0.001773454086965831,0.001773454086965831,0.12025560449382833
300价值,1.0,2023-08-31,2024-08-30,0.04638869374547627,0.04638869374547627,0.13889474805719915
300价值,1.0,2023-09-28,2024-09-30,0.21230623713641816,0.21230623713641816,0.09124997762916487
300价值,1.0,2023-10-31,2024-10-31,0.22799120173751852,0.22799120173751852,0.10597584251261338
300价值,1.0,2023-11-30,2024-11-29,0.25084056233513685,0.25084056233513685,0.09600405736564555
300价值,1.0,2023-12-29,2024-12-31,0.3084210270354546,0.3084210270354546,0.12602639816563
300价值,1.0,2024-01-31,2025-01-27,0.22993137177999912,0.22993137177999912,0.0032722481934881475
300价值,1.0,2024-02-29,2025-02-28,0.15156788538217203,0.15156788538217203,0.008380062808782673
300价值,1.0,2024-03-29,2025-03-31,0.17520925629860473,0.17520925629860473,0.039734708205617864
300价值,1.0,2024-04-30,2025-04-30,0.12430834138068358,0.12430834138068358,0.04305021008858256
300价值,1.0,2024-05-31,2025-05-30,0.15045439414531114,0.15045439414531114,0.042343040411670696
300价值,1.0,2024-06-28,2025-06-30,0.19734861220536648,0.19734861220536648,0.022930126925711836
300价值,1.0,2024-07-31,2025-07-31,0.2217196947802622,0.2217196947802622,0.0044586525378940145
300价值,1.0,2024-08-30,2025-08-29,0.2621822902692992,0.2621822902692992,-0.12836142600421696
300价值,1.0,2024-09-30,2025-09-30,0.03405710400198747,0.03405710400198747,-0.15241117782200586
300价值,1.0,2024-10-31,2025-10-31,0.11053332402064697,0.11053332402064697,-0.11512081688118658
300价值,1.0,2024-11-29,2025-11-28,0.127698354385674,0.127698354385674,-0.05989902019942561
300价值,1.0,2024-12-31,2025-12-31,0.1110477052545964,0.1110477052545964,-0.09878818600120765
300价值,1.0,2025-01-27,2026-01-30,0.13080907141010978,0.13080907141010978,-0.13566047776566093
300价值,1.0,2025-02-28,2026-02-27,0.13885067382037697,0.13885067382037697,-0.10593700549847962
300价值,1.0,2025-03-31,2026-03-31,0.09063171231177725,0.09063171231177725,-0.08608925467665807
300价值,1.0,2025-04-30,2026-04-30,0.1248330836188829,0.1248330836188829,-0.18525676277989067
300价值,1.0,2025-05-30,2026-05-29,0.04531976086464651,0.04531976086464651,-0.2637587347164889
300价值,1.0,2025-06-30,2026-06-30,-0.030409777063423293,-0.030409777063423293,-0.32688161170591257
300价值,1.0,2025-07-31,2026-07-31,0.03215116660112716,0.03215116660112716,-0.11902012419956232
300价值,1.0,2025-08-29,2026-08-31,0.02028828117286996,0.02028828117286996,-0.03183068752237328
300价值,1.0,2025-09-30,2026-09-30,0.05101122506185796,0.05101122506185796,0.08974837005822456
中证红利,1.0,2012-12-31,2013-12-31,-0.06739704269314761,-0.06739704269314761,-0.014085852854981318
中证红利,1.0,2013-01-31,2014-01-30,-0.1657548496176363,-0.1657548496176363,-0.006021656111425799
中证红利,1.0,2013-02-28,2014-02-28,-0.1284732977424703,-0.1284732977424703,0.03595756457076582
中证红利,1.0,2013-03-29,2014-03-31,-0.07625189805214938,-0.07625189805214938,0.04188149100966887
中证红利,1.0,2013-04-26,2014-04-30,-0.06908176067141647,-0.06908176067141647,0.026223422946988983
中证红利,1.0,2013-05-31,2014-05-30,-0.11758088438623404,-0.11758088438623404,0.03340834817092864
中证红利,1.0,2013-06-28,2014-06-30,0.05943097221198479,0.05943097221198479,0.051613890288474185
中证红利,1.0,2013-07-31,2014-07-31,0.18044715056189742,0.18044715056189742,0.07845270677469784
中证红利,1.0,2013-08-30,2014-08-29,0.12785025127387994,0.12785025127387994,0.08889848921632493
中证红利,1.0,2013-09-30,2014-09-30,0.15311708500288113,0.15311708500288113,0.10771339787522471
中证红利,1.0,2013-10-31,2014-10-31,0.19327659949135967,0.19327659949135967,0.1075222446605335
中证红利,1.0,2013-11-29,2014-11-28,0.2765439427948224,0.2765439427948224,0.09315261012747511
中证红利,1.0,2013-12-31,2014-12-31,0.5759391621180181,0.5759391621180181,0.0174521373167158
中证红利,1.0,2014-01-30,2015-01-30,0.6245786769197599,0.6245786769197599,0.02181430498166037
中证红利,1.0,2014-02-28,2015-02-27,0.607079639850588,0.607079639850588,-0.07817418440759805
中证红利,1.0,2014-03-31,2015-03-31,0.9293668075960464,0.9293668075960464,-0.01040369920144224
中证红利,1.0,2014-04-30,2015-04-30,1.3244584256809895,1.3244584256809895,0.06305151089723138
中证红利,1.0,2014-05-30,2015-05-29,1.5190339512987245,1.5190339512987245,0.21476087694459212
中证红利,1.0,2014-06-30,2015-06-30,1.3639004264852193,1.3639004264852193,0.25410963899808925
中证红利,1.0,2014-07-31,2015-07-31,0.8226156714663992,0.8226156714663992,0.17302084225264136
中证红利,1.0,2014-08-29,2015-08-31,0.5731838336666129,0.5731838336666129,0.1115801915593937
中证红利,1.0,2014-09-30,2015-09-30,0.3985333554143533,0.3985333554143533,0.07173043374030907
中证红利,1.0,2014-10-31,2015-10-30,0.5279605869949571,0.5279605869949571,0.09725454046078008
中证红利,1.0,2014-11-28,2015-11-30,0.4823461789679948,0.4823461789679948,0.1930692553202069
中证红利,1.0,2014-12-31,2015-12-31,0.29886813846314,0.29886813846314,0.22670471024562255
中证红利,1.0,2015-01-30,2016-01-29,0.017299117017323562,0.017299117017323562,0.146385038617182
中证红利,1.0,2015-02-27,2016-02-29,-0.013184625958600926,-0.013184625958600926,0.1689311512359165
中证红利,1.0,2015-03-31,2016-03-31,-0.06825739711645751,-0.06825739711645751,0.12504783057567204
中证红利,1.0,2015-04-30,2016-04-29,-0.22578908840373757,-0.22578908840373757,0.09937932449647147
中证红利,1.0,2015-05-29,2016-05-31,-0.290993525403602,-0.290993525403602,0.0438940986608265
中证红利,1.0,2015-06-30,2016-06-30,-0.25568435164324144,-0.25568435164324144,0.02622236483944418
中证红利,1.0,2015-07-31,2016-07-29,-0.0852629877721689,-0.0852629877721689,0.05738865828604356
中证红利,1.0,2015-08-31,2016-08-31,0.09155881708566316,0.09155881708566316,0.08061753082977985
中证红利,1.0,2015-09-30,2016-09-30,0.13246924839568153,0.13246924839568153,0.09339397728077148
中证红利,1.0,2015-10-30,2016-10-31,0.040077338974645604,0.040077338974645604,0.07447121052406414
中证红利,1.0,2015-11-30,2016-11-30,0.040548638626076716,0.040548638626076716,0.02581055440913782
中证红利,1.0,2015-12-31,2016-12-30,-0.043037409230485935,-0.043037409230485935,0.049550683671651274
中证红利,1.0,2016-01-29,2017-01-26,0.25573299994564347,0.25573299994564347,0.07955287761527008
中证红利,1.0,2016-02-29,2017-02-28,0.30481743998523525,0.30481743998523525,0.07786575773363569
中证红利,1.0,2016-03-31,2017-03-31,0.18106986173955275,0.18106986173955275,0.0826778026081385
中证红利,1.0,2016-04-29,2017-04-28,0.18813489966747832,0.18813489966747832,0.07418049225746448
中证红利,1.0,2016-05-31,2017-05-31,0.20844324546344528,0.20844324546344528,0.08157355860236692
中证红利,1.0,2016-06-30,2017-06-30,0.2661404962109004,0.2661404962109004,0.07805543326249209
中证红利,1.0,2016-07-29,2017-07-31,0.23688756148584766,0.23688756148584766,0.04677021867365094
中证红利,1.0,2016-08-31,2017-08-31,0.20549513141121256,0.20549513141121256,0.03360944184624026
中证红利,1.0,2016-09-30,2017-09-29,0.2283342077553281,0.2283342077553281,0.025032998785869953
中证红利,1.0,2016-10-31,2017-10-31,0.22011760987308637,0.22011760987308637,-0.005367106065200966
中证红利,1.0,2016-11-30,2017-11-30,0.14717619678373373,0.14717619678373373,-0.00819899348221309
中证红利,1.0,2016-12-30,2017-12-29,0.21340493273302918,0.21340493273302918,-0.0291068077362866
中证红利,1.0,2017-01-26,2018-01-31,0.2589002031017602,0.2589002031017602,-0.029055133833379987
中证红利,1.0,2017-02-28,2018-02-28,0.1562053775897836,0.1562053775897836,-0.03300953466967438
中证红利,1.0,2017-03-31,2018-03-30,0.09980469953197812,0.09980469953197812,-0.05107032919218546
中证红利,1.0,2017-04-28,2018-04-27,0.06721191430740059,0.06721191430740059,-0.04704019845763652
中证红利,1.0,2017-05-31,2018-05-31,0.08425469287007137,0.08425469287007137,-0.02647391675559696
中证红利,1.0,2017-06-30,2018-06-29,-0.0472888250404041,-0.0472888250404041,-0.025625334871721916
中证红利,1.0,2017-07-31,2018-07-31,-0.05444143055777151,-0.05444143055777151,-0.01586670921774025
中证红利,1.0,2017-08-31,2018-08-31,-0.11606750454865222,-0.11606750454865222,-0.007592499021987997
中证红利,1.0,2017-09-29,2018-09-28,-0.08818355058005478,-0.08818355058005478,-0.004234779497261698
中证红利,1.0,2017-10-31,2018-10-31,-0.17134577387486283,-0.17134577387486283,0.02405574913286268
中证红利,1.0,2017-11-30,2018-11-30,-0.1554403533044031,-0.1554403533044031,0.03494894358817724
中证红利,1.0,2017-12-29,2018-12-28,-0.16152435434161116,-0.16152435434161116,0.07484959554575343
中证红利,1.0,2018-01-31,2019-01-31,-0.17873269249548518,-0.17873269249548518,0.055861634851943176
中证红利,1.0,2018-02-28,2019-02-28,-0.037431659768320524,-0.037431659768320524,0.030104838328626093
中证红利,1.0,2018-03-30,2019-03-29,0.06863752863114003,0.06863752863114003,0.05297092011349891
中证红利,1.0,2018-04-27,2019-04-30,0.1059795720149137,0.1059795720149137,0.04045792409509419
中证红利,1.0,2018-05-31,2019-05-31,0.023168437967933997,0.023168437967933997,0.04528500884627773
中证红利,1.0,2018-06-29,2019-06-28,0.1027156908219844,0.1027156908219844,-0.01237712708483496
中证红利,1.0,2018-07-31,2019-07-31,0.08133209265250163,0.08133209265250163,-0.03426782224831881
中证红利,1.0,2018-08-31,2019-08-30,0.10457983271706639,0.10457983271706639,-0.06132287852222662
中证红利,1.0,2018-09-28,2019-09-30,0.06689269423220234,0.06689269423220234,-0.06793504557129548
中证红利,1.0,2018-10-31,2019-10-31,0.15793619674378023,0.15793619674378023,-0.10272999708440644
中证红利,1.0,2018-11-30,2019-11-29,0.1365725564652467,0.1365725564652467,-0.09785116284080098
中证红利,1.0,2018-12-28,2019-12-31,0.20875835970320966,0.20875835970320966,-0.1831093900565024
中证红利,1.0,2019-01-31,2020-01-23,0.12407262886062709,0.12407262886062709,-0.1551543444529775
中证红利,1.0,2019-02-28,2020-02-28,-0.014715494389774375,-0.014715494389774375,-0.11279166568893195
中证红利,1.0,2019-03-29,2020-03-31,-0.12465575665537132,-0.12465575665537132,-0.09807285736867699
中证红利,1.0,2019-04-30,2020-04-30,-0.09657205261823454,-0.09657205261823454,-0.11866524721844907
中证红利,1.0,2019-05-31,2020-05-29,-0.06522013953647465,-0.06522013953647465,-0.1533332541896839
中证红利,1.0,2019-06-28,2020-06-30,-0.029987068773317138,-0.029987068773317138,-0.1429202774865036
中证红利,1.0,2019-07-31,2020-07-31,0.07458010513534274,0.07458010513534274,-0.17600533173795263
中证红利,1.0,2019-08-30,2020-08-31,0.14861044966432635,0.14861044966432635,-0.1453178378463853
中证红利,1.0,2019-09-30,2020-09-30,0.09500357698814521,0.09500357698814521,-0.13234135625449328
中证红利,1.0,2019-10-31,2020-10-30,0.0986717470157017,0.0986717470157017,-0.13428120585651038
中证红利,1.0,2019-11-29,2020-11-30,0.20415562361272843,0.20415562361272843,-0.11872202357131867
中证红利,1.0,2019-12-31,2020-12-31,0.08184824984462225,0.08184824984462225,-0.21706925354595086
中证红利,1.0,2020-01-23,2021-01-29,0.07285415462363165,0.07285415462363165,-0.2920070339583096
中证红利,1.0,2020-02-28,2021-02-26,0.17416501589349043,0.17416501589349043,-0.20887426238382623
中证红利,1.0,2020-03-31,2021-03-31,0.2694294564510229,0.2694294564510229,-0.12902759153185106
中证红利,1.0,2020-04-30,2021-04-30,0.2639273014618728,0.2639273014618728,-0.07420972905632173
中证红利,1.0,2020-05-29,2021-05-31,0.3567142973061985,0.3567142973061985,-0.04953058968752577
中证红利,1.0,2020-06-30,2021-06-30,0.3084896914720012,0.3084896914720012,0.03126154465629183
中证红利,1.0,2020-07-31,2021-07-30,0.13363106269743352,0.13363106269743352,0.09117632212029703
中证红利,1.0,2020-08-31,2021-08-31,0.21748911611483757,0.21748911611483757,0.20159011141838357
中证红利,1.0,2020-09-30,2021-09-30,0.2446969590758057,0.2446969590758057,0.1651094551829113
中证红利,1.0,2020-10-30,2021-10-29,0.1674013275263888,0.1674013275263888,0.10284283350417867
中证红利,1.0,2020-11-30,2021-11-30,0.09156394108554866,0.09156394108554866,0.10005412175139416
中证红利,1.0,2020-12-31,2021-12-31,0.18191520845692466,0.18191520845692466,0.2170825552514387
中证红利,1.0,2021-01-29,2022-01-28,0.178560319065024,0.178560319065024,0.31070413388902673
中证红利,1.0,2021-02-26,2022-02-28,0.1563269982265887,0.1563269982265887,0.2825888836775887
中证红利,1.0,2021-03-31,2022-03-31,0.14537668460433228,0.14537668460433228,0.29411724067504963
中证红利,1.0,2021-04-30,2022-04-29,0.0559289361258728,0.0559289361258728,0.258321663670671
中证红利,1.0,2021-05-31,2022-05-31,0.021704713633346584,0.021704713633346584,0.24017070719532874
中证红利,1.0,2021-06-30,2022-06-30,0.04260135372508622,0.04260135372508622,0.1666431320445645
中证红利,1.0,2021-07-30,2022-07-29,0.06881498986758938,0.06881498986758938,0.18369863398137343
中证红利,1.0,2021-08-31,2022-08-31,-0.01939635758024505,-0.01939635758024505,0.11396242320410199
中证红利,1.0,2021-09-30,2022-09-30,-0.02114315643637954,-0.02114315643637954,0.1802480265344243
中证红利,1.0,2021-10-29,2022-10-31,-0.031543745480838714,-0.031543745480838714,0.23841967456792434
中证红利,1.0,2021-11-30,2022-11-30,0.06964116235171303,0.06964116235171303,0.2552045849447976
中证红利,1.0,2021-12-31,2022-12-30,-0.0036743961549704496,-0.0036743961549704496,0.19469271778225694
中证红利,1.0,2022-01-28,2023-01-31,0.07270180019465378,0.07270180019465378,0.1409204196627445
中证红利,1.0,2022-02-28,2023-02-28,0.059560486789721256,0.059560486789721256,0.15071944838699047
中证红利,1.0,2022-03-31,2023-03-31,0.028823014779377987,0.028823014779377987,0.04718246790661029
中证红利,1.0,2022-04-29,2023-04-28,0.13708670343677132,0.13708670343677132,0.11084758715429843
中证红利,1.0,2022-05-31,2023-05-31,0.078022235332738,0.078022235332738,0.1285179290282199
中证红利,1.0,2022-06-30,2023-06-30,0.04591163391997699,0.04591163391997699,0.16779404560391165
中证红利,1.0,2022-07-29,2023-07-31,0.12951871523461533,0.12951871523461533,0.1417573535772545
中证红利,1.0,2022-08-31,2023-08-31,0.06548377917541437,0.06548377917541437,0.11868936400364805
中证红利,1.0,2022-09-30,2023-09-28,0.11708632803779828,0.11708632803779828,0.12255122278905228
中证红利,1.0,2022-10-31,2023-10-31,0.1549094972615861,0.1549094972615861,0.11057710321550274
中证红利,1.0,2022-11-30,2023-11-30,0.031094573629840916,0.031094573629840916,0.1003017890540171
中证红利,1.0,2022-12-30,2023-12-29,0.06341040153476829,0.06341040153476829,0.154764693352886
中证红利,1.0,2023-01-31,2024-01-31,0.04982496454804375,0.04982496454804375,0.256801374698967
中证红利,1.0,2023-02-28,2024-02-29,0.08816839075981453,0.08816839075981453,0.2025544827554684
中证红利,1.0,2023-03-31,2024-03-29,0.09611612566793148,0.09611612566793148,0.20104005731829533
中证红利,1.0,2023-04-28,2024-04-30,0.07135861345058703,0.07135861345058703,0.15378534656369158
中证红利,1.0,2023-05-31,2024-05-31,0.14643723760941474,0.14643723760941474,0.17930329569556058
中证红利,1.0,2023-06-30,2024-06-28,0.1149565880400989,0.1149565880400989,0.19181099340785246
中证红利,1.0,2023-07-31,2024-07-31,0.021456954713213294,0.021456954713213294,0.1399391051200758
中证红利,1.0,2023-08-31,2024-08-30,0.029014688719021686,0.029014688719021686,0.12152074303074456
中证红利,1.0,2023-09-28,2024-09-30,0.1645759209547728,0.1645759209547728,0.04351966144751951
中证红利,1.0,2023-10-31,2024-10-31,0.12294986969544563,0.12294986969544563,0.000934510470540495
中证红利,1.0,2023-11-30,2024-11-29,0.13763331101535492,0.13763331101535492,-0.017203193954136387
中证红利,1.0,2023-12-29,2024-12-31,0.18757238445489355,0.18757238445489355,0.005177755585068944
中证红利,1.0,2024-01-31,2025-01-27,0.1284649598690868,0.1284649598690868,-0.09819416371742418
中证红利,1.0,2024-02-29,2025-02-28,0.041088109992063915,0.041088109992063915,-0.10209971258132544
中证红利,1.0,2024-03-29,2025-03-31,0.06669693530079446,0.06669693530079446,-0.06877761279219241
中证红利,1.0,2024-04-30,2025-04-30,0.030946057755174117,0.030946057755174117,-0.050312073536926905
中证红利,1.0,2024-05-31,2025-05-30,0.017526132242380754,0.017526132242380754,-0.0905852214912597
中证红利,1.0,2024-06-28,2025-06-30,0.06820086261199232,0.06820086261199232,-0.10621762266766233
中证红利,1.0,2024-07-31,2025-07-31,0.1257741791227882,0.1257741791227882,-0.09148686311957999
中证红利,1.0,2024-08-30,2025-08-29,0.17543490366979508,0.17543490366979508,-0.21510881260372106
中证红利,1.0,2024-09-30,2025-09-30,0.0063128342387890335,0.0063128342387890335,-0.1801554475852043
中证红利,1.0,2024-10-31,2025-10-31,0.11256180630646839,0.11256180630646839,-0.11309233459536516
中证红利,1.0,2024-11-29,2025-11-28,0.08137200951359413,0.08137200951359413,-0.10622536507150548
中证红利,1.0,2024-12-31,2025-12-31,0.0376258878787441,0.0376258878787441,-0.17221000337705994
中证红利,1.0,2025-01-27,2026-01-30,0.10853321242769076,0.10853321242769076,-0.15793633674807994
中证红利,1.0,2025-02-28,2026-02-27,0.15283636654873023,0.15283636654873023,-0.09195131277012636
中证红利,1.0,2025-03-31,2026-03-31,0.113057542906422,0.113057542906422,-0.06366342408201331
中证红利,1.0,2025-04-30,2026-04-30,0.15319211029203372,0.15319211029203372,-0.15689773610673985
中证红利,1.0,2025-05-30,2026-05-29,0.0767739497593114,0.0767739497593114,-0.23230454582182403
中证红利,1.0,2025-06-30,2026-06-30,-0.03186688439034813,-0.03186688439034813,-0.3283387190328374
中证红利,1.0,2025-07-31,2026-07-31,0.058261283762525595,0.058261283762525595,-0.09291000703816388
中证红利,1.0,2025-08-29,2026-08-31,0.07665620324820899,0.07665620324820899,0.024537234552965748
中证红利,1.0,2025-09-30,2026-09-30,0.04907132077163312,0.04907132077163312,0.08780846576799972
红利低波,1.0,2012-12-31,2013-12-31,0.1456213944388307,0.1456213944388307,0.198932584276997
红利低波,1.0,2013-01-31,2014-01-30,0.046116353537929644,0.046116353537929644,0.20584954704414016
红利低波,1.0,2013-02-28,2014-02-28,0.04496602425931395,0.04496602425931395,0.20939688657255007
红利低波,1.0,2013-03-29,2014-03-31,0.05315351199525775,0.05315351199525775,0.171286901057076
红利低波,1.0,2013-04-26,2014-04-30,0.0687079442314158,0.0687079442314158,0.16401312784982125
红利低波,1.0,2013-05-31,2014-05-30,-0.014746990150540706,-0.014746990150540706,0.13624224240662197
红利低波,1.0,2013-06-28,2014-06-30,0.18423294274079605,0.18423294274079605,0.17641586081728544
红利低波,1.0,2013-07-31,2014-07-31,0.2736391361942023,0.2736391361942023,0.17164469240700275
红利低波,1.0,2013-08-30,2014-08-29,0.2005653604889852,0.2005653604889852,0.1616135984314302
红利低波,1.0,2013-09-30,2014-09-30,0.21874418078188396,0.21874418078188396,0.17334049365422755
红利低波,1.0,2013-10-31,2014-10-31,0.2306983155219018,0.2306983155219018,0.14494396069107562
红利低波,1.0,2013-11-29,2014-11-28,0.2852626723811793,0.2852626723811793,0.101871339713832
红利低波,1.0,2013-12-31,2014-12-31,0.5778436853747801,0.5778436853747801,0.019356660573477846
红利低波,1.0,2014-01-30,2015-01-30,0.5796213426372381,0.5796213426372381,-0.02314302930086143
红利低波,1.0,2014-02-28,2015-02-27,0.5877977892810158,0.5877977892810158,-0.09745603497717026
红利低波,1.0,2014-03-31,2015-03-31,0.7856677385617663,0.7856677385617663,-0.15410276823572233
红利低波,1.0,2014-04-30,2015-04-30,1.1085141547155728,1.1085141547155728,-0.1528927600681853
红利低波,1.0,2014-05-30,2015-05-29,1.2812360300992922,1.2812360300992922,-0.02303704425484021
红利低波,1.0,2014-06-30,2015-06-30,1.1815928209896578,1.1815928209896578,0.07180203350252778
红利低波,1.0,2014-07-31,2015-07-31,0.7155916111159486,0.7155916111159486,0.06599678190219072
红利低波,1.0,2014-08-29,2015-08-31,0.5123705907731202,0.5123705907731202,0.050766948665901035
红利低波,1.0,2014-09-30,2015-09-30,0.35770673425488186,0.35770673425488186,0.03090381258083763
红利低波,1.0,2014-10-31,2015-10-30,0.4369742765507161,0.4369742765507161,0.006268230016539089
红利低波,1.0,2014-11-28,2015-11-30,0.3612012757910186,0.3612012757910186,0.07192435214323067
红利低波,1.0,2014-12-31,2015-12-31,0.16057348069374466,0.16057348069374466,0.08841005247622724
红利低波,1.0,2015-01-30,2016-01-29,-0.02765605475649613,-0.02765605475649613,0.1014298668433623
红利低波,1.0,2015-02-27,2016-02-29,-0.05522665126651605,-0.05522665126651605,0.1268891259280014
红利低波,1.0,2015-03-31,2016-03-31,-0.08262143674669131,-0.08262143674669131,0.11068379094543823
红利低波,1.0,2015-04-30,2016-04-29,-0.22719097297725543,-0.22719097297725543,0.0979774399229536
红利低波,1.0,2015-05-29,2016-05-31,-0.2750291406456771,-0.2750291406456771,0.05985848341875144
红利低波,1.0,2015-06-30,2016-06-30,-0.252631892155751,-0.252631892155751,0.029274824326934623
红利低波,1.0,2015-07-31,2016-07-29,-0.07323407251034131,-0.07323407251034131,0.06941757354787115
红利低波,1.0,2015-08-31,2016-08-31,0.08356342468565292,0.08356342468565292,0.07262213842976961
红利低波,1.0,2015-09-30,2016-09-30,0.12291488988456112,0.12291488988456112,0.08383961876965107
红利低波,1.0,2015-10-30,2016-10-31,0.05540996450142566,0.05540996450142566,0.08980383605084419
红利低波,1.0,2015-11-30,2016-11-30,0.08823831444409569,0.08823831444409569,0.0735002302271568
红利低波,1.0,2015-12-31,2016-12-30,0.0008414697800089854,0.0008414697800089854,0.0934295626821462
红利低波,1.0,2016-01-29,2017-01-26,0.26562165644936386,0.26562165644936386,0.08944153411899047
红利低波,1.0,2016-02-29,2017-02-28,0.3129455641677936,0.3129455641677936,0.08599388191619406
红利低波,1.0,2016-03-31,2017-03-31,0.21214252963767088,0.21214252963767088,0.11375047050625664
红利低波,1.0,2016-04-29,2017-04-28,0.24575755460648874,0.24575755460648874,0.1318031471964749
红利低波,1.0,2016-05-31,2017-05-31,0.2575351287551799,0.2575351287551799,0.13066544189410156
红利低波,1.0,2016-06-30,2017-06-30,0.3205283262495293,0.3205283262495293,0.132443263301121
红利低波,1.0,2016-07-29,2017-07-31,0.26071712904976097,0.26071712904976097,0.07059978623756424
红利低波,1.0,2016-08-31,2017-08-31,0.2053277299005507,0.2053277299005507,0.033442040335578405
红利低波,1.0,2016-09-30,2017-09-29,0.22399886811695735,0.22399886811695735,0.020697659147499214
红利低波,1.0,2016-10-31,2017-10-31,0.24381106929530771,0.24381106929530771,0.018326353357020375
红利低波,1.0,2016-11-30,2017-11-30,0.15904778928399987,0.15904778928399987,0.0036725990180530577
红利低波,1.0,2016-12-30,2017-12-29,0.23567804076498833,0.23567804076498833,-0.006833699704327456
红利低波,1.0,2017-01-26,2018-01-31,0.27514459781092016,0.27514459781092016,-0.012810739124220039
红利低波,1.0,2017-02-28,2018-02-28,0.1740810957243193,0.1740810957243193,-0.015133816535138678
红利低波,1.0,2017-03-31,2018-03-30,0.11429230608268282,0.11429230608268282,-0.03658272264148077
红利低波,1.0,2017-04-28,2018-04-27,0.05245192665449805,0.05245192665449805,-0.06180018611053906
红利低波,1.0,2017-05-31,2018-05-31,0.06959760286436811,0.06959760286436811,-0.041131006761300215
红利低波,1.0,2017-06-30,2018-06-29,-0.049442118978221816,-0.049442118978221816,-0.02777862880953963
红利低波,1.0,2017-07-31,2018-07-31,-0.0625741099167717,-0.0625741099167717,-0.023999388576740444
红利低波,1.0,2017-08-31,2018-08-31,-0.11265975512743742,-0.11265975512743742,-0.004184749600773197
红利低波,1.0,2017-09-29,2018-09-28,-0.07451798229665119,-0.07451798229665119,0.009430788786141897
红利低波,1.0,2017-10-31,2018-10-31,-0.18399669360820792,-0.18399669360820792,0.011404829399517591
红利低波,1.0,2017-11-30,2018-11-30,-0.16128736798348509,-0.16128736798348509,0.029101928909095243
红利低波,1.0,2017-12-29,2018-12-28,-0.16394905259139902,-0.16394905259139902,0.07242489729596557
红利低波,1.0,2018-01-31,2019-01-31,-0.1829734469175126,-0.1829734469175126,0.05162088042991575
红利低波,1.0,2018-02-28,2019-02-28,-0.07035247739043049,-0.07035247739043049,-0.0028159792934838723
红利低波,1.0,2018-03-30,2019-03-29,0.03172421098755063,0.03172421098755063,0.016057602469909504
红利低波,1.0,2018-04-27,2019-04-30,0.05521307559024069,0.05521307559024069,-0.010308572329578825
红利低波,1.0,2018-05-31,2019-05-31,-0.03154688798540917,-0.03154688798540917,-0.009430317107065433
红利低波,1.0,2018-06-29,2019-06-28,0.057218856188644196,0.057218856188644196,-0.05787396171817516
红利低波,1.0,2018-07-31,2019-07-31,0.07157378222450683,0.07157378222450683,-0.04402613267631361
红利低波,1.0,2018-08-31,2019-08-30,0.09907924722988493,0.09907924722988493,-0.06682346400940808
红利低波,1.0,2018-09-28,2019-09-30,0.04995047366604166,0.04995047366604166,-0.08487726613745616
红利低波,1.0,2018-10-31,2019-10-31,0.15915087029652453,0.15915087029652453,-0.10151532353166215
红利低波,1.0,2018-11-30,2019-11-29,0.14838118332712624,0.14838118332712624,-0.08604253597892142
红利低波,1.0,2018-12-28,2019-12-31,0.2093962882916658,0.2093962882916658,-0.18247146146804627
红利低波,1.0,2019-01-31,2020-01-23,0.1009444847689347,0.1009444847689347,-0.17828248854466988
红利低波,1.0,2019-02-28,2020-02-28,-0.01639331994661941,-0.01639331994661941,-0.11446949124577699
红利低波,1.0,2019-03-29,2020-03-31,-0.12340484780035066,-0.12340484780035066,-0.09682194851365633
红利低波,1.0,2019-04-30,2020-04-30,-0.07432472379991395,-0.07432472379991395,-0.09641791840012848
红利低波,1.0,2019-05-31,2020-05-29,-0.05112698785379566,-0.05112698785379566,-0.13924010250700491
红利低波,1.0,2019-06-28,2020-06-30,-0.040543904386992624,-0.040543904386992624,-0.15347711310017909
红利低波,1.0,2019-07-31,2020-07-31,0.05970340496481952,0.05970340496481952,-0.19088203190847586
红利低波,1.0,2019-08-30,2020-08-31,0.13540843682956094,0.13540843682956094,-0.1585198506811507
红利低波,1.0,2019-09-30,2020-09-30,0.07060241501316389,0.07060241501316389,-0.1567425182294746
红利低波,1.0,2019-10-31,2020-10-30,0.061821187707011616,0.061821187707011616,-0.17113176516520046
红利低波,1.0,2019-11-29,2020-11-30,0.15176374010436144,0.15176374010436144,-0.17111390707968566
红利低波,1.0,2019-12-31,2020-12-31,0.0199000050642002,0.0199000050642002,-0.2790174983263729
红利低波,1.0,2020-01-23,2021-01-29,0.03871501778218023,0.03871501778218023,-0.32614617079976105
红利低波,1.0,2020-02-28,2021-02-26,0.1540708167331517,0.1540708167331517,-0.22896846154416495
红利低波,1.0,2020-03-31,2021-03-31,0.25876980876923206,0.25876980876923206,-0.1396872392136419
红利低波,1.0,2020-04-30,2021-04-30,0.22075161589753622,0.22075161589753622,-0.11738541462065832
红利低波,1.0,2020-05-29,2021-05-31,0.3343898905078009,0.3343898905078009,-0.07185499648592342
红利低波,1.0,2020-06-30,2021-06-30,0.247842900628918,0.247842900628918,-0.02938524618679139
红利低波,1.0,2020-07-31,2021-07-30,0.04509853709556255,0.04509853709556255,0.002643796518426056
红利低波,1.0,2020-08-31,2021-08-31,0.11818242694391645,0.11818242694391645,0.10228342224746245
红利低波,1.0,2020-09-30,2021-09-30,0.23339398260461608,0.23339398260461608,0.1538064787117217
红利低波,1.0,2020-10-30,2021-10-29,0.11826554412299872,0.11826554412299872,0.05370705010078858
红利低波,1.0,2020-11-30,2021-11-30,0.01682637515251617,0.01682637515251617,0.025316555818361675
红利低波,1.0,2020-12-31,2021-12-31,0.16337258247623954,0.16337258247623954,0.1985399292707536
红利低波,1.0,2021-01-29,2022-01-28,0.19644075501593417,0.19644075501593417,0.3285845698399369
红利低波,1.0,2021-02-26,2022-02-28,0.16428880115438416,0.16428880115438416,0.2905506866053842
红利低波,1.0,2021-03-31,2022-03-31,0.15115252007807767,0.15115252007807767,0.299893076148795
红利低波,1.0,2021-04-30,2022-04-29,0.12873807457593078,0.12873807457593078,0.331130802120729
红利低波,1.0,2021-05-31,2022-05-31,0.07411641800790059,0.07411641800790059,0.29258241156988274
红利低波,1.0,2021-06-30,2022-06-30,0.11975416081133683,0.11975416081133683,0.2437959391308151
红利低波,1.0,2021-07-30,2022-07-29,0.1519189260522007,0.1519189260522007,0.26680257016598474
红利低波,1.0,2021-08-31,2022-08-31,0.07266814386256337,0.07266814386256337,0.20602692464691041
红利低波,1.0,2021-09-30,2022-09-30,0.015445597576150272,0.015445597576150272,0.2168367805469541
红利低波,1.0,2021-10-29,2022-10-31,0.031586044113497413,0.031586044113497413,0.30154946416226047
红利低波,1.0,2021-11-30,2022-11-30,0.16525308746933343,0.16525308746933343,0.350816510062418
红利低波,1.0,2021-12-31,2022-12-30,0.03456577916081427,0.03456577916081427,0.23293289309804166
红利低波,1.0,2022-01-28,2023-01-31,0.07841808248353921,0.07841808248353921,0.14663670195162992
红利低波,1.0,2022-02-28,2023-02-28,0.07832291720404005,0.07832291720404005,0.16948187880130927
红利低波,1.0,2022-03-31,2023-03-31,0.06548704539470052,0.06548704539470052,0.08384649852193282
红利低波,1.0,2022-04-29,2023-04-28,0.15521029494381144,0.15521029494381144,0.12897117866133856
红利低波,1.0,2022-05-31,2023-05-31,0.0974607051523253,0.0974607051523253,0.1479563988478072
红利低波,1.0,2022-06-30,2023-06-30,0.07783229839585193,0.07783229839585193,0.19971471007978658
红利低波,1.0,2022-07-29,2023-07-31,0.19250183141675392,0.19250183141675392,0.20474046975939308
红利低波,1.0,2022-08-31,2023-08-31,0.10483469670121615,0.10483469670121615,0.15804028152944982
红利低波,1.0,2022-09-30,2023-09-28,0.14720621413582835,0.14720621413582835,0.15267110888708235
红利低波,1.0,2022-10-31,2023-10-31,0.20150635445450726,0.20150635445450726,0.1571739604084239
红利低波,1.0,2022-11-30,2023-11-30,0.07545477448438653,0.07545477448438653,0.14466198990856272
红利低波,1.0,2022-12-30,2023-12-29,0.12231287899102838,0.12231287899102838,0.2136671708091461
红利低波,1.0,2023-01-31,2024-01-31,0.135164665818585,0.135164665818585,0.34214107596950827
红利低波,1.0,2023-02-28,2024-02-29,0.15284378577121127,0.15284378577121127,0.26722987776686513
红利低波,1.0,2023-03-31,2024-03-29,0.14561099709129754,0.14561099709129754,0.2505349287416614
红利低波,1.0,2023-04-28,2024-04-30,0.09851308573363737,0.09851308573363737,0.18093981884674193
红利低波,1.0,2023-05-31,2024-05-31,0.1844951124187988,0.1844951124187988,0.21736117050494463
红利低波,1.0,2023-06-30,2024-06-28,0.1705010243596139,0.1705010243596139,0.24735542972736746
红利低波,1.0,2023-07-31,2024-07-31,0.06515326184798576,0.06515326184798576,0.18363541225484825
红利低波,1.0,2023-08-31,2024-08-30,0.08921282958967613,0.08921282958967613,0.181718883901399
红利低波,1.0,2023-09-28,2024-09-30,0.19716133730453222,0.19716133730453222,0.07610507779727893
红利低波,1.0,2023-10-31,2024-10-31,0.16967615608097053,0.16967615608097053,0.04766079685606539
红利低波,1.0,2023-11-30,2024-11-29,0.19269107037734212,0.19269107037734212,0.037854565407850815
红利低波,1.0,2023-12-29,2024-12-31,0.24821663685112205,0.24821663685112205,0.06582200798129745
红利低波,1.0,2024-01-31,2025-01-27,0.16709185710619923,0.16709185710619923,-0.05956726648031174
红利低波,1.0,2024-02-29,2025-02-28,0.09552756965478149,0.09552756965478149,-0.04766025291860787
红利低波,1.0,2024-03-29,2025-03-31,0.11675772974258347,0.11675772974258347,-0.018716818350403397
红利低波,1.0,2024-04-30,2025-04-30,0.08060347409622803,0.08060347409622803,-0.0006546571958729874
红利低波,1.0,2024-05-31,2025-05-30,0.08377827595140097,0.08377827595140097,-0.024333077782239476
红利低波,1.0,2024-06-28,2025-06-30,0.13951859524041232,0.13951859524041232,-0.03489989003924232
红利低波,1.0,2024-07-31,2025-07-31,0.16962965928179496,0.16962965928179496,-0.04763138296057323
红利低波,1.0,2024-08-30,2025-08-29,0.2089156197571529,0.2089156197571529,-0.18162809651636325
红利低波,1.0,2024-09-30,2025-09-30,0.02849314306503281,0.02849314306503281,-0.15797513875896052
红利低波,1.0,2024-10-31,2025-10-31,0.13223994859042776,0.13223994859042776,-0.0934141923114058
红利低波,1.0,2024-11-29,2025-11-28,0.12338524358380853,0.12338524358380853,-0.06421213100129108
红利低波,1.0,2024-12-31,2025-12-31,0.055748982778061285,0.055748982778061285,-0.15408690847774276
红利低波,1.0,2025-01-27,2026-01-30,0.07596995760034853,0.07596995760034853,-0.19049959157542218
红利低波,1.0,2025-02-28,2026-02-27,0.09474781696051804,0.09474781696051804,-0.15003986235833855
红利低波,1.0,2025-03-31,2026-03-31,0.08792021350909529,0.08792021350909529,-0.08880075347934002
红利低波,1.0,2025-04-30,2026-04-30,0.0798516325155545,0.0798516325155545,-0.23023821388321908
红利低波,1.0,2025-05-30,2026-05-29,0.014702049847344467,0.014702049847344467,-0.29437644573379096
红利低波,1.0,2025-06-30,2026-06-30,-0.09647264325416793,-0.09647264325416793,-0.3929444778966572
红利低波,1.0,2025-07-31,2026-07-31,0.02368783538260022,0.02368783538260022,-0.12748345541808925
红利低波,1.0,2025-08-29,2026-08-31,0.0044011077226489,0.0044011077226489,-0.04771786097259434
红利低波,1.0,2025-09-30,2026-09-30,0.05155492166509634,0.05155492166509634,0.09029206666146294
红利质量,1.0,2012-12-31,2013-12-31,0.1752946551644028,0.1752946551644028,0.22860584500256909
红利质量,1.0,2013-01-31,2014-01-30,0.16973980703158564,0.16973980703158564,0.32947300053779616
红利质量,1.0,2013-02-28,2014-02-28,0.08987401767055969,0.08987401767055969,0.2543048799837958
红利质量,1.0,2013-03-29,2014-03-31,0.07877166941026359,0.07877166941026359,0.19690505847208184
红利质量,1.0,2013-04-26,2014-04-30,0.12197876810058972,0.12197876810058972,0.21728395171899517
红利质量,1.0,2013-05-31,2014-05-30,0.0568992813654412,0.0568992813654412,0.20788851392260388
红利质量,1.0,2013-06-28,2014-06-30,0.1879744061934301,0.1879744061934301,0.18015732426991948
红利质量,1.0,2013-07-31,2014-07-31,0.20917630375171758,0.20917630375171758,0.10718185996451801
红利质量,1.0,2013-08-30,2014-08-29,0.14177141635595092,0.14177141635595092,0.1028196542983959
红利质量,1.0,2013-09-30,2014-09-30,0.15097475689878803,0.15097475689878803,0.10557106977113162
红利质量,1.0,2013-10-31,2014-10-31,0.17721517529401853,0.17721517529401853,0.09146082046319237
红利质量,1.0,2013-11-29,2014-11-28,0.1754035567414054,0.1754035567414054,-0.007987775925941909
红利质量,1.0,2013-12-31,2014-12-31,0.24834097096163843,0.24834097096163843,-0.31014605383966387
红利质量,1.0,2014-01-30,2015-01-30,0.30323145058701084,0.30323145058701084,-0.29953292135108867
红利质量,1.0,2014-02-28,2015-02-27,0.41369858500667145,0.41369858500667145,-0.2715552392515146
红利质量,1.0,2014-03-31,2015-03-31,0.7245666421241124,0.7245666421241124,-0.21520386467337627
红利质量,1.0,2014-04-30,2015-04-30,0.9787558595993919,0.9787558595993919,-0.2826510551843662
红利质量,1.0,2014-05-30,2015-05-29,1.1969821875788913,1.1969821875788913,-0.10729088677524112
红利质量,1.0,2014-06-30,2015-06-30,1.0100836885770526,1.0100836885770526,-0.09970709891007745
红利质量,1.0,2014-07-31,2015-07-31,0.7077447758932409,0.7077447758932409,0.05814994667948303
红利质量,1.0,2014-08-29,2015-08-31,0.4940826841577717,0.4940826841577717,0.03247904205055252
红利质量,1.0,2014-09-30,2015-09-30,0.35605867458647733,0.35605867458647733,0.029255752912433097
红利质量,1.0,2014-10-31,2015-10-30,0.5246123139840915,0.5246123139840915,0.09390626744991448
红利质量,1.0,2014-11-28,2015-11-30,0.5100865822775318,0.5100865822775318,0.2208096586297439
红利质量,1.0,2014-12-31,2015-12-31,0.5273653023308185,0.5273653023308185,0.45520187411330104
红利质量,1.0,2015-01-30,2016-01-29,0.12379597836437939,0.12379597836437939,0.2528818999642378
红利质量,1.0,2015-02-27,2016-02-29,0.043700056163148204,0.043700056163148204,0.22581583335766564
红利质量,1.0,2015-03-31,2016-03-31,0.03236464931433569,0.03236464931433569,0.22566987700646524
红利质量,1.0,2015-04-30,2016-04-29,-0.09545572130723468,-0.09545572130723468,0.22971269159297436
红利质量,1.0,2015-05-29,2016-05-31,-0.1806482480483308,-0.1806482480483308,0.15423937601609772
红利质量,1.0,2015-06-30,2016-06-30,-0.08956497185324042,-0.08956497185324042,0.1923417446294452
红利质量,1.0,2015-07-31,2016-07-29,0.04433475382816465,0.04433475382816465,0.1869863998863771
红利质量,1.0,2015-08-31,2016-08-31,0.21824468217681137,0.21824468217681137,0.20730339592092806
红利质量,1.0,2015-09-30,2016-09-30,0.2564548212742872,0.2564548212742872,0.21737955015937716
红利质量,1.0,2015-10-30,2016-10-31,0.1392974739634638,0.1392974739634638,0.17369134551288234
红利质量,1.0,2015-11-30,2016-11-30,0.14508582086078436,0.14508582086078436,0.13034773664384547
红利质量,1.0,2015-12-31,2016-12-30,0.0029166138711946843,0.0029166138711946843,0.0955047067733319
红利质量,1.0,2016-01-29,2017-01-26,0.31163127360197684,0.31163127360197684,0.13545115127160345
红利质量,1.0,2016-02-29,2017-02-28,0.38577915519542216,0.38577915519542216,0.1588274729438226
红利质量,1.0,2016-03-31,2017-03-31,0.24775977857211706,0.24775977857211706,0.14936771944070282
红利质量,1.0,2016-04-29,2017-04-28,0.25781760406736565,0.25781760406736565,0.1438631966573518
红利质量,1.0,2016-05-31,2017-05-31,0.258184541816451,0.258184541816451,0.13131485495537265
红利质量,1.0,2016-06-30,2017-06-30,0.3270204103179999,0.3270204103179999,0.13893534736959157
红利质量,1.0,2016-07-29,2017-07-31,0.304078943846144,0.304078943846144,0.11396160103394726
红利质量,1.0,2016-08-31,2017-08-31,0.2847225931992057,0.2847225931992057,0.11283690363423338
红利质量,1.0,2016-09-30,2017-09-29,0.33998663552095776,0.33998663552095776,0.13668542655149962
红利质量,1.0,2016-10-31,2017-10-31,0.39575251625447727,0.39575251625447727,0.17026780031618993
红利质量,1.0,2016-11-30,2017-11-30,0.3301152106703207,0.3301152106703207,0.17474002040437386
红利质量,1.0,2016-12-30,2017-12-29,0.4652580450278063,0.4652580450278063,0.22274630455849054
红利质量,1.0,2017-01-26,2018-01-31,0.48336087011779494,0.48336087011779494,0.19540553318265474
红利质量,1.0,2017-02-28,2018-02-28,0.3727067121184209,0.3727067121184209,0.1834917998589629
红利质量,1.0,2017-03-31,2018-03-30,0.28563719956770384,0.28563719956770384,0.13476217084354025
红利质量,1.0,2017-04-28,2018-04-27,0.27326271135058233,0.27326271135058233,0.15901059858554523
红利质量,1.0,2017-05-31,2018-05-31,0.3753686111712551,0.3753686111712551,0.26464000154558676
红利质量,1.0,2017-06-30,2018-06-29,0.22579402715455799,0.22579402715455799,0.24745751732324017
红利质量,1.0,2017-07-31,2018-07-31,0.20217715027504446,0.20217715027504446,0.24075187161507572
红利质量,1.0,2017-08-31,2018-08-31,0.07295384763744117,0.07295384763744117,0.1814288531641054
红利质量,1.0,2017-09-29,2018-09-28,0.060390521508006945,0.060390521508006945,0.14433929259080003
红利质量,1.0,2017-10-31,2018-10-31,-0.14395597344427413,-0.14395597344427413,0.051445549563451376
红利质量,1.0,2017-11-30,2018-11-30,-0.1134408032534372,-0.1134408032534372,0.07694849363914313
红利质量,1.0,2017-12-29,2018-12-28,-0.1639517160371845,-0.1639517160371845,0.0724222338501801
红利质量,1.0,2018-01-31,2019-01-31,-0.15884207108649961,-0.15884207108649961,0.07575225626092874
红利质量,1.0,2018-02-28,2019-02-28,-0.017062074211102063,-0.017062074211102063,0.050474423885844555
红利质量,1.0,2018-03-30,2019-03-29,0.1363501461249632,0.1363501461249632,0.12068353760732209
红利质量,1.0,2018-04-27,2019-04-30,0.1525683816459531,0.1525683816459531,0.08704673372613358
红利质量,1.0,2018-05-31,2019-05-31,-0.015178839418364398,-0.015178839418364398,0.006937731459979335
红利质量,1.0,2018-06-29,2019-06-28,0.09322778984138957,0.09322778984138957,-0.02186502806542978
红利质量,1.0,2018-07-31,2019-07-31,0.09037807371420326,0.09037807371420326,-0.02522184118661719
红利质量,1.0,2018-08-31,2019-08-30,0.22832505064847375,0.22832505064847375,0.06242233940918074
红利质量,1.0,2018-09-28,2019-09-30,0.17931463042489115,0.17931463042489115,0.04448689062139333
红利质量,1.0,2018-10-31,2019-10-31,0.399865739034019,0.399865739034019,0.13919954520583233
红利质量,1.0,2018-11-30,2019-11-29,0.34593318545306806,0.34593318545306806,0.1115094661470204
红利质量,1.0,2018-12-28,2019-12-31,0.45662085686640697,0.45662085686640697,0.06475310710669491
红利质量,1.0,2019-01-31,2020-01-23,0.4227797330416967,0.4227797330416967,0.14355275972809212
红利质量,1.0,2019-02-28,2020-02-28,0.2540808268013037,0.2540808268013037,0.15600465550214615
红利质量,1.0,2019-03-29,2020-03-31,0.052546062572558005,0.052546062572558005,0.07912896185925233
红利质量,1.0,2019-04-30,2020-04-30,0.1280991294497993,0.1280991294497993,0.10600593484958476
红利质量,1.0,2019-05-31,2020-05-29,0.2524881740500189,0.2524881740500189,0.16437505939680963
红利质量,1.0,2019-06-28,2020-06-30,0.30299452425224604,0.30299452425224604,0.19006131553905958
红利质量,1.0,2019-07-31,2020-07-31,0.49545694085478265,0.49545694085478265,0.24487150398148727
红利质量,1.0,2019-08-30,2020-08-31,0.5095678459155912,0.5095678459155912,0.21563955840487958
红利质量,1.0,2019-09-30,2020-09-30,0.4255909513230751,0.4255909513230751,0.19824601808043663
红利质量,1.0,2019-10-31,2020-10-30,0.40500240111481767,0.40500240111481767,0.1720494482426056
红利质量,1.0,2019-11-29,2020-11-30,0.4028159403986944,0.4028159403986944,0.0799382932146473
红利质量,1.0,2019-12-31,2020-12-31,0.43282171795532776,0.43282171795532776,0.13390421456475465
红利质量,1.0,2020-01-23,2021-01-29,0.4080602169147811,0.4080602169147811,0.04319902833283984
红利质量,1.0,2020-02-28,2021-02-26,0.38270909781698226,0.38270909781698226,-0.00033018046033439497
红利质量,1.0,2020-03-31,2021-03-31,0.44394979944591917,0.44394979944591917,0.04549275146304521
红利质量,1.0,2020-04-30,2021-04-30,0.42140979512883536,0.42140979512883536,0.08327276461064081
红利质量,1.0,2020-05-29,2021-05-31,0.4075117662980199,0.4075117662980199,0.0012668793042955873
红利质量,1.0,2020-06-30,2021-06-30,0.26016226695290445,0.26016226695290445,-0.017065879862804945
红利质量,1.0,2020-07-31,2021-07-30,-0.0029625569138052033,-0.0029625569138052033,-0.0454172974909417
红利质量,1.0,2020-08-31,2021-08-31,-0.019798391875375354,-0.019798391875375354,-0.035697396571829354
红利质量,1.0,2020-09-30,2021-09-30,0.0636833169921398,0.0636833169921398,-0.01590418690075457
红利质量,1.0,2020-10-30,2021-10-29,0.0556924706801627,0.0556924706801627,-0.008866023342047447
红利质量,1.0,2020-11-30,2021-11-30,0.10294057145333269,0.10294057145333269,0.11143075211917819
红利质量,1.0,2020-12-31,2021-12-31,0.08954876902702735,0.08954876902702735,0.1247161158215414
红利质量,1.0,2021-01-29,2022-01-28,-0.04062953524321611,-0.04062953524321611,0.09151427958078662
红利质量,1.0,2021-02-26,2022-02-28,0.03989151319127049,0.03989151319127049,0.16615339864227052
红利质量,1.0,2021-03-31,2022-03-31,0.008192123647325245,0.008192123647325245,0.1569326797180426
红利质量,1.0,2021-04-30,2022-04-29,-0.11227646996682228,-0.11227646996682228,0.09011625757797592
红利质量,1.0,2021-05-31,2022-05-31,-0.11821298488416809,-0.11821298488416809,0.10025300867781406
红利质量,1.0,2021-06-30,2022-06-30,-0.049671621871768656,-0.049671621871768656,0.07437015644770961
红利质量,1.0,2021-07-30,2022-07-29,-0.03470627627252576,-0.03470627627252576,0.08017736784125828
红利质量,1.0,2021-08-31,2022-08-31,-0.026949118440247055,-0.026949118440247055,0.10640966234409999
红利质量,1.0,2021-09-30,2022-09-30,-0.06474396320291453,-0.06474396320291453,0.1366472197678893
红利质量,1.0,2021-10-29,2022-10-31,-0.10139463687130545,-0.10139463687130545,0.1685687831774576
红利质量,1.0,2021-11-30,2022-11-30,-0.04357901386263874,-0.04357901386263874,0.14198440873044582
红利质量,1.0,2021-12-31,2022-12-30,-0.11994969043039994,-0.11994969043039994,0.07841742350682745
红利质量,1.0,2022-01-28,2023-01-31,0.0609303116969091,0.0609303116969091,0.12914893116499981
红利质量,1.0,2022-02-28,2023-02-28,0.04220531740245015,0.04220531740245015,0.13336427899971937
红利质量,1.0,2022-03-31,2023-03-31,0.08415823486456886,0.08415823486456886,0.10251768799180117
红利质量,1.0,2022-04-29,2023-04-28,0.11400154169556043,0.11400154169556043,0.08776242541308754
红利质量,1.0,2022-05-31,2023-05-31,0.04779794129717385,0.04779794129717385,0.09829363499265575
红利质量,1.0,2022-06-30,2023-06-30,-0.03829917405934535,-0.03829917405934535,0.0835832376245893
红利质量,1.0,2022-07-29,2023-07-31,0.07629205313583465,0.07629205313583465,0.08853069147847381
红利质量,1.0,2022-08-31,2023-08-31,0.016839220008541655,0.016839220008541655,0.07004480483677533
红利质量,1.0,2022-09-30,2023-09-28,0.04051671245294708,0.04051671245294708,0.04598160720420108
红利质量,1.0,2022-10-31,2023-10-31,0.045629996232809944,0.045629996232809944,0.0012976021867265874
红利质量,1.0,2022-11-30,2023-11-30,-0.018370382336481472,-0.018370382336481472,0.05083683308769471
红利质量,1.0,2022-12-30,2023-12-29,-0.0252335544431741,-0.0252335544431741,0.06612073737494362
红利质量,1.0,2023-01-31,2024-01-31,-0.16946412757561025,-0.16946412757561025,0.03751228257531303
红利质量,1.0,2023-02-28,2024-02-29,-0.09241745109676192,-0.09241745109676192,0.021968640898891945
红利质量,1.0,2023-03-31,2024-03-29,-0.0756416519389389,-0.0756416519389389,0.02928227971142494
红利质量,1.0,2023-04-28,2024-04-30,-0.019393634635752055,-0.019393634635752055,0.0630330984773525
红利质量,1.0,2023-05-31,2024-05-31,-0.013213283703877643,-0.013213283703877643,0.0196527743822682
红利质量,1.0,2023-06-30,2024-06-28,-0.08776486874046996,-0.08776486874046996,-0.010910463372716395
红利质量,1.0,2023-07-31,2024-07-31,-0.14022689223739515,-0.14022689223739515,-0.021744741830532655
红利质量,1.0,2023-08-31,2024-08-30,-0.14088717292808717,-0.14088717292808717,-0.048381118616364294
红利质量,1.0,2023-09-28,2024-09-30,0.08948447531624826,0.08948447531624826,-0.03157178419100504
红利质量,1.0,2023-10-31,2024-10-31,0.05645054892479173,0.05645054892479173,-0.06556481030011341
红利质量,1.0,2023-11-30,2024-11-29,0.0574599717605373,0.0574599717605373,-0.09737653320895401
红利质量,1.0,2023-12-29,2024-12-31,0.07541792641976519,0.07541792641976519,-0.10697670245005941
红利质量,1.0,2024-01-31,2025-01-27,0.1697674357256289,0.1697674357256289,-0.056891687860882056
红利质量,1.0,2024-02-29,2025-02-28,0.012436361345037783,0.012436361345037783,-0.13075146122835157
红利质量,1.0,2024-03-29,2025-03-31,0.012561053711306558,0.012561053711306558,-0.12291349438168031
红利质量,1.0,2024-04-30,2025-04-30,-0.043685081267978876,-0.043685081267978876,-0.1249432125600799
红利质量,1.0,2024-05-31,2025-05-30,0.016032913121637904,0.016032913121637904,-0.09207844061200254
红利质量,1.0,2024-06-28,2025-06-30,0.13499169676522538,0.13499169676522538,-0.03942678851442927
红利质量,1.0,2024-07-31,2025-07-31,0.24719907000331265,0.24719907000331265,0.029938027760944452
红利质量,1.0,2024-08-30,2025-08-29,0.4582925048513844,0.4582925048513844,0.06774878857786826
红利质量,1.0,2024-09-30,2025-09-30,0.16596558844355136,0.16596558844355136,-0.020502693380441972
红利质量,1.0,2024-10-31,2025-10-31,0.2044726161874737,0.2044726161874737,-0.021181524714359856
红利质量,1.0,2024-11-29,2025-11-28,0.10462390799538035,0.10462390799538035,-0.08297346658971927
红利质量,1.0,2024-12-31,2025-12-31,0.11187147879298176,0.11187147879298176,-0.09796441246282228
红利质量,1.0,2025-01-27,2026-01-30,0.22417271060730481,0.22417271060730481,-0.04229683856846589
红利质量,1.0,2025-02-28,2026-02-27,0.25768932171321723,0.25768932171321723,0.012901642394360646
红利质量,1.0,2025-03-31,2026-03-31,0.1504661699980927,0.1504661699980927,-0.02625479699034261
红利质量,1.0,2025-04-30,2026-04-30,0.27998507101916226,0.27998507101916226,-0.030104775379611315
红利质量,1.0,2025-05-30,2026-05-29,0.16032099428850466,0.16032099428850466,-0.14875750129263077
红利质量,1.0,2025-06-30,2026-06-30,0.13631913772473814,0.13631913772473814,-0.16015269691775114
红利质量,1.0,2025-07-31,2026-07-31,0.10005570377560113,0.10005570377560113,-0.05111558702508834
红利质量,1.0,2025-08-29,2026-08-31,0.0016505690437422782,0.0016505690437422782,-0.05046839965150096
红利质量,1.0,2025-09-30,2026-09-30,-0.05589737090770841,-0.05589737090770841,-0.01716022591134181
价值100,3.0,2012-12-31,2015-12-31,0.9367375,0.24649417655397077,0.3548651901264428
价值100,3.0,2013-01-31,2016-01-29,0.49432031388771125,0.14326761123678433,0.3214170397539131
价值100,3.0,2013-02-28,2016-02-29,0.48290577059746975,0.14034917245913836,0.33120530450070507
价值100,3.0,2013-03-29,2016-03-31,0.7878898356134438,0.21370624097109525,0.4079425576932896
价值100,3.0,2013-04-26,2016-04-29,0.8042840296316027,0.21740468390589096,0.4236574811045484
价值100,3.0,2013-05-31,2016-05-31,0.7290119953078291,0.2002342124572387,0.4278176352635834
价值100,3.0,2013-06-28,2016-06-30,1.0455995493292445,0.26942449162175053,0.5187298682054877
价值100,3.0,2013-07-31,2016-07-29,1.1126999154925015,0.283155446330301,0.5541740660487346
价值100,3.0,2013-08-30,2016-08-31,1.0181397552749671,0.26371870143851117,0.48298934231987656
价值100,3.0,2013-09-30,2016-09-30,0.9554711256333313,0.25050030652976263,0.5142273128350858
价值100,3.0,2013-10-31,2016-10-31,1.0045552202458872,0.26087686091923046,0.5045871788576051
价值100,3.0,2013-11-29,2016-11-30,1.154809135244177,0.291624485349534,0.6066038212610314
价值100,3.0,2013-12-31,2016-12-30,1.0185044180352736,0.26379481169388397,0.502261958971786
价值100,3.0,2014-01-30,2017-01-26,1.1880538358514605,0.298233070099986,0.5462592227703325
价值100,3.0,2014-02-28,2017-02-28,1.2791027496291871,0.315996199370725,0.5879430830103023
价值100,3.0,2014-03-31,2017-03-31,1.304885927714452,0.3209401642570524,0.5861190379293943
价值100,3.0,2014-04-30,2017-04-28,1.3133179240501431,0.3225490085719105,0.6133468389165151
价值100,3.0,2014-05-30,2017-05-31,1.3960122238701627,0.3381239477600049,0.6689711340795284
价值100,3.0,2014-06-30,2017-06-30,1.5544692727923528,0.3669949001119128,0.7544888063473378
价值100,3.0,2014-07-31,2017-07-31,1.3507510777862564,0.3296445198768285,0.6675950028157787
价值100,3.0,2014-08-29,2017-08-31,1.352003068655982,0.329880530595033,0.620430087145251
价值100,3.0,2014-09-30,2017-09-29,1.2892673442657765,0.31794970657718236,0.6303384121085789
价值100,3.0,2014-10-31,2017-10-31,1.3413356307582327,0.32786693918428766,0.6483303013864337
价值100,3.0,2014-11-28,2017-11-30,1.1632229901164237,0.29330343169865025,0.6516705899630513
价值100,3.0,2014-12-31,2017-12-29,0.794312161092458,0.21515776623116656,0.5854801164210297
价值100,3.0,2015-01-30,2018-01-31,0.9684096906776092,0.25325226489103136,0.6490902878434732
价值100,3.0,2015-02-27,2018-02-28,0.791455822812797,0.21451262671607374,0.5980733983936273
价值100,3.0,2015-03-31,2018-03-30,0.5456218982253711,0.15620387538984004,0.5258693621806363
价值100,3.0,2015-04-30,2018-04-27,0.2873099267168544,0.08783001967035498,0.4496913801092236
价值100,3.0,2015-05-29,2018-05-31,0.33526130264550247,0.101172662006483,0.5027757913667554
价值100,3.0,2015-06-30,2018-06-29,0.25306245672710537,0.07809634263631393,0.41838888731419244
价值100,3.0,2015-07-31,2018-07-31,0.5177129041183903,0.14920244741392952,0.5367272888943155
价值100,3.0,2015-08-31,2018-08-31,0.6164985493743627,0.17361352670062513,0.5603020893368831
价值100,3.0,2015-09-30,2018-09-28,0.7795736547186205,0.21182150689704504,0.6342159967240697
价值100,3.0,2015-10-30,2018-10-31,0.4892141831926702,0.14196393366075677,0.5371042002564841
价值100,3.0,2015-11-30,2018-11-30,0.4468565074732118,0.13103268101755416,0.49766632262957466
价值100,3.0,2015-12-31,2018-12-28,0.30116543930191875,0.09171892722796082,0.44020001628177396
价值100,3.0,2016-01-29,2019-01-31,0.7204738722356396,0.1982553053919045,0.560985720631904
价值100,3.0,2016-02-29,2019-02-28,0.8981405276340371,0.23815814995474294,0.5375744186969917
价值100,3.0,2016-03-31,2019-03-29,0.7800269253427048,0.21192438480834652,0.49611058502887473
价值100,3.0,2016-04-29,2019-04-30,0.8023901160730464,0.21697857463822867,0.4798368877257373
价值100,3.0,2016-05-31,2019-05-31,0.6877351094741357,0.1906060772273177,0.4637708352892653
价值100,3.0,2016-06-30,2019-06-28,0.715245605963498,0.1970403001217167,0.4191208211860804
价值100,3.0,2016-07-29,2019-07-31,0.6187951189889809,0.17416905040120145,0.3423157698057737
价值100,3.0,2016-08-31,2019-08-30,0.5021009239875267,0.14524842825923057,0.2840061314405431
价值100,3.0,2016-09-30,2019-09-30,0.526677226198774,0.15146058303421506,0.2757730054738037
价值100,3.0,2016-10-31,2019-10-31,0.45798278346566135,0.13392448162155857,0.214936749551212
价值100,3.0,2016-11-30,2019-11-29,0.33395237904673736,0.10081272693586008,0.1792673460042784
价值100,3.0,2016-12-30,2019-12-31,0.5861144783635961,0.16621380079416026,0.26549040831739235
价值100,3.0,2017-01-26,2020-01-23,0.4336626539518893,0.127584223271882,0.17259005919466586
价值100,3.0,2017-02-28,2020-02-28,0.37479544710799595,0.11193490054283184,0.15713932803466002
价值100,3.0,2017-03-31,2020-03-31,0.24885807119623626,0.07688921693882378,0.11102562680016925
价值100,3.0,2017-04-28,2020-04-30,0.26827955927438984,0.08244290383267017,0.05478945124272405
价值100,3.0,2017-05-31,2020-05-29,0.1851961507976725,0.05827063174838343,0.003327835289651304
价值100,3.0,2017-06-30,2020-06-30,0.12533277624463346,0.04014444993231536,-0.08880614410778853
价值100,3.0,2017-07-31,2020-07-31,0.2467114954080325,0.076271866291443,-0.09462387307413933
价值100,3.0,2017-08-31,2020-08-31,0.27109881202446506,0.08324436270948676,-0.07385088996491973
价值100,3.0,2017-09-29,2020-09-30,0.19750336119636458,0.06192109232585308,-0.07839576184489849
价值100,3.0,2017-10-31,2020-10-30,0.1533360201426346,0.048701651503702426,-0.09728527128446407
价值100,3.0,2017-11-30,2020-11-30,0.25576574261505125,0.07887106043071102,-0.06632169064395499
价值100,3.0,2017-12-29,2020-12-31,0.14785354486427793,0.04703731572188019,-0.23272231942010024
价值100,3.0,2018-01-31,2021-01-29,-0.007226844294713097,-0.0024147745406937204,-0.3436000796153208
价值100,3.0,2018-02-28,2021-02-26,0.1465538873763863,0.04664199705607386,-0.2695620919578201
价值100,3.0,2018-03-30,2021-03-31,0.23725111126809284,0.07354260377182986,-0.14535756610780282
价值100,3.0,2018-04-27,2021-04-30,0.23915292595634585,0.07409238003471863,-0.21816183353301888
价值100,3.0,2018-05-31,2021-05-31,0.22232741420507618,0.06920878247287554,-0.2739843413219174
价值100,3.0,2018-06-29,2021-06-30,0.25422651418285414,0.07843007904100197,-0.330844049611114
价值100,3.0,2018-07-31,2021-07-30,0.20331682617361158,0.06363673899558342,-0.2510670397540038
价值100,3.0,2018-08-31,2021-08-31,0.4773465742645717,0.13892238741272966,-0.05523307531099997
价值100,3.0,2018-09-28,2021-09-30,0.45521449877105846,0.13320636281160048,-0.048462048982084616
价值100,3.0,2018-10-31,2021-10-29,0.45614307429003675,0.13344734537203173,-0.19854501755248255
价值100,3.0,2018-11-30,2021-11-30,0.45213855902662825,0.13240736644066775,-0.16698859315069048
价值100,3.0,2018-12-28,2021-12-31,0.613914459825432,0.1729878245422476,-0.13042712450433114
价值100,3.0,2019-01-31,2022-01-28,0.4832233238291548,0.14043056574491386,-0.03202515082265012
价值100,3.0,2019-02-28,2022-02-28,0.41748621091715554,0.12332721557778115,0.09055544822139305
价值100,3.0,2019-03-29,2022-03-31,0.37383446236125617,0.11167575858557988,0.21503029965222575
价值100,3.0,2019-04-30,2022-04-29,0.33292258409333986,0.1005293826812963,0.24203451748834448
价值100,3.0,2019-05-31,2022-05-31,0.43811734199385755,0.1287508953070715,0.2422503435851644
价值100,3.0,2019-06-28,2022-06-30,0.4117347970523453,0.12180586567186791,0.1665867968119472
价值100,3.0,2019-07-31,2022-07-29,0.361491340154412,0.10833647962794624,0.2075839847706482
价值100,3.0,2019-08-30,2022-08-31,0.45123719437404763,0.13217301707837437,0.3120369135534733
价值100,3.0,2019-09-30,2022-09-30,0.41675291323985286,0.12313347463982005,0.3585752648827396
价值100,3.0,2019-10-31,2022-10-31,0.3096779207056781,0.09409450122238838,0.3514680144127643
价值100,3.0,2019-11-29,2022-11-30,0.4424186664030796,0.12987511774245353,0.3741660432703857
价值100,3.0,2019-12-31,2022-12-30,0.2662726818023615,0.08187166355806852,0.26163587003128685
价值100,3.0,2020-01-23,2023-01-31,0.4441159988614256,0.13031812873398008,0.34041794916918855
价值100,3.0,2020-02-28,2023-02-28,0.5183860195467713,0.14937231519463912,0.4201296655908011
价值100,3.0,2020-03-31,2023-03-31,0.6167004037353914,0.17366237490377157,0.4481066414452408
价值100,3.0,2020-04-30,2023-04-28,0.7002290170341916,0.19353678324263424,0.6049159757672491
价值100,3.0,2020-05-29,2023-05-31,0.638400709030096,0.1788902496227902,0.5948686998433492
价值100,3.0,2020-06-30,2023-06-30,0.6260002576246895,0.17590851904406413,0.6435636203606414
价值100,3.0,2020-07-31,2023-07-31,0.5309398078330063,0.15253123803209334,0.619538581676085
价值100,3.0,2020-08-31,2023-08-31,0.41777422722252866,0.12340329265973415,0.5841975336346326
价值100,3.0,2020-09-30,2023-09-28,0.5239496170314504,0.1507744291020785,0.666493175588953
价值100,3.0,2020-10-30,2023-10-31,0.44833281622771826,0.13141723558980067,0.6367125162751481
价值100,3.0,2020-11-30,2023-11-30,0.3144000361666841,0.0954078632308617,0.5627645120252955
价值100,3.0,2020-12-31,2023-12-29,0.40545220148294225,0.12013927941656588,0.7026678253278171
价值100,3.0,2021-01-29,2024-01-31,0.5410762876149522,0.1550693130357952,0.8997959898099164
价值100,3.0,2021-02-26,2024-02-29,0.5465861309698457,0.15644425713852605,0.8433298193855215
价值100,3.0,2021-03-31,2024-03-29,0.4928848118419116,0.14290140487932512,0.7449316932550426
价值100,3.0,2021-04-30,2024-04-30,0.588518865754567,0.16680279024267897,0.8374523138111306
价值100,3.0,2021-05-31,2024-05-31,0.6167508887635536,0.17367459150683184,0.8990698967169908
价值100,3.0,2021-06-30,2024-06-28,0.5652348656075141,0.16107383360990202,0.8551565166792353
价值100,3.0,2021-07-30,2024-07-31,0.6084258356033825,0.1716566095333225,0.8377291159034934
价值100,3.0,2021-08-31,2024-08-30,0.36090333890702353,0.10817690043340256,0.6162763639806169
价值100,3.0,2021-09-30,2024-09-30,0.6691807190495627,0.1862269497374922,0.7787879463769249
价值100,3.0,2021-10-29,2024-10-31,0.6863600413940185,0.19028264392174643,0.83093457861385
价值100,3.0,2021-11-30,2024-11-29,0.7169768736612796,0.19744290531058728,0.8415280129598631
价值100,3.0,2021-12-31,2024-12-31,0.6342644585129795,0.17789735157700837,0.7730078780493058
价值100,3.0,2022-01-28,2025-01-27,0.6475345723784187,0.18107690933451592,0.7411259513241175
价值100,3.0,2022-02-28,2025-02-28,0.5492221167361193,0.15710089485770173,0.6290905141837275
价值100,3.0,2022-03-31,2025-03-31,0.5849531091877196,0.1659290934199671,0.5872763898528814
价值100,3.0,2022-04-29,2025-04-30,0.5918174908095257,0.16760986992237026,0.5736512271913943
价值100,3.0,2022-05-31,2025-05-30,0.6259324060279636,0.17589216226509263,0.6083561405111151
价值100,3.0,2022-06-30,2025-06-30,0.6310880093493967,0.17713371389631938,0.6790687025628948
价值100,3.0,2022-07-29,2025-07-31,0.7298096910098015,0.2004187638030379,0.6699048705465567
价值100,3.0,2022-08-31,2025-08-29,0.7559082565626876,0.20642577434385623,0.5611389125788122
价值100,3.0,2022-09-30,2025-09-30,0.7455181034244631,0.20404148988574833,0.4226892532857043
价值100,3.0,2022-10-31,2025-10-31,0.9827314719980977,0.25628439947017156,0.5465626696629973
价值100,3.0,2022-11-30,2025-11-28,0.7970241917210459,0.2157696787295511,0.5204597576152519
价值100,3.0,2022-12-30,2025-12-31,0.8914449325204239,0.2367005879448829,0.5916241033839285
价值100,3.0,2023-01-31,2026-01-30,0.8767909854803155,0.2334985300022876,0.6448078812242832
价值100,3.0,2023-02-28,2026-02-27,0.8734646532970627,0.23276936831438322,0.6132129329059002
价值100,3.0,2023-03-31,2026-03-31,0.821338446724982,0.22122837102803872,0.6253944551513504
价值100,3.0,2023-04-28,2026-04-30,0.7012264858847517,0.1937701406344845,0.40144238805784993
价值100,3.0,2023-05-31,2026-05-29,0.7442383725763433,0.2037471692966304,0.34130928846679875
价值100,3.0,2023-06-30,2026-06-30,0.5453672059782091,0.15614036431167566,0.13978527286663667
价值100,3.0,2023-07-31,2026-07-31,0.641313621433284,0.17958848559437812,0.4060638458687771
价值100,3.0,2023-08-31,2026-08-31,0.7017706923319014,0.193897419032655,0.3740912406180288
价值100,3.0,2023-09-28,2026-09-30,0.6162384775541239,0.17355058403637869,0.33766497074209756
自由现金流,3.0,2012-12-31,2015-12-31,0.7743074999999999,0.21062497595706797,0.19243519012644272
自由现金流,3.0,2013-01-31,2016-01-29,0.32590210662134167,0.09859382485333867,0.15299883248754353
自由现金流,3.0,2013-02-28,2016-02-29,0.30850687837748714,0.09376831083863313,0.15680641228072245
自由现金流,3.0,2013-03-29,2016-03-31,0.5417500195804561,0.15523761397069213,0.16180274166030184
自由现金流,3.0,2013-04-26,2016-04-29,0.5531932227903369,0.15808871315689665,0.17256667426328254
自由现金流,3.0,2013-05-31,2016-05-31,0.4790480322002948,0.13935945142830009,0.17785367215604908
自由现金流,3.0,2013-06-28,2016-06-30,0.7959345770862063,0.21552390421034873,0.26906489596244954
自由现金流,3.0,2013-07-31,2016-07-29,0.8627933538769679,0.23042428218297584,0.30426750443320105
自由现金流,3.0,2013-08-30,2016-08-31,0.7371810445262439,0.202121488981996,0.2020306315711533
自由现金流,3.0,2013-09-30,2016-09-30,0.6392660960371992,0.17909777246965364,0.19802228323895377
自由现金流,3.0,2013-10-31,2016-10-31,0.7040103998307481,0.19442095388022929,0.204042358442466
自由现金流,3.0,2013-11-29,2016-11-30,0.7752898155465586,0.21084834880146053,0.2270845015634131
自由现金流,3.0,2013-12-31,2016-12-30,0.7979156988240486,0.21597069403815072,0.281673239760561
自由现金流,3.0,2014-01-30,2017-01-26,0.9607360658938626,0.25162158950567237,0.31894145281273456
自由现金流,3.0,2014-02-28,2017-02-28,0.9691333454147333,0.25340582554234947,0.27797367879584844
自由现金流,3.0,2014-03-31,2017-03-31,1.0128066387168797,0.2626045558537011,0.29403974893182205
自由现金流,3.0,2014-04-30,2017-04-28,1.026178627392221,0.2653944053695332,0.32620754225859305
自由现金流,3.0,2014-05-30,2017-05-31,1.0584047187914294,0.27206779079280974,0.3313636290007951
自由现金流,3.0,2014-06-30,2017-06-30,1.1383588052920723,0.288329228399161,0.33837833884705737
自由现金流,3.0,2014-07-31,2017-07-31,1.0301990744044804,0.266230805784484,0.34704299943400274
自由现金流,3.0,2014-08-29,2017-08-31,0.9923524446742449,0.2583131126960734,0.26077946316351386
自由现金流,3.0,2014-09-30,2017-09-29,0.8260071755846177,0.22227095948939946,0.16707824342742006
自由现金流,3.0,2014-10-31,2017-10-31,0.851976869910569,0.22803813315293175,0.15897154053876994
自由现金流,3.0,2014-11-28,2017-11-30,0.7293052682079872,0.20030206937387973,0.2177528680546148
自由现金流,3.0,2014-12-31,2017-12-29,0.5144775503564754,0.14838527011977898,0.3056455056850471
自由现金流,3.0,2015-01-30,2018-01-31,0.6227554553401469,0.1751257943703679,0.3034360525060109
自由现金流,3.0,2015-02-27,2018-02-28,0.48249140402495727,0.14024294709935248,0.2891089796057875
自由现金流,3.0,2015-03-31,2018-03-30,0.2435915362043739,0.07537330786957464,0.2238390001596391
自由现金流,3.0,2015-04-30,2018-04-27,0.03782260039692886,0.01245184156150625,0.20020405378929806
自由现金流,3.0,2015-05-29,2018-05-31,0.016531183177231012,0.00548030577629488,0.18404567189848398
自由现金流,3.0,2015-06-30,2018-06-29,-0.04357982106718772,-0.014742891742788866,0.12174660951989935
自由现金流,3.0,2015-07-31,2018-07-31,0.17621965156117714,0.055592130050270416,0.19523403633710235
自由现金流,3.0,2015-08-31,2018-08-31,0.22934991573871621,0.07125247569274018,0.17315345570123664
自由现金流,3.0,2015-09-30,2018-09-28,0.3663738364388551,0.10965978168322899,0.22101617844430432
自由现金流,3.0,2015-10-30,2018-10-31,0.1553789839921791,0.04932049277587747,0.203269001055993
自由现金流,3.0,2015-11-30,2018-11-30,0.1488821495535333,0.047349976385308246,0.19969196470989614
自由现金流,3.0,2015-12-31,2018-12-28,0.10658558338957591,0.03433606851428972,0.24562016036943113
自由现金流,3.0,2016-01-29,2019-01-31,0.5082230618843742,0.14680222196043258,0.3487349102806385
自由现金流,3.0,2016-02-29,2019-02-28,0.6811296799631497,0.18905078837151268,0.32056357102610433
自由现金流,3.0,2016-03-31,2019-03-29,0.5691748051254628,0.16204721846644743,0.28525846481163275
自由现金流,3.0,2016-04-29,2019-04-30,0.6188454040716451,0.1741812081218257,0.29629217572433597
自由现金流,3.0,2016-05-31,2019-05-31,0.510586032735618,0.1474008173803516,0.28662175855074756
自由现金流,3.0,2016-06-30,2019-06-28,0.5288087775014771,0.15199622472496999,0.2326839927240596
自由现金流,3.0,2016-07-29,2019-07-31,0.4164666737152103,0.12305783057557051,0.13998732453200313
自由现金流,3.0,2016-08-31,2019-08-30,0.3200778459243283,0.09698287419575147,0.1019830533773447
自由现金流,3.0,2016-09-30,2019-09-30,0.3580880486751725,0.1074122138905389,0.1071838279502022
自由现金流,3.0,2016-10-31,2019-10-31,0.2734635453485921,0.0839156971348074,0.03041751143414273
自由现金流,3.0,2016-11-30,2019-11-29,0.20169830173769676,0.06315964256823947,0.04701326869523781
自由现金流,3.0,2016-12-30,2019-12-31,0.3253320777635731,0.09843636728943128,0.004708007717369345
自由现金流,3.0,2017-01-26,2020-01-23,0.1968484216549351,0.06172746143018304,-0.06422417310228834
自由现金流,3.0,2017-02-28,2020-02-28,0.14252805674589064,0.04541555529189378,-0.07512806232744529
自由现金流,3.0,2017-03-31,2020-03-31,0.07572670937332804,0.024630589663914515,-0.06210573502273897
自由现金流,3.0,2017-04-28,2020-04-30,0.0859058388322822,0.027852325413802115,-0.1275842691993836
自由现金流,3.0,2017-05-31,2020-05-29,0.045538885864053524,0.014954865736827916,-0.13632942964396766
自由现金流,3.0,2017-06-30,2020-06-30,0.022698220039080175,0.007509539007995558,-0.19144070031334182
自由现金流,3.0,2017-07-31,2020-07-31,0.10027100308706816,0.032364881555576375,-0.24106436539510367
自由现金流,3.0,2017-08-31,2020-08-31,0.11794785829218912,0.037864162727065276,-0.22700184369719567
自由现金流,3.0,2017-09-29,2020-09-30,0.10192536631919502,0.032882042391765065,-0.17397375672206805
自由现金流,3.0,2017-10-31,2020-10-30,0.07897954468593782,0.025662326540652147,-0.17164174674116084
自由现金流,3.0,2017-11-30,2020-11-30,0.19391369100110967,0.06085894867278041,-0.12817374225789657
自由现金流,3.0,2017-12-29,2020-12-31,0.13448369658807224,0.04295623890080802,-0.24609216769630593
自由现金流,3.0,2018-01-31,2021-01-29,0.0537286044047216,0.01759802757913964,-0.2826446309158861
自由现金流,3.0,2018-02-28,2021-02-26,0.18400594460723063,0.05791626505562886,-0.23211003472697578
自由现金流,3.0,2018-03-30,2021-03-31,0.32518872052969394,0.09839676099507089,-0.057419956846201714
自由现金流,3.0,2018-04-27,2021-04-30,0.37074416736099414,0.11084160056115189,-0.0865705921283706
自由现金流,3.0,2018-05-31,2021-05-31,0.3943980112199479,0.11719483247551254,-0.1019137443070457
自由现金流,3.0,2018-06-29,2021-06-30,0.4993027443391984,0.14453684651137744,-0.08576781945476974
自由现金流,3.0,2018-07-31,2021-07-30,0.4894925753736459,0.14203508841820534,0.035108709446030506
自由现金流,3.0,2018-08-31,2021-08-31,0.8756385490961209,0.23324600327669853,0.34305889952054924
自由现金流,3.0,2018-09-28,2021-09-30,0.7891101186902161,0.21398230726417933,0.285433570937073
自由现金流,3.0,2018-10-31,2021-10-29,0.7858436309151637,0.2132430432576704,0.13115553907264443
自由现金流,3.0,2018-11-30,2021-11-30,0.8265470039653198,0.2223913955882839,0.20741985178800104
自由现金流,3.0,2018-12-28,2021-12-31,0.9843278303081999,0.25662146680804176,0.23998624597843676
自由现金流,3.0,2019-01-31,2022-01-28,0.7927412914749488,0.21480305059559246,0.27749281682314386
自由现金流,3.0,2019-02-28,2022-02-28,0.780902008104728,0.21212295116707325,0.4539712454089655
自由现金流,3.0,2019-03-29,2022-03-31,0.7575130430046724,0.20679319411234887,0.598708880295642
自由现金流,3.0,2019-04-30,2022-04-29,0.6882851802578276,0.19073541159904184,0.5973971136528322
自由现金流,3.0,2019-05-31,2022-05-31,0.9326510864910047,0.24561688035874973,0.7367840880823116
自由现金流,3.0,2019-06-28,2022-06-30,0.9650964092258321,0.25254870040389066,0.719948408985434
自由现金流,3.0,2019-07-31,2022-07-29,0.9269273610793847,0.24438599446361908,0.7730200056956209
自由现金流,3.0,2019-08-30,2022-08-31,1.0384558476384962,0.2679450611835519,0.8992555668179218
自由现金流,3.0,2019-09-30,2022-09-30,0.9477866890401927,0.248860121185567,0.8896090406830794
自由现金流,3.0,2019-10-31,2022-10-31,0.8513047297621721,0.2278895507340164,0.8930948234692583
自由现金流,3.0,2019-11-29,2022-11-30,1.0362973720545678,0.2674973701830172,0.968044748921874
自由现金流,3.0,2019-12-31,2022-12-30,0.7864794601730856,0.21338701328905207,0.7818426484020109
自由现金流,3.0,2020-01-23,2023-01-31,1.0525403209049982,0.27085860077252155,0.9488422712127611
自由现金流,3.0,2020-02-28,2023-02-28,1.2115060453149584,0.3028548788455965,1.1132496913589882
自由现金流,3.0,2020-03-31,2023-03-31,1.4018036209281912,0.33920120598294257,1.2332098586380407
自由现金流,3.0,2020-04-30,2023-04-28,1.5213497786932502,0.36106134327845973,1.4260367374263077
自由现金流,3.0,2020-05-29,2023-05-31,1.374183745657608,0.33404795811482835,1.3306517364708612
自由现金流,3.0,2020-06-30,2023-06-30,1.4052004058345338,0.33983223670792984,1.4227637685704857
自由现金流,3.0,2020-07-31,2023-07-31,1.2255231120713552,0.3056016880769581,1.314121885914434
自由现金流,3.0,2020-08-31,2023-08-31,1.0866261963496875,0.27785492697772907,1.2530495027617914
自由现金流,3.0,2020-09-30,2023-09-28,1.2654189243402687,0.3133571457999853,1.4079624828977715
自由现金流,3.0,2020-10-30,2023-10-31,1.116879995319406,0.28400115069776133,1.3052596953668358
自由现金流,3.0,2020-11-30,2023-11-30,0.9721742095097159,0.25405069070689845,1.2205386853683273
自由现金流,3.0,2020-12-31,2023-12-29,1.037424694145305,0.26773122832900564,1.3346403179901798
自由现金流,3.0,2021-01-29,2024-01-31,1.2007217733955047,0.30073366346715535,1.5594414755904689
自由现金流,3.0,2021-02-26,2024-02-29,1.2116691619350788,0.3028869101182894,1.5084128503507546
自由现金流,3.0,2021-03-31,2024-03-29,1.1386843339060508,0.2883946004572826,1.3907312153191818
自由现金流,3.0,2021-04-30,2024-04-30,1.0983130033016715,0.2802361631510517,1.347246451358235
自由现金流,3.0,2021-05-31,2024-05-31,1.069180233301513,0.27428363876063644,1.3514992412549502
自由现金流,3.0,2021-06-30,2024-06-28,0.9745923583909888,0.2545630258908771,1.2645140094627099
自由现金流,3.0,2021-07-30,2024-07-31,0.8667345511481637,0.23129142593312557,1.0960378314482746
自由现金流,3.0,2021-08-31,2024-08-30,0.5044693989815678,0.1458500451469149,0.7598424240551612
自由现金流,3.0,2021-09-30,2024-09-30,0.7900489105220667,0.21419460598950502,0.899656137849429
自由现金流,3.0,2021-10-29,2024-10-31,0.8677151632747147,0.23150699094063287,1.0122897004945461
自由现金流,3.0,2021-11-30,2024-11-29,0.8486044518982163,0.22729226813073677,0.9731555911967998
自由现金流,3.0,2021-12-31,2024-12-31,0.8091231865628052,0.21849208722567326,0.9478666060991315
自由现金流,3.0,2022-01-28,2025-01-27,0.8547062549900204,0.22864111831470746,0.9482976339357192
自由现金流,3.0,2022-02-28,2025-02-28,0.671553872406842,0.18678885522187638,0.7514222698544502
自由现金流,3.0,2022-03-31,2025-03-31,0.6583117141530712,0.18364660340551753,0.6606349948182331
自由现金流,3.0,2022-04-29,2025-04-30,0.6465688611420917,0.1808460993743386,0.6284025975239602
自由现金流,3.0,2022-05-31,2025-05-30,0.5889337362755447,0.1669043586400527,0.5713574707586961
自由现金流,3.0,2022-06-30,2025-06-30,0.55222739804677,0.15784861796892669,0.6002080912602681
自由现金流,3.0,2022-07-29,2025-07-31,0.6547153619428052,0.18279033274209566,0.5948105414795604
自由现金流,3.0,2022-08-31,2025-08-29,0.7606832812864472,0.2075183710765296,0.5659139373025719
自由现金流,3.0,2022-09-30,2025-09-30,0.8552290274812657,0.2287565435002692,0.5324001773425069
自由现金流,3.0,2022-10-31,2025-10-31,1.0559276356915106,0.2715573174116379,0.6197588333564101
自由现金流,3.0,2022-11-30,2025-11-28,0.8426584450488801,0.22597499943450217,0.5660940109430861
自由现金流,3.0,2022-12-30,2025-12-31,1.0122793753011283,0.2624942979818681,0.7124585461646329
自由现金流,3.0,2023-01-31,2026-01-30,1.0421612839047678,0.26871287205581185,0.8101781796487355
自由现金流,3.0,2023-02-28,2026-02-27,1.0126737735346567,0.2625767737719571,0.7524220531434942
自由现金流,3.0,2023-03-31,2026-03-31,0.8421083698709522,0.22585299354773136,0.6461643782973205
自由现金流,3.0,2023-04-28,2026-04-30,0.7416974431475021,0.20316236332676807,0.44191334532060034
自由现金流,3.0,2023-05-31,2026-05-29,0.7267455166880215,0.1997095400443003,0.3238164325784769
自由现金流,3.0,2023-06-30,2026-06-30,0.4416441595033864,0.12967285266984518,0.036062226391814
自由现金流,3.0,2023-07-31,2026-07-31,0.5366941046654523,0.15397342732257435,0.30144432910094543
自由现金流,3.0,2023-08-31,2026-08-31,0.6186864382761672,0.17414277316497495,0.2910069865622946
自由现金流,3.0,2023-09-28,2026-09-30,0.4796111696794503,0.13950403420097368,0.20103766286742397
沪深300,3.0,2012-12-31,2015-12-31,0.5818723098735572,0.16517316707850416,0.0
沪深300,3.0,2013-01-31,2016-01-29,0.17290327413379813,0.05459910769790999,0.0
沪深300,3.0,2013-02-28,2016-02-29,0.15170046609676469,0.04820569322226498,0.0
沪深300,3.0,2013-03-29,2016-03-31,0.37994727792015426,0.11332210322340464,0.0
沪深300,3.0,2013-04-26,2016-04-29,0.38062654852705435,0.11350474858983017,0.0
沪深300,3.0,2013-05-31,2016-05-31,0.3011943600442457,0.09172701564032115,0.0
沪深300,3.0,2013-06-28,2016-06-30,0.5268696811237568,0.15150896587617413,0.0
沪深300,3.0,2013-07-31,2016-07-29,0.5585258494437668,0.15941256658119363,0.0
沪深300,3.0,2013-08-30,2016-08-31,0.5351504129550906,0.15358688844485036,0.0
沪深300,3.0,2013-09-30,2016-09-30,0.4412438127982454,0.12956827238387358,0.0
沪深300,3.0,2013-10-31,2016-10-31,0.4999680413882821,0.14470611283381607,0.0
沪深300,3.0,2013-11-29,2016-11-30,0.5482053139831455,0.15684769232953455,0.0
沪深300,3.0,2013-12-31,2016-12-30,0.5162424590634875,0.1488311903112065,0.0
沪深300,3.0,2014-01-30,2017-01-26,0.6417946130811281,0.17970370159935678,0.0
沪深300,3.0,2014-02-28,2017-02-28,0.6911596666188848,0.19141081329089848,0.0
沪深300,3.0,2014-03-31,2017-03-31,0.7187668897850576,0.19785888794018947,0.0
沪深300,3.0,2014-04-30,2017-04-28,0.699971085133628,0.19347642533857856,0.0
沪深300,3.0,2014-05-30,2017-05-31,0.7270410897906343,0.19977798897258103,0.0
沪深300,3.0,2014-06-30,2017-06-30,0.799980466445015,0.2164359988384994,0.0
沪深300,3.0,2014-07-31,2017-07-31,0.6831560749704777,0.18952834802366936,0.0
沪深300,3.0,2014-08-29,2017-08-31,0.731572981510731,0.20082650965753635,0.0
沪深300,3.0,2014-09-30,2017-09-29,0.6589289321571976,0.18379343494274414,0.0
沪深300,3.0,2014-10-31,2017-10-31,0.693005329371799,0.1918440747867669,0.0
沪深300,3.0,2014-11-28,2017-11-30,0.5115524001533724,0.1476454408528407,0.0
沪深300,3.0,2014-12-31,2017-12-29,0.20883204467142824,0.06525926804245574,0.0
沪深300,3.0,2015-01-30,2018-01-31,0.31931940283413596,0.0967727455596441,0.0
沪深300,3.0,2015-02-27,2018-02-28,0.19338242441916975,0.06070157199106774,0.0
沪深300,3.0,2015-03-31,2018-03-30,0.019752536044734814,0.006541296819925879,0.0
沪深300,3.0,2015-04-30,2018-04-27,-0.1623814533923692,-0.057353712061373296,0.0
沪深300,3.0,2015-05-29,2018-05-31,-0.16751448872125296,-0.05928321184697105,0.0
沪深300,3.0,2015-06-30,2018-06-29,-0.16532643058708707,-0.05845975715350571,0.0
沪深300,3.0,2015-07-31,2018-07-31,-0.019014384775925208,-0.006378729941301842,0.0
沪深300,3.0,2015-08-31,2018-08-31,0.05619646003747958,0.018391820549376714,0.0
沪深300,3.0,2015-09-30,2018-09-28,0.1453576579945508,0.046277874154543985,0.0
沪深300,3.0,2015-10-30,2018-10-31,-0.047890017063813906,-0.016225171416510253,0.0
沪深300,3.0,2015-11-30,2018-11-30,-0.05080981515636285,-0.01723183562613917,0.0
沪深300,3.0,2015-12-31,2018-12-28,-0.13903457697985522,-0.04867574412372111,0.0
沪深300,3.0,2016-01-29,2019-01-31,0.15948815160373564,0.05056300920341017,0.0
沪深300,3.0,2016-02-29,2019-02-28,0.3605661089370453,0.10808535796923158,0.0
沪深300,3.0,2016-03-31,2019-03-29,0.28391634031383006,0.08687327159731906,0.0
沪深300,3.0,2016-04-29,2019-04-30,0.32255322834730915,0.09766812584707418,0.0
沪深300,3.0,2016-05-31,2019-05-31,0.22396427418487042,0.06968584080173246,0.0
沪深300,3.0,2016-06-30,2019-06-28,0.29612478477741755,0.09030734670416529,0.0
沪深300,3.0,2016-07-29,2019-07-31,0.27647934918320716,0.0847706620783828,0.0
沪深300,3.0,2016-08-31,2019-08-30,0.2180947925469836,0.06797321882554153,0.0
沪深300,3.0,2016-09-30,2019-09-30,0.2509042207249703,0.07747702700968917,0.0
沪深300,3.0,2016-10-31,2019-10-31,0.24304603391444934,0.07521604712402508,0.0
沪深300,3.0,2016-11-30,2019-11-29,0.15468503304245895,0.04911036755616527,0.0
沪深300,3.0,2016-12-30,2019-12-31,0.32062407004620375,0.09713415716294183,0.0
沪深300,3.0,2017-01-26,2020-01-23,0.26107259475722344,0.08038869032885909,0.0
沪深300,3.0,2017-02-28,2020-02-28,0.21765611907333593,0.06784500007628447,0.0
沪深300,3.0,2017-03-31,2020-03-31,0.137832444396067,0.04398142377634873,0.0
沪深300,3.0,2017-04-28,2020-04-30,0.2134901080316658,0.06662578963203458,0.0
沪深300,3.0,2017-05-31,2020-05-29,0.18186831550802118,0.057279220138861886,0.0
沪深300,3.0,2017-06-30,2020-06-30,0.214138920352422,0.06681585206687113,0.0
沪深300,3.0,2017-07-31,2020-07-31,0.34133536848217183,0.10283987094159941,0.0
沪深300,3.0,2017-08-31,2020-08-31,0.3449497019893848,0.10382954543999579,0.0
沪深300,3.0,2017-09-29,2020-09-30,0.2758991230412631,0.0846062756385757,0.0
沪深300,3.0,2017-10-31,2020-10-30,0.25062129142709866,0.07739578636254008,0.0
沪深300,3.0,2017-11-30,2020-11-30,0.32208743325900624,0.09753924673491388,0.0
沪深300,3.0,2017-12-29,2020-12-31,0.3805758642843782,0.11349112244895587,0.0
沪深300,3.0,2018-01-31,2021-01-29,0.3363732353206077,0.10147824267924732,0.0
沪深300,3.0,2018-02-28,2021-02-26,0.4161159793342064,0.12296513923634955,0.0
沪深300,3.0,2018-03-30,2021-03-31,0.38260867737589566,0.11403737017380688,0.0
沪深300,3.0,2018-04-27,2021-04-30,0.45731475948936473,0.1337512732524906,0.0
沪深300,3.0,2018-05-31,2021-05-31,0.4963117555269936,0.14377525342124242,0.0
沪深300,3.0,2018-06-29,2021-06-30,0.5850705637939682,0.16595789350646828,0.0
沪深300,3.0,2018-07-31,2021-07-30,0.45438386592761537,0.13299071131048912,0.0
沪深300,3.0,2018-08-31,2021-08-31,0.5325796495755717,0.15294259634111418,0.0
沪深300,3.0,2018-09-28,2021-09-30,0.5036765477531431,0.1456487231717447,0.0
沪深300,3.0,2018-10-31,2021-10-29,0.6546880918425193,0.1827838351516493,0.0
沪深300,3.0,2018-11-30,2021-11-30,0.6191271521773187,0.17424932336405852,0.0
沪深300,3.0,2018-12-28,2021-12-31,0.7443415843297632,0.2037709119240687,0.0
沪深300,3.0,2019-01-31,2022-01-28,0.5152484746518049,0.14858009372471592,0.0
沪深300,3.0,2019-02-28,2022-02-28,0.3269307626957625,0.09887785363847823,0.0
沪深300,3.0,2019-03-29,2022-03-31,0.15880416270903042,0.05035639079921328,0.0
沪深300,3.0,2019-04-30,2022-04-29,0.09088806660499538,0.029421885213368526,0.0
沪深300,3.0,2019-05-31,2022-05-31,0.19586699840869315,0.06143717433411666,0.0
沪深300,3.0,2019-06-28,2022-06-30,0.24514800024039807,0.07582176221095915,0.0
沪深300,3.0,2019-07-31,2022-07-29,0.15390735538376377,0.04887479020486074,0.0
沪深300,3.0,2019-08-30,2022-08-31,0.13920028082057434,0.044399594304241896,0.0
沪深300,3.0,2019-09-30,2022-09-30,0.058177648357113254,0.01902818124887018,0.0
沪深300,3.0,2019-10-31,2022-10-31,-0.041790093707086196,-0.01412871160039808,0.0
沪深300,3.0,2019-11-29,2022-11-30,0.06825262313269387,0.022252048009423264,0.0
沪深300,3.0,2019-12-31,2022-12-30,0.004636811771074667,0.0015432211670445284,0.0
沪深300,3.0,2020-01-23,2023-01-31,0.10369804969223706,0.03343561644127635,0.0
沪深300,3.0,2020-02-28,2023-02-28,0.09825635395597021,0.03173439332869288,0.0
沪深300,3.0,2020-03-31,2023-03-31,0.16859376229015055,0.053305910707796444,0.0
沪深300,3.0,2020-04-30,2023-04-28,0.09531304126694251,0.030811890504364614,0.0
沪深300,3.0,2020-05-29,2023-05-31,0.04353200918674682,0.014305059238502116,0.0
沪深300,3.0,2020-06-30,2023-06-30,-0.017563362735951937,-0.005889067278929683,0.0
沪深300,3.0,2020-07-31,2023-07-31,-0.08859877384307868,-0.030450761690241634,0.0
沪深300,3.0,2020-08-31,2023-08-31,-0.1664233064121039,-0.058872375727647586,0.0
沪深300,3.0,2020-09-30,2023-09-28,-0.14254355855750267,-0.049969921010546536,0.0
沪深300,3.0,2020-10-30,2023-10-31,-0.18837970004742988,-0.06720910063928853,0.0
沪深300,3.0,2020-11-30,2023-11-30,-0.24836447585861143,-0.09077975093828405,0.0
沪深300,3.0,2020-12-31,2023-12-29,-0.2972156238448749,-0.11092028968431433,0.0
沪深300,3.0,2021-01-29,2024-01-31,-0.3587197021949642,-0.1376518571664831,0.0
沪深300,3.0,2021-02-26,2024-02-29,-0.2967436884156759,-0.11072132191032902,0.0
沪深300,3.0,2021-03-31,2024-03-29,-0.25204688141313103,-0.09226699673184824,0.0
沪深300,3.0,2021-04-30,2024-04-30,-0.2489334480565636,-0.09100922901887476,0.0
沪深300,3.0,2021-05-31,2024-05-31,-0.28231900795343723,-0.10468234612431526,0.0
沪深300,3.0,2021-06-30,2024-06-28,-0.2899216510717212,-0.10785504572373472,0.0
沪深300,3.0,2021-07-30,2024-07-31,-0.22930328030011093,-0.08315799230157572,0.0
沪深300,3.0,2021-08-31,2024-08-30,-0.2553730250735934,-0.09361455757012072,0.0
沪深300,3.0,2021-09-30,2024-09-30,-0.10960722732736228,-0.037958348041341794,0.0
沪深300,3.0,2021-10-29,2024-10-31,-0.1445745372198315,-0.050720597132891454,0.0
沪深300,3.0,2021-11-30,2024-11-29,-0.12455113929858352,-0.04337088616588369,0.0
沪深300,3.0,2021-12-31,2024-12-31,-0.1387434195363263,-0.04856851801313711,0.0
沪深300,3.0,2022-01-28,2025-01-27,-0.0935913789456988,-0.03222438313368914,0.0
沪深300,3.0,2022-02-28,2025-02-28,-0.07986839744760821,-0.027364800929924216,0.0
沪深300,3.0,2022-03-31,2025-03-31,-0.002323280665161853,-0.0007750274006811386,0.0
沪深300,3.0,2022-04-29,2025-04-30,0.01816626361813145,0.006019118725344441,0.0
沪深300,3.0,2022-05-31,2025-05-30,0.017576265516848544,0.0058247614524351565,0.0
沪深300,3.0,2022-06-30,2025-06-30,-0.04798069321349807,-0.016256403013430676,0.0
沪深300,3.0,2022-07-29,2025-07-31,0.05990482046324486,0.01958230381186632,0.0
沪深300,3.0,2022-08-31,2025-08-29,0.19476934398387535,0.06111231996396049,0.0
沪深300,3.0,2022-09-30,2025-09-30,0.32282885013875884,0.09774437236644551,0.0
沪深300,3.0,2022-10-31,2025-10-31,0.43616880233510047,0.12824087434294595,0.0
沪深300,3.0,2022-11-30,2025-11-28,0.276564434105794,0.08479476367658312,0.0
沪深300,3.0,2022-12-30,2025-12-31,0.29982082913649544,0.09134274080736571,0.0
沪深300,3.0,2023-01-31,2026-01-30,0.2319831042560323,0.07201678157438485,0.0
沪深300,3.0,2023-02-28,2026-02-27,0.2602517203911625,0.08015421905832665,0.0
沪深300,3.0,2023-03-31,2026-03-31,0.19594399157363163,0.061459953247866794,0.0
沪深300,3.0,2023-04-28,2026-04-30,0.29978409782690174,0.09133246071727164,0.0
沪深300,3.0,2023-05-31,2026-05-29,0.40292908410954453,0.11946857338109651,0.0
沪深300,3.0,2023-06-30,2026-06-30,0.4055819331115724,0.12017374353704913,0.0
沪深300,3.0,2023-07-31,2026-07-31,0.23524977556450688,0.0729634492730038,0.0
沪深300,3.0,2023-08-31,2026-08-31,0.3276794517138726,0.09908448664951242,0.0
沪深300,3.0,2023-09-28,2026-09-30,0.2785735068120263,0.08536355314340494,0.0
中证全指,3.0,2012-12-31,2015-12-31,1.1263844277698554,0.2859199310831182,0.5445121178962982
中证全指,3.0,2013-01-31,2016-01-29,0.4841698648318693,0.1406731083950712,0.31126659069807117
中证全指,3.0,2013-02-28,2016-02-29,0.43055521222159054,0.12676896014975125,0.27885474612482586
中证全指,3.0,2013-03-29,2016-03-31,0.7317789393316496,0.20087411758568496,0.35183166141149536
中证全指,3.0,2013-04-26,2016-04-29,0.7368417544993786,0.20204322149415832,0.35621520597232426
中证全指,3.0,2013-05-31,2016-05-31,0.5696947863625628,0.1621755610869151,0.26850042631831705
中证全指,3.0,2013-06-28,2016-06-30,0.8938488651232388,0.23722429448836513,0.36697918399948204
中证全指,3.0,2013-07-31,2016-07-29,0.8388539569035192,0.2251306720310986,0.28032810745975234
中证全指,3.0,2013-08-30,2016-08-31,0.7989709464525327,0.21620854338685214,0.26382053349744217
中证全指,3.0,2013-09-30,2016-09-30,0.6816748289289745,0.18917930111342618,0.24043101613072904
中证全指,3.0,2013-10-31,2016-10-31,0.7740645574709757,0.21056971952267411,0.2740965160826936
中证全指,3.0,2013-11-29,2016-11-30,0.7525325052205807,0.20565215646071633,0.20432719123743515
中证全指,3.0,2013-12-31,2016-12-30,0.7211889665299824,0.19842129587045698,0.2049465074664949
中证全指,3.0,2014-01-30,2017-01-26,0.7370661407002244,0.20209498408691173,0.0952715276190963
中证全指,3.0,2014-02-28,2017-02-28,0.7738009954295331,0.21050976754651307,0.08264132881064823
中证全指,3.0,2014-03-31,2017-03-31,0.8060393434406716,0.21779934361871,0.08727245365561398
中证全指,3.0,2014-04-30,2017-04-28,0.763098192817808,0.20807018674368027,0.06312710768417995
中证全指,3.0,2014-05-30,2017-05-31,0.6894300385927981,0.19100450423617676,-0.037611051197836254
中证全指,3.0,2014-06-30,2017-06-30,0.7215949440101217,0.1985155124884428,-0.07838552243489327
中证全指,3.0,2014-07-31,2017-07-31,0.6158575736381671,0.1734583853623346,-0.06729850133231063
中证全指,3.0,2014-08-29,2017-08-31,0.6193034664458998,0.1742919449695095,-0.11226951506483118
中证全指,3.0,2014-09-30,2017-09-29,0.5038080516025656,0.14568211972140355,-0.15512088055463202
中证全指,3.0,2014-10-31,2017-10-31,0.49312949404656914,0.1429638415693817,-0.1998758353252299
中证全指,3.0,2014-11-28,2017-11-30,0.3384230608161558,0.10204113052527819,-0.17312933933721664
中证全指,3.0,2014-12-31,2017-12-29,0.20236547959448936,0.06335636009191514,-0.006466565076938879
中证全指,3.0,2015-01-30,2018-01-31,0.2012304278242505,0.06302164641389263,-0.11808897500988547
中证全指,3.0,2015-02-27,2018-02-28,0.08082960492870095,0.026248205301073302,-0.1125528194904688
中证全指,3.0,2015-03-31,2018-03-30,-0.08183712130629117,-0.02805898330586265,-0.10158965735102599
中证全指,3.0,2015-04-30,2018-04-27,-0.24766260779681448,-0.0904968327315212,-0.08528115440444528
中证全指,3.0,2015-05-29,2018-05-31,-0.33317801668150937,-0.12635169973498117,-0.1656635279602564
中证全指,3.0,2015-06-30,2018-06-29,-0.32670591908402424,-0.12353428531011579,-0.16137948849693717
中证全指,3.0,2015-07-31,2018-07-31,-0.20378181059317824,-0.0731473451833412,-0.18476742581725303
中证全指,3.0,2015-08-31,2018-08-31,-0.1451509060351185,-0.05093384695128511,-0.20134736607259807
中证全指,3.0,2015-09-30,2018-09-28,-0.09040739437796141,-0.031092523637972214,-0.23576505237251222
中证全指,3.0,2015-10-30,2018-10-31,-0.27743783809841915,-0.10265715332921177,-0.22954782103460525
中证全指,3.0,2015-11-30,2018-11-30,-0.2946143223515486,-0.10982468729460548,-0.24380450719518576
中证全指,3.0,2015-12-31,2018-12-28,-0.3599961766212928,-0.1382244079032222,-0.22096159964143758
中证全指,3.0,2016-01-29,2019-01-31,-0.11562797917844259,-0.040131665618983514,-0.2751161307821782
中证全指,3.0,2016-02-29,2019-02-28,0.06774638091247231,0.02209054160629531,-0.292819728024573
中证全指,3.0,2016-03-31,2019-03-29,0.006343661801999412,0.0021100982874691088,-0.27757267851183065
中证全指,3.0,2016-04-29,2019-04-30,0.01052144867532201,0.0034949208571057877,-0.31203177967198714
中证全指,3.0,2016-05-31,2019-05-31,-0.049509075024445015,-0.0167831224210937,-0.27347334920931543
中证全指,3.0,2016-06-30,2019-06-28,-0.04527514089385676,-0.015325381127663795,-0.3413999256712743
中证全指,3.0,2016-07-29,2019-07-31,-0.05178251492723551,-0.017567653501197933,-0.32826186411044267
中证全指,3.0,2016-08-31,2019-08-30,-0.09435524837765719,-0.03249632155009596,-0.3124500409246408
中证全指,3.0,2016-09-30,2019-09-30,-0.07203533190967648,-0.024612586799250713,-0.3229395526346468
中证全指,3.0,2016-10-31,2019-10-31,-0.0881197357541118,-0.03028092442869501,-0.33116576966856115
中证全指,3.0,2016-11-30,2019-11-29,-0.1347750306850054,-0.04710946156657736,-0.28946006372746436
中证全指,3.0,2016-12-30,2019-12-31,-0.015067928593635815,-0.005048083127465186,-0.33569199863983956
中证全指,3.0,2017-01-26,2020-01-23,-0.014077200594213468,-0.004714592650915006,-0.2751497953514369
中证全指,3.0,2017-02-28,2020-02-28,-0.04050157403243293,-0.013687004077315046,-0.25815769310576886
中证全指,3.0,2017-03-31,2020-03-31,-0.0947992158620714,-0.03265444476663293,-0.23263166025813842
中证全指,3.0,2017-04-28,2020-04-30,-0.017204372029423154,-0.005767996493356797,-0.23069448006108895
中证全指,3.0,2017-05-31,2020-05-29,0.017814294101988537,0.0059031819068817715,-0.16405402140603265
中证全指,3.0,2017-06-30,2020-06-30,0.05442745437809937,0.01782294039329768,-0.15971146597432262
中证全指,3.0,2017-07-31,2020-07-31,0.1777368591909827,0.05604580503905665,-0.16359850929118913
中证全指,3.0,2017-08-31,2020-08-31,0.1725049182253282,0.05447970218386988,-0.1724447837640566
中证全指,3.0,2017-09-29,2020-09-30,0.08913667099241862,0.028870685769705418,-0.18676245204884445
中证全指,3.0,2017-10-31,2020-10-30,0.08716700076268391,0.028250084491165506,-0.16345429066441475
中证全指,3.0,2017-11-30,2020-11-30,0.16506542020334392,0.052244757744386305,-0.15702201305566232
中证全指,3.0,2017-12-29,2020-12-31,0.2053291536050157,0.06422932146243099,-0.17524671067936248
中证全指,3.0,2018-01-31,2021-01-29,0.18567138758642465,0.0584120603578262,-0.15070184773418305
中证全指,3.0,2018-02-28,2021-02-26,0.2449905298081272,0.07577640822893694,-0.17112544952607922
中证全指,3.0,2018-03-30,2021-03-31,0.2062818152279866,0.06450962759003076,-0.17632686214790905
中证全指,3.0,2018-04-27,2021-04-30,0.28085536886045914,0.08600884989867397,-0.1764593906289056
中证全指,3.0,2018-05-31,2021-05-31,0.34530120029302935,0.10392569783804184,-0.15101055523396423
中证全指,3.0,2018-06-29,2021-06-30,0.4829144883169325,0.14035140708633476,-0.10215607547703565
中证全指,3.0,2018-07-31,2021-07-30,0.4290224954235142,0.12636640435672253,-0.025361370504101144
中证全指,3.0,2018-08-31,2021-08-31,0.5714141840959297,0.16259974394531795,0.03883453452035801
中证全指,3.0,2018-09-28,2021-09-30,0.5414244908365706,0.15515630171399075,0.03774794308342755
中证全指,3.0,2018-10-31,2021-10-29,0.7056471597407548,0.19480325880929494,0.050959067898235455
中证全指,3.0,2018-11-30,2021-11-30,0.7125074579557742,0.1964029921341257,0.09338030577845546
中证全指,3.0,2018-12-28,2021-12-31,0.8229886126869017,0.22159707811590978,0.07864702835713855
中证全指,3.0,2019-01-31,2022-01-28,0.6080199951347713,0.171558056514177,0.09277152048296644
中证全指,3.0,2019-02-28,2022-02-28,0.40150629341770405,0.11909000632279021,0.07457553072194156
中证全指,3.0,2019-03-29,2022-03-31,0.19899725349304376,0.062362493040164946,0.04019309078401334
中证全指,3.0,2019-04-30,2022-04-29,0.10115529565886017,0.03264137953717006,0.01026722905386479
中证全指,3.0,2019-05-31,2022-05-31,0.2446087979871765,0.07566644753558971,0.04874179957848335
中证全指,3.0,2019-06-28,2022-06-30,0.32106317009505614,0.09725574066010756,0.07591516985465807
中证全指,3.0,2019-07-31,2022-07-29,0.28597775831117156,0.08745464439332351,0.1320704029274078
中证全指,3.0,2019-08-30,2022-08-31,0.25553556368836117,0.07880513822117252,0.11633528286778683
中证全指,3.0,2019-09-30,2022-09-30,0.15076564815468196,0.04792201219123271,0.09258799979756871
中证全指,3.0,2019-10-31,2022-10-31,0.10796704523610257,0.0347663113674046,0.14975713894318876
中证全指,3.0,2019-11-29,2022-11-30,0.21542258814894621,0.0671916890200317,0.14716996501625235
中证全指,3.0,2019-12-31,2022-12-30,0.10785807095718059,0.034732385385502385,0.10322125918610592
中证全指,3.0,2020-01-23,2023-01-31,0.19369853336178777,0.060795218320692124,0.09000048366955071
中证全指,3.0,2020-02-28,2023-02-28,0.193414208252918,0.06071098860456248,0.09515785429694779
中证全指,3.0,2020-03-31,2023-03-31,0.2657122362952118,0.08171202980337777,0.09711847400506124
中证全指,3.0,2020-04-30,2023-04-28,0.18390892491789046,0.057887368378927606,0.08859588365094795
中证全指,3.0,2020-05-29,2023-05-31,0.13695761449613553,0.04371379786588525,0.0934256053093887
中证全指,3.0,2020-06-30,2023-06-30,0.06449689687158866,0.021052641631017055,0.0820602596075406
中证全指,3.0,2020-07-31,2023-07-31,-0.03722313850417591,-0.01256492903680817,0.05137563533890277
中证全指,3.0,2020-08-31,2023-08-31,-0.11193882541497002,-0.03879882179391758,0.05448448099713388
中证全指,3.0,2020-09-30,2023-09-28,-0.06483110237331513,-0.022094959187002328,0.07771245618418754
中证全指,3.0,2020-10-30,2023-10-31,-0.09505931215592656,-0.03274710453899332,0.09332038789150332
中证全指,3.0,2020-11-30,2023-11-30,-0.128573346860826,-0.04483819773605746,0.11979112899778543
中证全指,3.0,2020-12-31,2023-12-29,-0.17346683426607523,-0.061530646445390635,0.12374878957879965
中证全指,3.0,2021-01-29,2024-01-31,-0.27497661406399776,-0.1016394513247838,0.08374308813096643
中证全指,3.0,2021-02-26,2024-02-29,-0.20474231519706332,-0.07352019292447409,0.09200137321861257
中证全指,3.0,2021-03-31,2024-03-29,-0.1663823444907342,-0.0588569603237209,0.08566453692239684
中证全指,3.0,2021-04-30,2024-04-30,-0.1748379637431512,-0.062049873516396015,0.0740954843134124
中证全指,3.0,2021-05-31,2024-05-31,-0.22322737566985662,-0.08075494181873044,0.05909163228358061
中证全指,3.0,2021-06-30,2024-06-28,-0.2696452760432305,-0.09944284541296888,0.020276375028490667
中证全指,3.0,2021-07-30,2024-07-31,-0.2416454836463262,-0.08807856124483637,-0.012342203346215275
中证全指,3.0,2021-08-31,2024-08-30,-0.2919031132226626,-0.10868565749614312,-0.03653008814906922
中证全指,3.0,2021-09-30,2024-09-30,-0.1292979104260028,-0.04510300003461731,-0.019690683098640527
中证全指,3.0,2021-10-29,2024-10-31,-0.11522492896318381,-0.039985868611947195,0.029349608256647675
中证全指,3.0,2021-11-30,2024-11-29,-0.12822864795199707,-0.04471227402698452,-0.0036775086534135415
中证全指,3.0,2021-12-31,2024-12-31,-0.15599482121368402,-0.05496396140301163,-0.017251401677357725
中证全指,3.0,2022-01-28,2025-01-27,-0.08996419704380898,-0.030935183057682725,0.00362718190188982
中证全指,3.0,2022-02-28,2025-02-28,-0.07327356629104176,-0.025046617627897394,0.00659483115656645
中证全指,3.0,2022-03-31,2025-03-31,-0.0016785754437684819,-0.0005598385085905377,0.0006447052213933713
中证全指,3.0,2022-04-29,2025-04-30,0.06671218516372868,0.021760443507024663,0.048545921545597226
中证全指,3.0,2022-05-31,2025-05-30,0.031979497646696275,0.010548177293723926,0.014403232129847732
中证全指,3.0,2022-06-30,2025-06-30,-0.01693976740664649,-0.005678776595150592,0.031040925806851583
中证全指,3.0,2022-07-29,2025-07-31,0.05981045766607851,0.019552045279336516,-9.436279716634743e-05
中证全指,3.0,2022-08-31,2025-08-29,0.21004594941945798,0.06561572524715342,0.015276605435582624
中证全指,3.0,2022-09-30,2025-09-30,0.3462704617847958,0.1041907526827901,0.023441611646036975
中证全指,3.0,2022-10-31,2025-10-31,0.3845986684495446,0.11457159259469107,-0.05157013388555587
中证全指,3.0,2022-11-30,2025-11-28,0.2538935044949402,0.07833462593406515,-0.02267092961085382
中证全指,3.0,2022-12-30,2025-12-31,0.32243983812160093,0.09763675511378933,0.022619008985105493
中证全指,3.0,2023-01-31,2026-01-30,0.3018331119132238,0.09190562810500769,0.06985000765719152
中证全指,3.0,2023-02-28,2026-02-27,0.3304429388381229,0.09984651821067803,0.07019121844696041
中证全指,3.0,2023-03-31,2026-03-31,0.2246593506235406,0.06988829026323562,0.02871535904990896
中证全指,3.0,2023-04-28,2026-04-30,0.34976212231009174,0.10514453104544619,0.04997802448319
中证全指,3.0,2023-05-31,2026-05-29,0.40613906290785673,0.12032172488609794,0.0032099787983121963
中证全指,3.0,2023-06-30,2026-06-30,0.4286314938086955,0.12626366483649054,0.02304956069712305
中证全指,3.0,2023-07-31,2026-07-31,0.21151216673289497,0.0660459550760033,-0.02373760883161191
中证全指,3.0,2023-08-31,2026-08-31,0.3512569357474018,0.10555234992569762,0.023577484033529217
中证全指,3.0,2023-09-28,2026-09-30,0.29399151704135873,0.08970884601914686,0.015418010229332424
300价值,3.0,2012-12-31,2015-12-31,0.6720230921929593,0.18689989216870018,0.0901507823194021
300价值,3.0,2013-01-31,2016-01-29,0.2783085518342252,0.08528857574576953,0.10540527770042707
300价值,3.0,2013-02-28,2016-02-29,0.2738954446489359,0.08403822112823578,0.12219497855217121
300价值,3.0,2013-03-29,2016-03-31,0.5101377485682339,0.14728730458945005,0.13019047064807965
300价值,3.0,2013-04-26,2016-04-29,0.528475941571207,0.15191261854974547,0.14784939304415268
300价值,3.0,2013-05-31,2016-05-31,0.4690003565534846,0.13677356838403187,0.16780599650923889
300价值,3.0,2013-06-28,2016-06-30,0.7236992933058815,0.19900363899261087,0.1968296121821247
300价值,3.0,2013-07-31,2016-07-29,0.8105503500107205,0.21881241372475957,0.2520245005669537
300价值,3.0,2013-08-30,2016-08-31,0.793036578423,0.21486974469395892,0.25788616546790943
300价值,3.0,2013-09-30,2016-09-30,0.7087314503559399,0.19552300545414392,0.26748763755769445
300价值,3.0,2013-10-31,2016-10-31,0.7308643989449928,0.2006626892797394,0.23089635755671067
300价值,3.0,2013-11-29,2016-11-30,0.8329417034063447,0.2238162555530645,0.2847363894231991
300价值,3.0,2013-12-31,2016-12-30,0.8026823745174418,0.21704434897485392,0.2864399154539543
300价值,3.0,2014-01-30,2017-01-26,0.9925911563687344,0.25836336519375,0.35079654328760634
300价值,3.0,2014-02-28,2017-02-28,1.0492636257486159,0.2701819702774231,0.35810395912973103
300价值,3.0,2014-03-31,2017-03-31,1.0339056445255395,0.2670009305743386,0.3151387547404818
300价值,3.0,2014-04-30,2017-04-28,1.004663620838138,0.26089958870998453,0.30469253570451005
300价值,3.0,2014-05-30,2017-05-31,1.1042867422067495,0.28144992399190416,0.3772456524161152
300价值,3.0,2014-06-30,2017-06-30,1.2111653276226342,0.30278796690150034,0.4111848611776192
300价值,3.0,2014-07-31,2017-07-31,1.0458546709245469,0.269477262481181,0.36269859595406917
300价值,3.0,2014-08-29,2017-08-31,1.1235859012588394,0.2853555519640647,0.39201291974810837
300价值,3.0,2014-09-30,2017-09-29,1.0619339499031684,0.27279438225617936,0.40300501774597075
300价值,3.0,2014-10-31,2017-10-31,1.0858631362814504,0.2776991413762453,0.39285780690965133
300价值,3.0,2014-11-28,2017-11-30,0.889819214120477,0.2363461669825011,0.3782668139671046
300价值,3.0,2014-12-31,2017-12-29,0.44106016314942886,0.12952029215399685,0.23222811847800062
300价值,3.0,2015-01-30,2018-01-31,0.6763026223859678,0.18791164983329312,0.3569832195518319
300价值,3.0,2015-02-27,2018-02-28,0.5297587394740833,0.15223478214147734,0.3363763150549135
300价值,3.0,2015-03-31,2018-03-30,0.28847301122869684,0.08815753919115599,0.268720475183962
300价值,3.0,2015-04-30,2018-04-27,0.03520693635784444,0.011600552266738173,0.19758838975021364
300价值,3.0,2015-05-29,2018-05-31,0.07937935063197377,0.02578899414385294,0.24689383935322673
300价值,3.0,2015-06-30,2018-06-29,0.031776206800400386,0.010481816580883763,0.19710263738748746
300价值,3.0,2015-07-31,2018-07-31,0.23622473486379136,0.07324566496000662,0.25523911963971657
300价值,3.0,2015-08-31,2018-08-31,0.3232895071284976,0.09787178238129135,0.267093047091018
300价值,3.0,2015-09-30,2018-09-28,0.4445245351392444,0.13042470660428007,0.2991668771446936
300价值,3.0,2015-10-30,2018-10-31,0.28083103458884096,0.08600197235877993,0.32872105165265486
300价值,3.0,2015-11-30,2018-11-30,0.25244177310293003,0.0779183075465768,0.3032515882592929
300价值,3.0,2015-12-31,2018-12-28,0.12082269091354014,0.038753033000859194,0.25985726789339536
300价值,3.0,2016-01-29,2019-01-31,0.45821954079072413,0.13398585646533068,0.2987313891869885
300价值,3.0,2016-02-29,2019-02-28,0.6168985224651862,0.1737103151407271,0.25633241352814085
300价值,3.0,2016-03-31,2019-03-29,0.5213597582498946,0.15012216931459177,0.2374434179360645
300价值,3.0,2016-04-29,2019-04-30,0.5717617761944804,0.16268545881635887,0.24920854784717128
300价值,3.0,2016-05-31,2019-05-31,0.46737047856345026,0.13635299034253268,0.24340620437857985
300价值,3.0,2016-06-30,2019-06-28,0.55209200923708,0.15781495359211917,0.25596722445966247
300价值,3.0,2016-07-29,2019-07-31,0.5137295801451387,0.14819618413889812,0.23725023096193154
300价值,3.0,2016-08-31,2019-08-30,0.38347340325253265,0.11426957281932082,0.16537861070554905
300价值,3.0,2016-09-30,2019-09-30,0.4217577080447179,0.12445444047758247,0.1708534873197476
300价值,3.0,2016-10-31,2019-10-31,0.40856714213899736,0.12096620018420867,0.16552110822454802
300价值,3.0,2016-11-30,2019-11-29,0.29470945011980887,0.08991033971133366,0.14002441707734992
300价值,3.0,2016-12-30,2019-12-31,0.46132758121916617,0.13479094164746952,0.14070351117296243
300价值,3.0,2017-01-26,2020-01-23,0.34275326114008453,0.10322832907319346,0.08168066638286109
300价值,3.0,2017-02-28,2020-02-28,0.264438231882939,0.08134897504887761,0.046782112809603094
300价值,3.0,2017-03-31,2020-03-31,0.16890579991010712,0.05339965352659215,0.031073355514040113
300价值,3.0,2017-04-28,2020-04-30,0.21404933102757817,0.06678961188924526,0.0005592229959123785
300价值,3.0,2017-05-31,2020-05-29,0.12193352848224226,0.039096086042966105,-0.059934787025778924
300价值,3.0,2017-06-30,2020-06-30,0.07852970091893674,0.025519768404202336,-0.13560921943348525
300价值,3.0,2017-07-31,2020-07-31,0.12416359796169929,0.03978410149834022,-0.21717177052047254
300价值,3.0,2017-08-31,2020-08-31,0.15126275488482488,0.04807288394448528,-0.19368694710455991
300价值,3.0,2017-09-29,2020-09-30,0.11925146619384752,0.03826741420481339,-0.15664765684741555
300价值,3.0,2017-10-31,2020-10-30,0.08078743766877539,0.026234859183301706,-0.16983385375832327
300价值,3.0,2017-11-30,2020-11-30,0.1591039722958416,0.050446966863645804,-0.16298346096316463
300价值,3.0,2017-12-29,2020-12-31,0.11739163903532157,0.037692009260126724,-0.2631842252490566
300价值,3.0,2018-01-31,2021-01-29,0.03909931902698904,0.012866840693759318,-0.29727391629361866
300价值,3.0,2018-02-28,2021-02-26,0.17706070572993737,0.05584366998308443,-0.23905527360426904
300价值,3.0,2018-03-30,2021-03-31,0.22163435875203863,0.06900666503015507,-0.16097431862385703
300价值,3.0,2018-04-27,2021-04-30,0.2280872533830567,0.07088558977035864,-0.22922750610630804
300价值,3.0,2018-05-31,2021-05-31,0.24684764221324906,0.07631104286197665,-0.24946411331374452
300价值,3.0,2018-06-29,2021-06-30,0.263346066962036,0.0810375451489842,-0.32172449683193216
300价值,3.0,2018-07-31,2021-07-30,0.11711956186552519,0.03760777880365995,-0.3372643040620902
300价值,3.0,2018-08-31,2021-08-31,0.21285725170966496,0.06644033605237332,-0.3197223978659067
300价值,3.0,2018-09-28,2021-09-30,0.17588272765879998,0.05549133023131003,-0.3277938200943431
300价值,3.0,2018-10-31,2021-10-29,0.22456181927066488,0.06985988769220963,-0.43012627257185443
300价值,3.0,2018-11-30,2021-11-30,0.20188645197789712,0.06321512607380808,-0.4172407001994216
300价值,3.0,2018-12-28,2021-12-31,0.32644790213249375,0.0987445462174752,-0.4178936821972694
300价值,3.0,2019-01-31,2022-01-28,0.21141754322532358,0.0660182003309917,-0.3038309314264813
300价值,3.0,2019-02-28,2022-02-28,0.12086238714274034,0.038765296044193986,-0.20606837555302215
300价值,3.0,2019-03-29,2022-03-31,0.04639226305171462,0.015230928730908255,-0.1124118996573158
300价值,3.0,2019-04-30,2022-04-29,-0.023854778107241237,-0.008015672028845011,-0.11474284471223661
300价值,3.0,2019-05-31,2022-05-31,0.03274834626121104,0.010799075590606,-0.1631186521474821
300价值,3.0,2019-06-28,2022-06-30,0.023519852241748795,0.0077792766751219045,-0.22162814799864927
300价值,3.0,2019-07-31,2022-07-29,-0.042452182792393045,-0.014355831292317212,-0.1963595381761568
300价值,3.0,2019-08-30,2022-08-31,0.010554354639512376,0.003505813124510926,-0.12864592618106196
300价值,3.0,2019-09-30,2022-09-30,-0.04587305386507734,-0.015530980562628915,-0.1040507022221906
300价值,3.0,2019-10-31,2022-10-31,-0.13894271653817747,-0.04864191157706754,-0.09715262283109127
300价值,3.0,2019-11-29,2022-11-30,-0.0038451516581335943,-0.0012833635367693885,-0.07209777479082746
300价值,3.0,2019-12-31,2022-12-30,-0.07393840835322929,-0.025279820243514495,-0.07857522012430396
300价值,3.0,2020-01-23,2023-01-31,0.022236282098092808,0.00735782368508664,-0.08146176759414425
300价值,3.0,2020-02-28,2023-02-28,0.05909040031747459,0.019321091318846406,-0.03916595363849562
300价值,3.0,2020-03-31,2023-03-31,0.12821390987041603,0.041031370177840865,-0.04037985241973452
300价值,3.0,2020-04-30,2023-04-28,0.1434286245498082,0.0456901569617405,0.04811558328286569
300价值,3.0,2020-05-29,2023-05-31,0.12264450088509204,0.03931553238983154,0.07911249169834522
300价值,3.0,2020-06-30,2023-06-30,0.10655541342542163,0.03432666837805609,0.12411877616137357
300价值,3.0,2020-07-31,2023-07-31,0.11455244156435573,0.03681236798587362,0.20315121540743442
300价值,3.0,2020-08-31,2023-08-31,0.0106907430268115,0.003550956789794668,0.1771140494389154
300价值,3.0,2020-09-30,2023-09-28,0.04823374645156808,0.0158261278568963,0.19077730500907075
300价值,3.0,2020-10-30,2023-10-31,-0.017338997451146976,-0.005813395899925244,0.1710407025962829
300价值,3.0,2020-11-30,2023-11-30,-0.12942941197565838,-0.04515107493834425,0.11893506388295305
300价值,3.0,2020-12-31,2023-12-29,-0.10809366101591122,-0.037413536215336496,0.18912196282896365
300价值,3.0,2021-01-29,2024-01-31,-0.09480703257936818,-0.03265722922750669,0.263912669615596
300价值,3.0,2021-02-26,2024-02-29,-0.08740443438677892,-0.03002743351288384,0.20933925402889697
300价值,3.0,2021-03-31,2024-03-29,-0.07664164854079702,-0.02622917061595298,0.175405232872334
300价值,3.0,2021-04-30,2024-04-30,-0.025037306628857725,-0.008416406039027158,0.22389614142770586
300价值,3.0,2021-05-31,2024-05-31,-0.031147851052891973,-0.010492320784081244,0.25117115690054526
300价值,3.0,2021-06-30,2024-06-28,0.0030112029837712218,0.0010027285273548348,0.2929328540554924
300价值,3.0,2021-07-30,2024-07-31,0.10319131903804979,0.033277434992496024,0.3324945993381607
300价值,3.0,2021-08-31,2024-08-30,0.029333657924943468,0.009683807150757895,0.28470668299853685
300价值,3.0,2021-09-30,2024-09-30,0.18368905290068271,0.05782187510054504,0.293296280228045
300价值,3.0,2021-10-29,2024-10-31,0.16073361961200705,0.05093902983713727,0.30530815683183854
300价值,3.0,2021-11-30,2024-11-29,0.19109085793742264,0.06002220730068508,0.31564199723600617
300价值,3.0,2021-12-31,2024-12-31,0.17629615532002996,0.055615015519226985,0.31503957485635625
300价值,3.0,2022-01-28,2025-01-27,0.16997312507118,0.05372017491328984,0.2635645040168788
300价值,3.0,2022-02-28,2025-02-28,0.15415536153201903,0.04894992875088455,0.23402375897962724
300价值,3.0,2022-03-31,2025-03-31,0.21546737981217734,0.06720479850804373,0.2177906604773392
300价值,3.0,2022-04-29,2025-04-30,0.24502967892099203,0.07578768415154458,0.22686341530286058
300价值,3.0,2022-05-31,2025-05-30,0.3030257072432998,0.09223895401266224,0.28544944172645126
300价值,3.0,2022-06-30,2025-06-30,0.2929755872869646,0.08942358977220244,0.34095628050046267
300价值,3.0,2022-07-29,2025-07-31,0.3996620212505213,0.11859891267202527,0.33975720078727645
300价值,3.0,2022-08-31,2025-08-29,0.4089801294798805,0.12107574403651755,0.21421078549600514
300价值,3.0,2022-09-30,2025-09-30,0.4085846733433378,0.1209708507271603,0.08575582320457897
300价值,3.0,2022-10-31,2025-10-31,0.5960559868532893,0.16864527418600428,0.15988718451818884
300价值,3.0,2022-11-30,2025-11-28,0.4040650119122522,0.11977063008951205,0.12750057780645818
300价值,3.0,2022-12-30,2025-12-31,0.4581042615951427,0.1339559733513369,0.1582834324586473
300价值,3.0,2023-01-31,2026-01-30,0.3778237053558038,0.11275072050962187,0.14584060109977148
300价值,3.0,2023-02-28,2026-02-27,0.38502207722155046,0.11468519261085719,0.12477035683038795
300价值,3.0,2023-03-31,2026-03-31,0.352899862568371,0.10600023069088715,0.1569558709947394
300价值,3.0,2023-04-28,2026-04-30,0.3034267161118074,0.09235098878956305,0.003642618284905641
300价值,3.0,2023-05-31,2026-05-29,0.31762065249284954,0.09630180998916638,-0.08530843161669499
300价值,3.0,2023-06-30,2026-06-30,0.2599842327346402,0.08007779296025275,-0.1455977003769322
300价值,3.0,2023-07-31,2026-07-31,0.26323573278120227,0.08100607347029865,0.02798595721669539
300价值,3.0,2023-08-31,2026-08-31,0.3475286860816622,0.10453463777821104,0.019849234367789625
300价值,3.0,2023-09-28,2026-09-30,0.3175412361192207,0.09627978390671177,0.03896772930719439
中证红利,3.0,2012-12-31,2015-12-31,0.9089796542756616,0.24051046756757155,0.3271073444021044
中证红利,3.0,2013-01-31,2016-01-29,0.3787423220008215,0.11299796168264598,0.20583904786702334
中证红利,3.0,2013-02-28,2016-02-29,0.38214626265570995,0.11391315939062086,0.23044579655894526
中证红利,3.0,2013-03-29,2016-03-31,0.6605972537430405,0.18419013396717876,0.2806499758228862
中证红利,3.0,2013-04-26,2016-04-29,0.6753000841932921,0.18767478641758983,0.2946735356662378
中证红利,3.0,2013-05-31,2016-05-31,0.5760105834736919,0.16373217846423072,0.2748162234294462
中证红利,3.0,2013-06-28,2016-06-30,0.8640561656961745,0.23070225958049861,0.33718648457241773
中证红利,3.0,2013-07-31,2016-07-29,0.9680580319160741,0.25317762877082783,0.40953218247230727
中证红利,3.0,2013-08-30,2016-08-31,0.9367700362464764,0.24650115667985317,0.4016196232913858
中证红利,3.0,2013-09-30,2016-09-30,0.8263022473566421,0.2223367931541982,0.3850584345583967
中证红利,3.0,2013-10-31,2016-10-31,0.8963518085182038,0.23776910022151032,0.39638376712992174
中证红利,3.0,2013-11-29,2016-11-30,0.9690094152411508,0.2533795300385022,0.42080410125800527
中证红利,3.0,2013-12-31,2016-12-30,0.9588422933564138,0.2512185010675323,0.44259983429292626
中证红利,3.0,2014-01-30,2017-01-26,1.0753278953609544,0.27554438275555326,0.43353328227982635
中证红利,3.0,2014-02-28,2017-02-28,1.0692980989017116,0.2743078337456468,0.37813843228282673
中证红利,3.0,2014-03-31,2017-03-31,1.1231776982791533,0.2852731881993078,0.4044108084940956
中证红利,3.0,2014-04-30,2017-04-28,1.1381926074211766,0.288295850289789,0.4382215222875485
中证红利,3.0,2014-05-30,2017-05-31,1.1582933899307015,0.29232028173220104,0.4312523001400672
中证红利,3.0,2014-06-30,2017-06-30,1.2277591089033137,0.30603879041949833,0.4277786424582988
中证红利,3.0,2014-07-31,2017-07-31,1.062156275950676,0.27284012655599144,0.37900020098019827
中证红利,3.0,2014-08-29,2017-08-31,1.0701035857563377,0.2744731563181866,0.33853060424560666
中证红利,3.0,2014-09-30,2017-09-29,0.9454308268470337,0.24835641624717564,0.2865018946898361
中证红利,3.0,2014-10-31,2017-10-31,0.9390074665622312,0.2469809737881492,0.24600213719043218
中证红利,3.0,2014-11-28,2017-11-30,0.7694657086871326,0.2095227744198198,0.25791330853376015
中证红利,3.0,2014-12-31,2017-12-29,0.5082237679849941,0.14680240092547958,0.2993917233135659
中证红利,3.0,2015-01-30,2018-01-31,0.6081897085626315,0.17159927120466345,0.2888703057284956
中证红利,3.0,2015-02-27,2018-02-28,0.4887461271109821,0.1418442823758319,0.29536370269181234
中证红利,3.0,2015-03-31,2018-03-30,0.21028349887410291,0.06568545259140413,0.1905309628293681
中证红利,3.0,2015-04-30,2018-04-27,-0.01830697399745329,-0.0061399464517521984,0.1440744793949159
中证红利,3.0,2015-05-29,2018-05-31,-0.07101699228137648,-0.024255923600673857,0.09649749643987648
中证红利,3.0,2015-06-30,2018-06-29,-0.10215719139831148,-0.03528261970725832,0.0631692391887756
中证红利,3.0,2015-07-31,2018-07-31,0.06983033712501552,0.022755058869686984,0.08884472190094073
中证红利,3.0,2015-08-31,2018-08-31,0.16313922711473672,0.05166454867046544,0.10694276707725714
中证红利,3.0,2015-09-30,2018-09-28,0.26838292577027034,0.0824723098863529,0.12302526777571954
中证红利,3.0,2015-10-30,2018-10-31,0.05157603234715613,0.016904633875735264,0.09946604941097004
中证红利,3.0,2015-11-30,2018-11-30,0.008144625710297282,0.0027075378594010324,0.05895444086666013
中证红利,3.0,2015-12-31,2018-12-28,-0.026376226954901272,-0.008870529278298789,0.11265835002495395
中证红利,3.0,2016-01-29,2019-01-31,0.2982942871120291,0.09091534006228952,0.13880613550829346
中证红利,3.0,2016-02-29,2019-02-28,0.4521661561987791,0.13241454000843156,0.09160004726173376
中证红利,3.0,2016-03-31,2019-03-29,0.38810264033995834,0.11551100745541842,0.10418630002612828
中证红利,3.0,2016-04-29,2019-04-30,0.40237294061093376,0.11932062875540139,0.07981971226362461
中证红利,3.0,2016-05-31,2019-05-31,0.340616943515633,0.1026429405261915,0.11665266933076257
中证红利,3.0,2016-06-30,2019-06-28,0.3301686658376053,0.09977093462686093,0.03404388106018774
中证红利,3.0,2016-07-29,2019-07-31,0.264671552328521,0.0814154829260032,-0.011807796854686137
中证红利,3.0,2016-08-31,2019-08-30,0.1770141130308207,0.055829738315468225,-0.0410806795161629
中证红利,3.0,2016-09-30,2019-09-30,0.1949361794240554,0.06116170826985923,-0.05596804130091493
中证红利,3.0,2016-10-31,2019-10-31,0.17073789212963875,0.05394971721087072,-0.0723081417848106
中证红利,3.0,2016-11-30,2019-11-29,0.10117823616893706,0.03264855053765192,-0.05350679687352189
中证红利,3.0,2016-12-30,2019-12-31,0.22980342829043354,0.07138418940273739,-0.0908206417557702
中证红利,3.0,2017-01-26,2020-01-23,0.1621714746780758,0.051372799898807164,-0.09890112007914764
中证红利,3.0,2017-02-28,2020-02-28,0.09654942479187434,0.031199602981553554,-0.12110669428146159
中证红利,3.0,2017-03-31,2020-03-31,0.02878559072147957,0.009504573779775649,-0.10904685367458744
中证红利,3.0,2017-04-28,2020-04-30,0.06632917487268819,0.021638138847290378,-0.1471609331589776
中证红利,3.0,2017-05-31,2020-05-29,0.037021576395156464,0.012191293831989025,-0.14484673911286472
中证红利,3.0,2017-06-30,2020-06-30,0.019066059759058618,0.00631538520164332,-0.19507286059336337
中证红利,3.0,2017-07-31,2020-07-31,0.09871821172680506,0.031879000661185763,-0.24261715675536677
中证红利,3.0,2017-08-31,2020-08-31,0.12147338832215104,0.03895401130992959,-0.22347631366723375
中证红利,3.0,2017-09-29,2020-09-30,0.06523076739268086,0.02128722766158564,-0.21066835564858222
中证红利,3.0,2017-10-31,2020-10-30,0.0542070984266374,0.017752033359965225,-0.19641419300046126
中证红利,3.0,2017-11-30,2020-11-30,0.15587297696758862,0.04947002036264192,-0.16621445629141762
中证红利,3.0,2017-12-29,2020-12-31,0.096468829702415,0.031174338377694122,-0.2841070345819632
中证红利,3.0,2018-01-31,2021-01-29,-0.009579558473817418,-0.0032034372099960517,-0.3459527937944251
中证红利,3.0,2018-02-28,2021-02-26,0.11358241169291539,0.03651149059717618,-0.302533567641291
中证红利,3.0,2018-03-30,2021-03-31,0.18745694921104472,0.05894309902857353,-0.19515172816485093
中证红利,3.0,2018-04-27,2021-04-30,0.2628818497979133,0.08090511965981428,-0.19443290969145144
中证红利,3.0,2018-05-31,2021-05-31,0.2976120911094069,0.09072423072731306,-0.19869966441758669
中证红利,3.0,2018-06-29,2021-06-30,0.3996240090080492,0.11858878621830926,-0.18544655478591898
中证红利,3.0,2018-07-31,2021-07-30,0.31725430260719745,0.09620019569660188,-0.13712956332041792
中证红利,3.0,2018-08-31,2021-08-31,0.544667326205114,0.1559658035478313,0.012087676629542354
中证红利,3.0,2018-09-28,2021-09-30,0.4541188610176152,0.13292189262913467,-0.04955768673552785
中证红利,3.0,2018-10-31,2021-10-29,0.4851583777539925,0.14092629591584727,-0.1695297140885268
中证红利,3.0,2018-11-30,2021-11-30,0.49392558248497775,0.14316693595190322,-0.12520156969234097
中证红利,3.0,2018-12-28,2021-12-31,0.5455823817120602,0.156194021851217,-0.19875920261770297
中证红利,3.0,2019-01-31,2022-01-28,0.421303661922769,0.12433472750206676,-0.09394481272903588
中证红利,3.0,2019-02-28,2022-02-28,0.33773920621663844,0.10185340605338333,0.010808443520875954
中证红利,3.0,2019-03-29,2022-03-31,0.272728560581162,0.08370712819064807,0.1139243978721316
中证红利,3.0,2019-04-30,2022-04-29,0.20573066795469064,0.06434747892567882,0.11484260134969526
中证红利,3.0,2019-05-31,2022-05-31,0.2957557531653008,0.0902038597367163,0.09988875475660763
中证红利,3.0,2019-06-28,2022-06-30,0.3233237711618784,0.09788125805801062,0.07817577092148031
中证红利,3.0,2019-07-31,2022-07-29,0.3020062510496442,0.09195403247044442,0.14809889566588041
中证红利,3.0,2019-08-30,2022-08-31,0.3712964527675786,0.11099076995466306,0.23209617194700427
中证红利,3.0,2019-09-30,2022-09-30,0.3341306076581321,0.10086175107134521,0.2759529593010188
中证红利,3.0,2019-10-31,2022-10-31,0.2421331364647239,0.07495276849336951,0.2839232301718101
中证红利,3.0,2019-11-29,2022-11-30,0.4059500974454975,0.12027153743728958,0.3376974743128036
中证红利,3.0,2019-12-31,2022-12-30,0.2739546224355418,0.08405500690906176,0.26931781066446714
中证红利,3.0,2020-01-23,2023-01-31,0.35634918743034927,0.10693937792754027,0.2526511377381122
中证红利,3.0,2020-02-28,2023-02-28,0.4385850954377235,0.12887325896295354,0.3403287414817533
中证红利,3.0,2020-03-31,2023-03-31,0.4958828422630126,0.14366595639867508,0.32728907997286205
中证红利,3.0,2020-04-30,2023-04-28,0.5175757119652815,0.14916781936526435,0.422262670698339
中证红利,3.0,2020-05-29,2023-05-31,0.4943128029949866,0.14326569576732506,0.45078079380823977
中证红利,3.0,2020-06-30,2023-06-30,0.4268672954191983,0.12579987110542756,0.44443065815515026
中证红利,3.0,2020-07-31,2023-07-31,0.36857217147883636,0.11025456690852575,0.45717094532191505
中证红利,3.0,2020-08-31,2023-08-31,0.27205366039603307,0.08351553890681007,0.43847696680813697
中证红利,3.0,2020-09-30,2023-09-28,0.3610357928975003,0.10821285147823789,0.503579351455003
中证红利,3.0,2020-10-30,2023-10-31,0.30571425001423047,0.09298964623715733,0.49409395006166035
中证红利,3.0,2020-11-30,2023-11-30,0.20388717857005978,0.06380476122881173,0.4522516544286712
中证红利,3.0,2020-12-31,2023-12-29,0.25224272144991167,0.0778611996917824,0.5494583452947865
中证红利,3.0,2021-01-29,2024-01-31,0.32723467721329125,0.09896174132091873,0.6859543794082554
中证红利,3.0,2021-02-26,2024-02-29,0.3332221681654348,0.10061182717333073,0.6299658565811107
中证红利,3.0,2021-03-31,2024-03-29,0.2916521648225421,0.08905177047100943,0.5436990462356731
中证红利,3.0,2021-04-30,2024-04-30,0.28636180949403833,0.08756288801611345,0.5352952575506019
中证红利,3.0,2021-05-31,2024-05-31,0.2627093599525283,0.08085590585934832,0.5450283679059655
中证红利,3.0,2021-06-30,2024-06-28,0.21582546783146372,0.06730959104473144,0.5057471189031849
中证红利,3.0,2021-07-30,2024-07-31,0.2331503683902949,0.07235524177642971,0.46245364869040584
中证红利,3.0,2021-08-31,2024-08-30,0.07513232279511439,0.024441836990752197,0.3305053478687078
中证红利,3.0,2021-09-30,2024-09-30,0.2734260338700505,0.08390505432795403,0.38303326119741277
中证红利,3.0,2021-10-29,2024-10-31,0.2559962134185789,0.07893705816203767,0.4005707506384104
中证红利,3.0,2021-11-30,2024-11-29,0.25469714186743486,0.07856494983632323,0.3792482811660184
中证红利,3.0,2021-12-31,2024-12-31,0.2582365164503724,0.07957817215476215,0.3969799359866987
中证红利,3.0,2022-01-28,2025-01-27,0.2708198320698114,0.08316510698413437,0.3644112110155102
中证红利,3.0,2022-02-28,2025-02-28,0.20035400832428496,0.06276305612498345,0.28022240577189317
中证红利,3.0,2022-03-31,2025-03-31,0.20292426431467003,0.06352106188818363,0.2052475449798319
中证红利,3.0,2022-04-29,2025-04-30,0.25592697668681375,0.07891723234632764,0.2377607130686823
中证红利,3.0,2022-05-31,2025-05-30,0.2575451145856529,0.07938039293143273,0.23996884906880434
中证红利,3.0,2022-06-30,2025-06-30,0.24567823443058034,0.0759744499578916,0.2936589276440784
中证红利,3.0,2022-07-29,2025-07-31,0.29886730338758816,0.09107581223134242,0.2389624829243433
中证红利,3.0,2022-08-31,2025-08-29,0.288745017465478,0.08823410652030361,0.09397567348160263
中证红利,3.0,2022-09-30,2025-09-30,0.3091444063178195,0.09394591648815198,-0.013684443820939363
中证红利,3.0,2022-10-31,2025-10-31,0.442887491711079,0.1299975178662367,0.006718689375978526
中证红利,3.0,2022-11-30,2025-11-28,0.2684575139658081,0.08249352799855814,-0.00810692013998593
中证红利,3.0,2022-12-30,2025-12-31,0.3103936880722258,0.09429378037525482,0.010572858935730345
中证红利,3.0,2023-01-31,2026-01-30,0.31326897242601204,0.09509356731942842,0.08128586816997974
中证红利,3.0,2023-02-28,2026-02-27,0.3060243098734978,0.09307615454593687,0.04577258948233531
中证红利,3.0,2023-03-31,2026-03-31,0.30141327196857315,0.09178823597445218,0.10546928039494152
中证红利,3.0,2023-04-28,2026-04-30,0.27371560694597097,0.08398720696821971,-0.026068490880930772
中证红利,3.0,2023-05-31,2026-05-29,0.25608895220511907,0.07896361260805462,-0.14684013190442546
中证红利,3.0,2023-06-30,2026-06-30,0.15304420663770735,0.04861319762940797,-0.2525377264738651
中证红利,3.0,2023-07-31,2026-07-31,0.21692625485590944,0.06763160166937343,-0.01832352070859744
中证红利,3.0,2023-08-31,2026-08-31,0.30225850883741456,0.09202454829194595,-0.02542094287645802
中证红利,3.0,2023-09-28,2026-09-30,0.22943573557921115,0.07127740284494366,-0.04913777123281515
红利低波,3.0,2012-12-31,2015-12-31,1.0978659506201662,0.28014523714534545,0.515993640746609
红利低波,3.0,2013-01-31,2016-01-29,0.6067669812122758,0.17125367389414414,0.43386370707847766
红利低波,3.0,2013-02-28,2016-02-29,0.5675629737271708,0.16164920335118294,0.4158625076304061
红利低波,3.0,2013-03-29,2016-03-31,0.7252058426974697,0.19935285539407022,0.3452585647773154
红利低波,3.0,2013-04-26,2016-04-29,0.7414369089876607,0.2031023681138533,0.3608103604606063
红利低波,3.0,2013-05-31,2016-05-31,0.6294406356437068,0.17673728477849782,0.32824627559946107
红利低波,3.0,2013-06-28,2016-06-30,0.9308360342391757,0.24522681721832607,0.40396635311541895
红利低波,3.0,2013-07-31,2016-07-29,1.025024901676884,0.26515418382956546,0.46649905223311716
红利低波,3.0,2013-08-30,2016-08-31,0.9674258322725657,0.2530434282400005,0.43227541931747515
红利低波,3.0,2013-09-30,2016-09-30,0.8580841034478981,0.22938654571468176,0.41684029064965267
红利低波,3.0,2013-10-31,2016-10-31,0.8664733365555017,0.23123399118406307,0.36650529516721964
红利低波,3.0,2013-11-29,2016-11-30,0.9038742254399466,0.2394035948776334,0.355668911456801
红利低波,3.0,2013-12-31,2016-12-30,0.8327444403642643,0.22377235119648065,0.3165019813007768
红利低波,3.0,2014-01-30,2017-01-26,0.9439129131406818,0.2480316569306955,0.30211830005955376
红利低波,3.0,2014-02-28,2017-02-28,0.9695615026025279,0.25349666344381494,0.2784018359836431
红利低波,3.0,2014-03-31,2017-03-31,0.9856510475392282,0.25690072404385433,0.2668841577541705
红利低波,3.0,2014-04-30,2017-04-28,1.0299354907501197,0.26617600455958845,0.32996440561649165
红利低波,3.0,2014-05-30,2017-05-31,1.0797488757291065,0.2764494858538262,0.3527077859384722
红利低波,3.0,2014-06-30,2017-06-30,1.1530592373617314,0.29127475243162637,0.35307877091671647
红利低波,3.0,2014-07-31,2017-07-31,1.004479532503217,0.26086099137644037,0.3213234575327393
红利低波,3.0,2014-08-29,2017-08-31,0.9752301625585256,0.2546980882639267,0.24365718104779455
红利低波,3.0,2014-09-30,2017-09-29,0.8660953425248512,0.23115086998241519,0.2071664103676536
红利低波,3.0,2014-10-31,2017-10-31,0.8863600991992784,0.23559137248048345,0.19335476982747934
红利低波,3.0,2014-11-28,2017-11-30,0.7169106825320659,0.19742751758311772,0.20535828237869347
红利低波,3.0,2014-12-31,2017-12-29,0.43530191253027484,0.12801382179273602,0.2264698678588466
红利低波,3.0,2015-01-30,2018-01-31,0.569217877031104,0.162057850621649,0.2498984741969681
红利低波,3.0,2015-02-27,2018-02-28,0.4563724314788984,0.13350685203582136,0.26299000705972864
红利低波,3.0,2015-03-31,2018-03-30,0.23908588202420944,0.07407300855551902,0.21933334597947463
红利低波,3.0,2015-04-30,2018-04-27,0.013229867794033234,0.00439064991067295,0.17561132118640244
红利低波,3.0,2015-05-29,2018-05-31,-0.024873190371758946,-0.008360771138362866,0.14264129834949402
红利低波,3.0,2015-06-30,2018-06-29,-0.06187469692327363,-0.021065539954583712,0.10345173366381344
红利低波,3.0,2015-07-31,2018-07-31,0.09527873518113483,0.03080112843938365,0.11429311995706004
红利低波,3.0,2015-08-31,2018-08-31,0.1589098775243818,0.050388330293124506,0.10271341748690221
红利低波,3.0,2015-09-30,2018-09-28,0.2720255702160381,0.08350756325517916,0.12666791222148732
红利低波,3.0,2015-10-30,2018-10-31,0.07119250713868541,0.02318895178254965,0.11908252420249932
红利低波,3.0,2015-11-30,2018-11-30,0.057885195300697356,0.018934294881842728,0.1086950104570602
红利低波,3.0,2015-12-31,2018-12-28,0.03395911051750877,0.011193931847082617,0.172993687497364
红利低波,3.0,2016-01-29,2019-01-31,0.31855880769131284,0.09656193980135086,0.1590706560875772
红利低波,3.0,2016-02-29,2019-02-28,0.43305590143521844,0.12742512933555306,0.07248979249817311
红利低波,3.0,2016-03-31,2019-03-29,0.3935303866744566,0.1169630701519282,0.10961404636062655
红利低波,3.0,2016-04-29,2019-04-30,0.3834897985002028,0.11427397445880039,0.060936570152893665
红利低波,3.0,2016-05-31,2019-05-31,0.3026242106260715,0.09212675993712716,0.07865993644120106
红利低波,3.0,2016-06-30,2019-06-28,0.3270619250013449,0.09891405914575246,0.03093714022392735
红利低波,3.0,2016-07-29,2019-07-31,0.26641683950041317,0.08191271690906743,-0.010062509682793985
红利低波,3.0,2016-08-31,2019-08-30,0.17550460524845812,0.05537818184117049,-0.042590187298525484
红利低波,3.0,2016-09-30,2019-09-30,0.18937228635461945,0.05951214240379832,-0.06153193437035087
红利低波,3.0,2016-10-31,2019-10-31,0.1764847487407304,0.0556714274489607,-0.06656128517371895
红利低波,3.0,2016-11-30,2019-11-29,0.11635056060698168,0.037369635136135226,-0.038334472435477274
红利低波,3.0,2016-12-30,2019-12-31,0.2494149655690101,0.07704926299447701,-0.07120910447719364
红利低波,3.0,2017-01-26,2020-01-23,0.1469936847033817,0.04677580426003769,-0.11407891005384174
红利低波,3.0,2017-02-28,2020-02-28,0.073588575193555,0.023951281198569152,-0.14406754387978093
红利低波,3.0,2017-03-31,2020-03-31,0.007770911038717632,0.002583622824022802,-0.13006153335734938
红利低波,3.0,2017-04-28,2020-04-30,0.028018892288567132,0.00925373501373672,-0.18547121574309866
红利低波,3.0,2017-05-31,2020-05-29,-0.01710502540405423,-0.005734496728822092,-0.1989733409120754
红利低波,3.0,2017-06-30,2020-06-30,-0.035796788384927725,-0.012077542591584556,-0.24993570873734972
红利低波,3.0,2017-07-31,2020-07-31,0.0644943310438697,0.021051821259978176,-0.27684103743830213
红利低波,3.0,2017-08-31,2020-08-31,0.1073153078799769,0.03456337869626447,-0.2376343941094079
红利低波,3.0,2017-09-29,2020-09-30,0.04031537551986619,0.01326180554481371,-0.23558374752139688
红利低波,3.0,2017-10-31,2020-10-30,0.004345807868410656,0.001446509224978909,-0.246275483558688
红利低波,3.0,2017-11-30,2020-11-30,0.1093348426526759,0.03519194636882084,-0.21275259060633034
红利低波,3.0,2017-12-29,2020-12-31,0.03123814430030314,0.010306133485915803,-0.34933771998407503
红利低波,3.0,2018-01-31,2021-01-29,-0.0656749300055588,-0.022389177559976048,-0.4020481653261665
红利低波,3.0,2018-02-28,2021-02-26,0.05529102574012512,0.0181007287143089,-0.3608249535940813
红利低波,3.0,2018-03-30,2021-03-31,0.13843700620263655,0.044166289761075506,-0.2441716711732591
红利低波,3.0,2018-04-27,2021-04-30,0.19241144621558015,0.06041381914724209,-0.2649033132737846
红利低波,3.0,2018-05-31,2021-05-31,0.22622294030895174,0.07034342495088675,-0.27008881521804184
红利低波,3.0,2018-06-29,2021-06-30,0.26575578026258495,0.08172443427991039,-0.3193147835313832
红利低波,3.0,2018-07-31,2021-07-30,0.18676204688745646,0.058736493472639095,-0.2676218190401589
红利低波,3.0,2018-08-31,2021-08-31,0.3953841556405533,0.1174581374587298,-0.1371954939350184
红利低波,3.0,2018-09-28,2021-09-30,0.3864329069963104,0.11506354936749097,-0.11724364075683269
红利低波,3.0,2018-10-31,2021-10-29,0.37637348099710843,0.1123601759371533,-0.27831461084541087
红利低波,3.0,2018-11-30,2021-11-30,0.34491944418776344,0.10382126763207733,-0.2742077079895553
红利低波,3.0,2018-12-28,2021-12-31,0.43497736208690085,0.12792879322830575,-0.3093642222428623
红利低波,3.0,2019-01-31,2022-01-28,0.3682108469510226,0.11015685009946652,-0.14703762770078233
红利低波,3.0,2019-02-28,2022-02-28,0.32164448712672056,0.09741666153244632,-0.005286275569041932
红利低波,3.0,2019-03-29,2022-03-31,0.2702179658902284,0.08299408263881314,0.11141380318119798
红利低波,3.0,2019-04-30,2022-04-29,0.2754961353666181,0.08449207408505166,0.18460806876162272
红利低波,3.0,2019-05-31,2022-05-31,0.36001028442554395,0.1079344440988963,0.1641432860168508
红利低波,3.0,2019-06-28,2022-06-30,0.340626203574947,0.10264547928656631,0.09547820333454893
红利低波,3.0,2019-07-31,2022-07-29,0.27574385003355495,0.08456227610191402,0.12183649464979118
红利低波,3.0,2019-08-30,2022-08-31,0.3618527835719503,0.10843454990044865,0.22265250275137594
红利低波,3.0,2019-09-30,2022-09-30,0.34087009535642365,0.10271234104196347,0.2826924469993104
红利低波,3.0,2019-10-31,2022-10-31,0.22490325536426292,0.06995931232719532,0.2666933490713491
红利低波,3.0,2019-11-29,2022-11-30,0.36467886925565285,0.10920075280016261,0.296426246122959
红利低波,3.0,2019-12-31,2022-12-30,0.22753681903770984,0.07072557391537249,0.22290000726663517
红利低波,3.0,2020-01-23,2023-01-31,0.34021591316820876,0.10253298185297033,0.2365178634759717
红利低波,3.0,2020-02-28,2023-02-28,0.4489120171365437,0.13156803669191341,0.3506556631805735
红利低波,3.0,2020-03-31,2023-03-31,0.5439291263333401,0.15578162801560458,0.37533536404318957
红利低波,3.0,2020-04-30,2023-04-28,0.5917744641351648,0.16759934969992085,0.49646142286822226
红利低波,3.0,2020-05-29,2023-05-31,0.5729795522207302,0.16298565803373033,0.5294475430339833
红利低波,3.0,2020-06-30,2023-06-30,0.5060305822182334,0.1462462564773026,0.5235939449541853
红利低波,3.0,2020-07-31,2023-07-31,0.4356157302657533,0.12809602632036143,0.524214504108832
红利低波,3.0,2020-08-31,2023-08-31,0.3251814574241052,0.0983947542906407,0.4916047638362091
红利低波,3.0,2020-09-30,2023-09-28,0.436812101458669,0.12840930580295984,0.5793556600161717
红利低波,3.0,2020-10-30,2023-10-31,0.3860422658266527,0.11495881280602593,0.5744219658740826
红利低波,3.0,2020-11-30,2023-11-30,0.2742634226755234,0.08414258967333255,0.5226278985341348
红利低波,3.0,2020-12-31,2023-12-29,0.3507994652426534,0.10542757358747146,0.6480150890875283
红利低波,3.0,2021-01-29,2024-01-31,0.4646613586512829,0.13565323226838744,0.8233810608462471
红利低波,3.0,2021-02-26,2024-02-29,0.44737150516762747,0.13116685929162353,0.7441151935833034
红利低波,3.0,2021-03-31,2024-03-29,0.4051355327519566,0.12005514523119709,0.6571824141650876
红利低波,3.0,2021-04-30,2024-04-30,0.43238399656224114,0.12724889967615516,0.6813174446188047
红利低波,3.0,2021-05-31,2024-05-31,0.3962835036401031,0.1176981592726063,0.6786025115935403
红利低波,3.0,2021-06-30,2024-06-28,0.41268611482654105,0.12205779075876633,0.7026077658982622
红利低波,3.0,2021-07-30,2024-07-31,0.46316421234548266,0.13526615333103442,0.6924674926455936
红利低波,3.0,2021-08-31,2024-08-30,0.2908489797193674,0.0888259894773713,0.5462220047929608
红利低波,3.0,2021-09-30,2024-09-30,0.39460376902860195,0.11724978097969552,0.5042109963559642
红利低波,3.0,2021-10-29,2024-10-31,0.44976351831471506,0.13178966110531687,0.5943380555345465
红利低波,3.0,2021-11-30,2024-11-29,0.49465301321044763,0.14335245162240695,0.6192041525090312
红利低波,3.0,2021-12-31,2024-12-31,0.4493124481038002,0.13167226964798662,0.5880558676401265
红利低波,3.0,2022-01-28,2025-01-27,0.42873296311044573,0.12629032869455625,0.5223243420561445
红利低波,3.0,2022-02-28,2025-02-28,0.3618918140170442,0.10844513897465413,0.4417602114646524
红利低波,3.0,2022-03-31,2025-03-31,0.3631520933735861,0.10878694777965592,0.36547537403874797
红利低波,3.0,2022-04-29,2025-04-30,0.3713005326825036,0.11099187176925596,0.3531342690643722
红利低波,3.0,2022-05-31,2025-05-30,0.4088433087365042,0.12103945505021119,0.39126704321965566
红利低波,3.0,2022-06-30,2025-06-30,0.43762100059211306,0.12862102406252696,0.48560169380561113
红利低波,3.0,2022-07-29,2025-07-31,0.48566033637805717,0.1410548194218466,0.4257555159148123
红利低波,3.0,2022-08-31,2025-08-29,0.45480920940845193,0.13310115057223326,0.2600398654245766
红利低波,3.0,2022-09-30,2025-09-30,0.41252314960280656,0.12201464283208807,0.08969429946404772
红利低波,3.0,2022-10-31,2025-10-31,0.5912198316482182,0.16746372249586794,0.15505102931311776
红利低波,3.0,2022-11-30,2025-11-28,0.4409497450594664,0.12949144240804555,0.16438531095367237
红利低波,3.0,2022-12-30,2025-12-31,0.47898777790070945,0.1393439792605049,0.17916694876421402
红利低波,3.0,2023-01-31,2026-01-30,0.4254895858199146,0.12543741629295213,0.19350648156388228
红利低波,3.0,2023-02-28,2026-02-27,0.38263600498944594,0.11404470986981163,0.12238428459828343
红利低波,3.0,2023-03-31,2026-03-31,0.3918524142346538,0.11651457233315177,0.19590842266102215
红利低波,3.0,2023-04-28,2026-04-30,0.28184550065724245,0.08628861475048022,-0.017938597169659287
红利低波,3.0,2023-05-31,2026-05-29,0.30260353430169196,0.09212098152806525,-0.10032554980785258
红利低波,3.0,2023-06-30,2026-06-30,0.20513173023345077,0.06417121417771487,-0.20045020287812165
红利低波,3.0,2023-07-31,2026-07-31,0.2753459775015923,0.08444951511506926,0.04009620193708541
红利低波,3.0,2023-08-31,2026-08-31,0.3225616337157091,0.09767045121924967,-0.005117817998163465
红利低波,3.0,2023-09-28,2026-09-30,0.29475036974900015,0.08992182189036746,0.016176862936973846
红利质量,3.0,2012-12-31,2015-12-31,1.240902215269926,0.3086021675182309,0.6590299053963689
红利质量,3.0,2013-01-31,2016-01-29,0.7131614579223393,0.19655527330712874,0.5402581837885412
红利质量,3.0,2013-02-28,2016-02-29,0.6080843648341023,0.17157368895528013,0.45638389873733765
红利质量,3.0,2013-03-29,2016-03-31,0.9206252704271307,0.24302790861274204,0.5406779925069765
红利质量,3.0,2013-04-26,2016-04-29,1.0081987089330702,0.2616403237208149,0.6275721604060158
红利质量,3.0,2013-05-31,2016-05-31,0.902525669314765,0.23911089345272507,0.6013313092705193
红利质量,3.0,2013-06-28,2016-06-30,1.1740532743482865,0.2954581692216185,0.6471835932245298
红利质量,3.0,2013-07-31,2016-07-29,1.156514209340704,0.29196507774558467,0.5979883598969371
红利质量,3.0,2013-08-30,2016-08-31,1.0782047027226849,0.27613349467997117,0.5430542897675943
红利质量,3.0,2013-09-30,2016-09-30,0.961061245153096,0.25169077761835545,0.5198174323548506
红利质量,3.0,2013-10-31,2016-10-31,1.0448074063580144,0.2692606121182173,0.5448393649697323
红利质量,3.0,2013-11-29,2016-11-30,1.03248283375985,0.2667054198017016,0.4842775197767044
红利质量,3.0,2013-12-31,2016-12-30,0.9122337125242832,0.24121492798840727,0.39599125346079567
红利质量,3.0,2014-01-30,2017-01-26,0.9209709128756889,0.2431024706916971,0.2791762997945608
红利质量,3.0,2014-02-28,2017-02-28,1.044685676006611,0.26923542464318895,0.35352600938772616
红利质量,3.0,2014-03-31,2017-03-31,1.221488596802196,0.3048122622632954,0.5027217070171384
红利质量,3.0,2014-04-30,2017-04-28,1.2513328775709152,0.3106293962071005,0.5513617924372871
红利质量,3.0,2014-05-30,2017-05-31,1.2648595090804697,0.31324903150448824,0.5378184192898354
红利质量,3.0,2014-06-30,2017-06-30,1.4285144975666304,0.34414741184125486,0.6285340311216154
红利质量,3.0,2014-07-31,2017-07-31,1.3257690080268687,0.32491757085919826,0.642612933056391
红利质量,3.0,2014-08-29,2017-08-31,1.3383984715626451,0.3273114459055797,0.6068254900519141
红利质量,3.0,2014-09-30,2017-09-29,1.2831046851310872,0.31676601289616846,0.6241757529738896
红利质量,3.0,2014-10-31,2017-10-31,1.4244039174632372,0.3433886014741614,0.7313985880914382
红利质量,3.0,2014-11-28,2017-11-30,1.3000069355797113,0.32000744860728547,0.7884545354263388
红利质量,3.0,2014-12-31,2017-12-29,1.2445116329805201,0.30930437846125436,1.035679588309092
红利质量,3.0,2015-01-30,2018-01-31,1.1864827491009122,0.297922272576034,0.8671633462667763
红利质量,3.0,2015-02-27,2018-02-28,0.9853975814889993,0.2568472411288618,0.7920151570698295
红利质量,3.0,2015-03-31,2018-03-30,0.6560846700285545,0.1831165032037667,0.6363321339838197
红利质量,3.0,2015-04-30,2018-04-27,0.4486568365381851,0.13150160266909539,0.6110382899305543
红利质量,3.0,2015-05-29,2018-05-31,0.41786159902134346,0.12342636914783833,0.5853760877425964
红利质量,3.0,2015-06-30,2018-06-29,0.4809625006622287,0.1398508321963201,0.6462889312493157
红利质量,3.0,2015-07-31,2018-07-31,0.6372390053456956,0.178611554072994,0.6562533901216208
红利质量,3.0,2015-08-31,2018-08-31,0.6792870059845415,0.18861619291545217,0.6230905459470619
红利质量,3.0,2015-09-30,2018-09-28,0.785308123530712,0.21312176247126113,0.6399504655361612
红利质量,3.0,2015-10-30,2018-10-31,0.3612617925663435,0.10827418757665197,0.4091518096301574
红利质量,3.0,2015-11-30,2018-11-30,0.3503148264808018,0.10529535629761222,0.40112464163716466
红利质量,3.0,2015-12-31,2018-12-28,0.2285994033151717,0.07103443309224233,0.3676339802950269
红利质量,3.0,2016-01-29,2019-01-31,0.6365757986744509,0.17845239005538938,0.47708764707071527
红利质量,3.0,2016-02-29,2019-02-28,0.8698117041300946,0.23196761421913226,0.5092455951930492
红利质量,3.0,2016-03-31,2019-03-29,0.8228947087951468,0.22157610254339777,0.5389783684813167
红利质量,3.0,2016-04-29,2019-04-30,0.8458754369240546,0.226688037829901,0.5233222085767455
红利质量,3.0,2016-05-31,2019-05-31,0.7042010371812797,0.1944654944446933,0.48023676299640927
红利质量,3.0,2016-06-30,2019-06-28,0.7783030215045315,0.21153302070627578,0.4821782367271139
红利质量,3.0,2016-07-29,2019-07-31,0.7094226791884943,0.19568419102547918,0.4329433300052872
红利质量,3.0,2016-08-31,2019-08-30,0.6931822702427459,0.19188559436118457,0.4750874776957623
红利质量,3.0,2016-09-30,2019-09-30,0.675698922274703,0.18776902870731416,0.42479470154973265
红利质量,3.0,2016-10-31,2019-10-31,0.6725954272858925,0.18703530237308863,0.42954939337144316
红利质量,3.0,2016-11-30,2019-11-29,0.5871592352821295,0.16646980218065166,0.4324742022396706
红利质量,3.0,2016-12-30,2019-12-31,0.7843991123995302,0.21291583566569128,0.46377504235332645
红利质量,3.0,2017-01-26,2020-01-23,0.7752602616328979,0.2108416296157023,0.5141876668756744
红利质量,3.0,2017-02-28,2020-02-28,0.6921130607910948,0.19163465786397116,0.4744569417177589
红利质量,3.0,2017-03-31,2020-03-31,0.5377003500003323,0.1542252508127846,0.39986790560426533
红利质量,3.0,2017-04-28,2020-04-30,0.6555106771707016,0.18297979946549514,0.44202056913903576
红利质量,3.0,2017-05-31,2020-05-29,0.6964853519752725,0.19266013949340466,0.5146170364672513
红利质量,3.0,2017-06-30,2020-06-30,0.7461066020275957,0.20417678822813357,0.5319676816751737
红利质量,3.0,2017-07-31,2020-07-31,0.9602862407297745,0.2515258679793171,0.6189508722476027
红利质量,3.0,2017-08-31,2020-08-31,0.9895139432925733,0.25771525644964566,0.6445642413031885
红利质量,3.0,2017-09-29,2020-09-30,0.7827500345239697,0.2125420760172254,0.5068509114827067
红利质量,3.0,2017-10-31,2020-10-30,0.6836799963195517,0.18965175797823552,0.433058704892453
红利质量,3.0,2017-11-30,2020-11-30,0.6739093405921712,0.187346047624112,0.351821907333165
红利质量,3.0,2017-12-29,2020-12-31,0.7448979791800003,0.20389888776362985,0.36432211489562216
红利质量,3.0,2018-01-31,2021-01-29,0.6851417611390194,0.1899959421604489,0.34876852581841167
红利质量,3.0,2018-02-28,2021-02-26,0.7044428376692788,0.19452198400087095,0.28832685833507243
红利质量,3.0,2018-03-30,2021-03-31,0.727051856260458,0.19978048212821542,0.34444317888456233
红利质量,3.0,2018-04-27,2021-04-30,0.8481332025931634,0.22718797147596925,0.39081844310379865
红利质量,3.0,2018-05-31,2021-05-31,0.7361331899409709,0.20187973681050297,0.2398214344139773
红利质量,3.0,2018-06-29,2021-06-30,0.7950631225217144,0.21532726652889167,0.20999255872774625
红利质量,3.0,2018-07-31,2021-07-30,0.6257826733165748,0.1758560650435539,0.1713988073889594
红利质量,3.0,2018-08-31,2021-08-31,0.8175290306249079,0.22037635764369368,0.2849493810493362
红利质量,3.0,2018-09-28,2021-09-30,0.7882859490233469,0.2137958680102694,0.28460940127020384
红利质量,3.0,2018-10-31,2021-10-29,1.0763514959632143,0.27575405779876516,0.42166340412069503
红利质量,3.0,2018-11-30,2021-11-30,1.0824582627408836,0.27700354232019575,0.4633311105635649
红利质量,3.0,2018-12-28,2021-12-31,1.2739732641779735,0.31500817108137635,0.5296316798482104
红利质量,3.0,2019-01-31,2022-01-28,0.9219639725125335,0.2433166440241108,0.4067154978607286
红利质量,3.0,2019-02-28,2022-02-28,0.8032020080915965,0.21716127775418737,0.476271245395834
红利质量,3.0,2019-03-29,2022-03-31,0.5322742594348275,0.15286601072039452,0.3734700967257971
红利质量,3.0,2019-04-30,2022-04-29,0.42345682625319103,0.12490220088187609,0.33256875964819566
红利质量,3.0,2019-05-31,2022-05-31,0.554495135439034,0.15841219926058292,0.3586281370303408
红利质量,3.0,2019-06-28,2022-06-30,0.5604244986411833,0.1598831874647224,0.3152764984007852
红利质量,3.0,2019-07-31,2022-07-29,0.4392785846762224,0.12905462598730577,0.2853712292924586
红利质量,3.0,2019-08-30,2022-08-31,0.43980473619449034,0.12919219060660891,0.300604455373916
红利质量,3.0,2019-09-30,2022-09-30,0.41820103490186433,0.12351601136983126,0.3600233865447511
红利质量,3.0,2019-10-31,2022-10-31,0.3328568147544968,0.10051128153492472,0.374646908461583
红利质量,3.0,2019-11-29,2022-11-30,0.47979617916180883,0.13955152646776137,0.41154355602911497
红利质量,3.0,2019-12-31,2022-12-30,0.3738721820844828,0.11168593247462932,0.36923537031340814
红利质量,3.0,2020-01-23,2023-01-31,0.4331591806334747,0.12745221289552022,0.32946113094123763
红利质量,3.0,2020-02-28,2023-02-28,0.4985531083967325,0.14434606249631643,0.4002967544407623
红利质量,3.0,2020-03-31,2023-03-31,0.5782945901455585,0.16429408016580527,0.40970082785540796
红利质量,3.0,2020-04-30,2023-04-28,0.4056682232850619,0.12019666595478928,0.3103551820181194
红利质量,3.0,2020-05-29,2023-05-31,0.3004488476746643,0.09151847608415586,0.25691683848791746
红利质量,3.0,2020-06-30,2023-06-30,0.15170209945621038,0.048206188749215784,0.16926546219216232
红利质量,3.0,2020-07-31,2023-07-31,0.03586005094213829,0.01181324796256944,0.12445882478521697
红利质量,3.0,2020-08-31,2023-08-31,-0.03015294815806957,-0.01015373204981107,0.13627035825403433
红利质量,3.0,2020-09-30,2023-09-28,0.035122927136924886,0.01157318702208121,0.17766648569442756
红利质量,3.0,2020-10-30,2023-10-31,-0.008062146310362395,-0.002694636648140847,0.18031755373706748
红利质量,3.0,2020-11-30,2023-11-30,0.03549704258257513,0.01169504036599922,0.28386151844118657
红利质量,3.0,2020-12-31,2023-12-29,-0.0653376572969806,-0.02227155904429612,0.23187796654789428
红利质量,3.0,2021-01-29,2024-01-31,-0.15465965438714946,-0.05446589336978591,0.20406004780781473
红利质量,3.0,2021-02-26,2024-02-29,-0.016379763514366652,-0.005490006182773066,0.28036392490130924
红利质量,3.0,2021-03-31,2024-03-29,0.010360457586876759,0.0034416274741586594,0.2624073390000078
红利质量,3.0,2021-04-30,2024-04-30,-0.03025347646584431,-0.01018793366555204,0.21867997159071928
红利质量,3.0,2021-05-31,2024-05-31,-0.08827359114506639,-0.030335465543757878,0.19404541680837084
红利质量,3.0,2021-06-30,2024-06-28,-0.1662794995364062,-0.058818258395203604,0.12364215153531499
红利质量,3.0,2021-07-30,2024-07-31,-0.10674907809990963,-0.03693006711432001,0.1225542022002013
红利质量,3.0,2021-08-31,2024-08-30,-0.1499625835858196,-0.05271786365305087,0.10541044148777379
红利质量,3.0,2021-09-30,2024-09-30,0.06023131240660917,0.01968698341034192,0.16983853973397145
红利质量,3.0,2021-10-29,2024-10-31,-0.007349849379399531,-0.0024559766765647195,0.13722468784043196
红利质量,3.0,2021-11-30,2024-11-29,-0.0072024715124726635,-0.002406610967656375,0.11734866778611086
红利质量,3.0,2021-12-31,2024-12-31,-0.0774597089491208,-0.026516830233816346,0.0612837105872055
红利质量,3.0,2022-01-28,2025-01-27,0.030729676104476633,0.010140057074566888,0.12432105505017543
红利质量,3.0,2022-02-28,2025-02-28,-0.04234924457000555,-0.014320513013238001,0.03751915287760266
红利质量,3.0,2022-03-31,2025-03-31,0.014738783974351577,0.004888986846563359,0.01706206463951343
红利质量,3.0,2022-04-29,2025-04-30,0.04467555096750253,0.014675428578311944,0.02650928734937108
红利质量,3.0,2022-05-31,2025-05-30,0.05053036989564075,0.016567460082109076,0.032954104378792204
红利质量,3.0,2022-06-30,2025-06-30,-0.004274872531014662,-0.0014269928503338747,0.04370582068248341
红利质量,3.0,2022-07-29,2025-07-31,0.15411681614530104,0.048938251342419914,0.09421199568205618
红利质量,3.0,2022-08-31,2025-08-29,0.2739346078316185,0.08404932982427482,0.07916526384774314
红利质量,3.0,2022-09-30,2025-09-30,0.32176984421289223,0.0974513568450246,-0.0010590059258666074
红利质量,3.0,2022-10-31,2025-10-31,0.33052836421325993,0.09987005743656296,-0.10564043812184054
红利质量,3.0,2022-11-30,2025-11-28,0.1466372043916484,0.0466673486701632,-0.1299272297141456
红利质量,3.0,2022-12-30,2025-12-31,0.16555408992299903,0.05239185342598307,-0.1342667392134964
红利质量,3.0,2023-01-31,2026-01-30,0.1893251871388515,0.05949815663716018,-0.04265791711718081
红利质量,3.0,2023-02-28,2026-02-27,0.15565245055241572,0.04940327410650158,-0.10459926983874679
红利质量,3.0,2023-03-31,2026-03-31,0.07680097314699341,0.024971555235858034,-0.11914301842663821
红利质量,3.0,2023-04-28,2026-04-30,0.20032967572189309,0.06275587491970547,-0.09945442210500866
红利质量,3.0,2023-05-31,2026-05-29,0.1633468584778064,0.05172712230650944,-0.23958222563173814
红利质量,3.0,2023-06-30,2026-06-30,0.17652131279986394,0.05568236376657021,-0.22906062031170848
红利质量,3.0,2023-07-31,2026-07-31,0.17959877407340175,0.05660202213747878,-0.055651001491105134
红利质量,3.0,2023-08-31,2026-08-31,0.25490569182445433,0.07862470455190174,-0.07277375988941825
红利质量,3.0,2023-09-28,2026-09-30,0.1992948984303129,0.062450394452424174,-0.07927860838171341
价值100,5.0,2012-12-31,2017-12-29,2.0029838,0.24597864188774676,1.219470309027221
价值100,5.0,2013-01-31,2018-01-31,2.187891700438966,0.260958262708725,1.4110986899791709
价值100,5.0,2013-02-28,2018-02-28,1.9776770018948082,0.24387150028666094,1.2972202133768043
价值100,5.0,2013-03-29,2018-03-30,2.066875673370167,0.2512360083974885,1.3224677701910772
价值100,5.0,2013-04-26,2018-04-27,2.0756698848616253,0.25195276615587403,1.3620002447738802
价值100,5.0,2013-05-31,2018-05-31,1.99328288652156,0.24517259158739124,1.364647649399786
价值100,5.0,2013-06-28,2018-06-29,2.36691178560882,0.2748126007795628,1.5921594017269378
价值100,5.0,2013-07-31,2018-07-31,2.317909893922311,0.2710800942373761,1.5346307493016798
价值100,5.0,2013-08-30,2018-08-31,1.9110999268464952,0.23825879880530865,1.3072279178267374
价值100,5.0,2013-09-30,2018-09-28,1.9257136468238687,0.23949952162242538,1.337051416170915
价值100,5.0,2013-10-31,2018-10-31,1.62623028013165,0.2130160880247931,1.1472270880303148
价值100,5.0,2013-11-29,2018-11-30,1.4821452342612358,0.1994038479984226,1.0339476047324392
价值100,5.0,2013-12-31,2018-12-28,1.4695056198537588,0.19817982808041945,1.0308730430080248
价值100,5.0,2014-01-30,2019-01-31,1.7620839609219234,0.22531394234031188,1.1435891699517187
价值100,5.0,2014-02-28,2019-02-28,2.0658618339869537,0.25115327141997557,1.1905357225459199
价值100,5.0,2014-03-31,2019-03-29,2.130853599022473,0.25641337804324715,1.1217778080608465
价值100,5.0,2014-04-30,2019-04-30,2.0980566686680584,0.25376999305222525,1.07974942755938
价值100,5.0,2014-05-30,2019-05-31,1.8973271431592607,0.23708490321232567,1.0214788364742329
价值100,5.0,2014-06-30,2019-06-28,1.9404173456001468,0.24074289006000527,0.9767538273627245
价值100,5.0,2014-07-31,2019-07-31,1.6423324381161981,0.21449992205058566,0.8370365283236145
价值100,5.0,2014-08-29,2019-08-30,1.495553219621042,0.2006968387202961,0.6957018770585595
价值100,5.0,2014-09-30,2019-09-30,1.4183361732581532,0.19317277237117536,0.6937794391255296
价值100,5.0,2014-10-31,2019-10-31,1.3581460726450545,0.18717335495512022,0.6408798083650047
价值100,5.0,2014-11-28,2019-11-29,1.1970596291698845,0.1704917818240066,0.6864101468015187
价值100,5.0,2014-12-31,2019-12-31,0.9521020035219614,0.14314284242594533,0.6672749529274402
价值100,5.0,2015-01-30,2020-01-23,0.8029007401350301,0.12510839037817578,0.5111187233729231
价值100,5.0,2015-02-27,2020-02-28,0.730692233316157,0.11594802764975687,0.5087689320621471
价值100,5.0,2015-03-31,2020-03-31,0.47459983059426536,0.08077386946229947,0.4664038998395923
价值100,5.0,2015-04-30,2020-04-30,0.28901525915566006,0.05208689674549838,0.37679637353030393
价值100,5.0,2015-05-29,2020-05-29,0.2758585198913537,0.049930383128951705,0.3900541565451793
价值100,5.0,2015-06-30,2020-06-30,0.2766169029189116,0.05005517128035475,0.2407671148041597
价值100,5.0,2015-07-31,2020-07-31,0.7351614557062405,0.11652378295886257,0.3665364248496621
价值100,5.0,2015-08-31,2020-08-31,1.0165960754318322,0.15059844706122116,0.42322390642290464
价值100,5.0,2015-09-30,2020-09-30,1.0584454728702641,0.1553348491275186,0.46316260519570895
价值100,5.0,2015-10-30,2020-10-30,0.8977701272295202,0.1367074888643689,0.4178654909549986
价值100,5.0,2015-11-30,2020-11-30,1.0716457046776737,0.1568128303050731,0.5216261578287937
价值100,5.0,2015-12-31,2020-12-31,0.7797897753309366,0.12220898479759223,0.22323197740133738
价值100,5.0,2016-01-29,2021-01-29,1.1179216223445545,0.16193538270778718,0.09349328605504903
价值100,5.0,2016-02-29,2021-02-26,1.3022819180872238,0.18149448977234162,0.23601401175727466
价值100,5.0,2016-03-31,2021-03-31,1.1223317339887378,0.16241887576668534,0.37455952384053726
价值100,5.0,2016-04-29,2021-04-30,1.1123200530020059,0.1613201041960053,0.3034630075880618
价值100,5.0,2016-05-31,2021-05-31,1.116105464042663,0.16173603795614167,0.24325224118674993
价值100,5.0,2016-06-30,2021-06-30,1.064367893417852,0.15599889565523362,0.2219658885238045
价值100,5.0,2016-07-29,2021-07-30,0.8897604784321249,0.13574635692083725,0.2256415180009692
价值100,5.0,2016-08-31,2021-08-31,1.1310236285804462,0.16336944453953683,0.5298374641472698
价值100,5.0,2016-09-30,2021-09-30,1.177245607107353,0.16837292551746263,0.5197646747895917
价值100,5.0,2016-10-31,2021-10-29,0.9077384325862559,0.1378991310736759,0.2761776911306668
价值100,5.0,2016-11-30,2021-11-30,0.67273228279055,0.10837134089848854,0.15819407360673177
价值100,5.0,2016-12-30,2021-12-31,0.9745167723643295,0.14575606656979723,0.319460476213991
价值100,5.0,2017-01-26,2022-01-28,0.8723430320075223,0.1336450179387807,0.37859847729304663
价值100,5.0,2017-02-28,2022-02-28,0.9068104213207402,0.13778840428576533,0.43537755990865756
价值100,5.0,2017-03-31,2022-03-31,0.8661550748457343,0.1328947025666154,0.5116227042254131
价值100,5.0,2017-04-28,2022-04-29,0.78508524813519,0.1228759812391167,0.4899177577452942
价值100,5.0,2017-05-31,2022-05-31,0.7390130018938676,0.1170190140840226,0.4401063937960832
价值100,5.0,2017-06-30,2022-06-30,0.6250301105021168,0.1019763714990769,0.26665331227643385
价值100,5.0,2017-07-31,2022-07-29,0.5303673648390448,0.08882764553725986,0.2927256155494409
价值100,5.0,2017-08-31,2022-08-31,0.5398107685818181,0.09016810188861957,0.35569021647342236
价值100,5.0,2017-09-29,2022-09-30,0.4966294029567204,0.08398395689423843,0.39658988106479676
价值100,5.0,2017-10-31,2022-10-31,0.31908121354727137,0.05694966885804087,0.34714006390756935
价值100,5.0,2017-11-30,2022-11-30,0.46498064914921744,0.07936014445166228,0.39736614103801315
价值100,5.0,2017-12-29,2022-12-30,0.3776273118756086,0.06616973168460705,0.30983252807885675
价值100,5.0,2018-01-31,2023-01-31,0.32269101067666206,0.05752752626751945,0.24202980804058982
价值100,5.0,2018-02-28,2023-02-28,0.46688456267896306,0.07964054964698564,0.3423623624276664
价值100,5.0,2018-03-30,2023-03-31,0.5424122446809909,0.09053621616403729,0.3870618687790681
价值100,5.0,2018-04-27,2023-04-28,0.7024813539702872,0.11228600485262685,0.5096170770723052
价值100,5.0,2018-05-31,2023-05-31,0.5655119334848671,0.09378327043443879,0.45514401175474517
价值100,5.0,2018-06-29,2023-06-30,0.656565003516222,0.1062204849292494,0.4373377273225767
价值100,5.0,2018-07-31,2023-07-31,0.7502834286707327,0.11846314028810889,0.478739267458115
价值100,5.0,2018-08-31,2023-08-31,0.7686857458498222,0.12080519472087725,0.5111565317769926
价值100,5.0,2018-09-28,2023-09-28,0.7627633347700731,0.12005358831082025,0.5684765010787631
价值100,5.0,2018-10-31,2023-10-31,0.8456732308515491,0.13039691260241937,0.5841376243345131
价值100,5.0,2018-11-30,2023-11-30,0.8819911823241431,0.1348109477227455,0.6545767261610955
价值100,5.0,2018-12-28,2023-12-29,0.9224376719210385,0.1396472677903886,0.651858770935658
价值100,5.0,2019-01-31,2024-01-31,0.8970812889945212,0.13662495818502762,0.7774268927119394
价值100,5.0,2019-02-28,2024-02-29,0.8758765393069234,0.13407258088245388,0.8078535031562408
价值100,5.0,2019-03-29,2024-03-29,0.7799712837219528,0.12223187312309691,0.7617961627165788
价值100,5.0,2019-04-30,2024-04-30,0.8616725784183032,0.13234993726908684,0.8344382902714711
价值100,5.0,2019-05-31,2024-05-31,1.0271044730321273,0.15179509942528924,0.9289423883324095
价值100,5.0,2019-06-28,2024-06-28,0.8838238622994743,0.1350318770970338,0.8744690616951631
价值100,5.0,2019-07-31,2024-07-31,0.8776555111623912,0.13428759698730097,0.8729146003005379
价值100,5.0,2019-08-30,2024-08-30,0.9307072681415729,0.1406260509769326,0.951894767496305
价值100,5.0,2019-09-30,2024-09-30,1.3804746187690733,0.18941308252067057,1.2006808195898488
价值100,5.0,2019-10-31,2024-10-31,1.2065650559315326,0.1715028439909989,1.0837759039332748
价值100,5.0,2019-11-29,2024-11-29,1.1530323649412577,0.16576258252600784,1.0047532136776918
价值100,5.0,2019-12-31,2024-12-31,1.0344575551330828,0.15262948978320412,0.9550980625808658
价值100,5.0,2020-01-23,2025-01-27,1.1516567151143375,0.1656135749088432,1.078012780835697
价值100,5.0,2020-02-28,2025-02-28,1.1487362962593184,0.1652969882087676,1.0368362650339928
价值100,5.0,2020-03-31,2025-03-31,1.3683782459523592,0.18820181837794703,1.1806942258586937
价值100,5.0,2020-04-30,2025-04-30,1.2404602359067893,0.17508003649721404,1.1537634134753856
价值100,5.0,2020-05-29,2025-05-30,1.3856958971560984,0.18993439162076853,1.2673508851272777
价值100,5.0,2020-06-30,2025-06-30,1.35536295043052,0.18689299832436435,1.2902451816777385
价值100,5.0,2020-07-31,2025-07-31,1.1233816390193012,0.16253386137253556,1.1454140949568488
价值100,5.0,2020-08-31,2025-08-29,1.1271095657706525,0.16294177681371558,1.075210797253331
价值100,5.0,2020-09-30,2025-09-30,1.1815335151697544,0.16883276649369194,1.0410326796625395
价值100,5.0,2020-10-30,2025-10-31,1.267668563666442,0.17792032585853113,1.1515260780180439
价值100,5.0,2020-11-30,2025-11-28,1.0964146238311248,0.1595659020649307,1.065560932838422
价值100,5.0,2020-12-31,2025-12-31,1.270068520158599,0.17816954760009973,1.264733038691408
价值100,5.0,2021-01-29,2026-01-30,1.5004851824888914,0.20117105152607695,1.5042392925798187
价值100,5.0,2021-02-26,2026-02-27,1.3968837478146394,0.19104835638579698,1.3961316497053824
价值100,5.0,2021-03-31,2026-03-31,1.27056148614616,0.17822071319847543,1.271193868372571
价值100,5.0,2021-04-30,2026-04-30,1.3373276295691205,0.18506976659786534,1.2734078360709349
价值100,5.0,2021-05-31,2026-05-29,1.233956266853684,0.1743970005633626,1.1928848151969935
价值100,5.0,2021-06-30,2026-06-30,1.041099595692268,0.15338112341138666,0.9599339549193342
价值100,5.0,2021-07-30,2026-07-31,1.3873712810791776,0.19010147386929765,1.3074124912747687
价值100,5.0,2021-08-31,2026-08-31,1.0373672763486486,0.15295900399997997,0.94796504011462
价值100,5.0,2021-09-30,2026-09-30,0.9578185421345498,0.14381157581974358,0.9423185615211576
自由现金流,5.0,2012-12-31,2017-12-29,1.3024843000000002,0.18151526087823022,0.5189708090272211
自由现金流,5.0,2013-01-31,2018-01-31,1.4065449448221528,0.1920069715034476,0.6297519343623577
自由现金流,5.0,2013-02-28,2018-02-28,1.2696148797012246,0.1781224557969323,0.5891580911832206
自由现金流,5.0,2013-03-29,2018-03-30,1.29567253563643,0.18081534344168748,0.55126463245734
自由现金流,5.0,2013-04-26,2018-04-27,1.3949540574967476,0.1908565160441269,0.6812844174090025
自由现金流,5.0,2013-05-31,2018-05-31,1.3086225679692518,0.18214455818147535,0.6799873308474778
自由现金流,5.0,2013-06-28,2018-06-29,1.678023965428435,0.2177633290064167,0.9032715815465526
自由现金流,5.0,2013-07-31,2018-07-31,1.6676690237883243,0.2168201397863081,0.884389879167693
自由现金流,5.0,2013-08-30,2018-08-31,1.3415952212643112,0.18550220099601322,0.7377232122445534
自由现金流,5.0,2013-09-30,2018-09-28,1.3293124650933223,0.1842558811340227,0.7406502344403687
自由现金流,5.0,2013-10-31,2018-10-31,1.1095105914298093,0.16101102022149094,0.6305073993284742
自由现金流,5.0,2013-11-29,2018-11-30,1.0179062873226838,0.15074792033976636,0.5697086577938872
自由现金流,5.0,2013-12-31,2018-12-28,1.0247205008015152,0.15152405861998486,0.5860879239557812
自由现金流,5.0,2014-01-30,2019-01-31,1.2355695184540911,0.17456656975611917,0.6170747274838864
自由现金流,5.0,2014-02-28,2019-02-28,1.4533982154556853,0.19661270326188007,0.5780721040146515
自由现金流,5.0,2014-03-31,2019-03-29,1.547098884460124,0.2056164390679296,0.5380230934984973
自由现金流,5.0,2014-04-30,2019-04-30,1.5379767756406375,0.20475164711243465,0.5196695345319591
自由现金流,5.0,2014-05-30,2019-05-31,1.3374479607192677,0.1850819683850462,0.46159965403423997
自由现金流,5.0,2014-06-30,2019-06-28,1.3595753737372642,0.1873172321266665,0.395911855499842
自由现金流,5.0,2014-07-31,2019-07-31,1.1115605852300536,0.16123658351338332,0.30626467543747005
自由现金流,5.0,2014-08-29,2019-08-30,0.958631811688101,0.1439065869337095,0.1587804691256185
自由现金流,5.0,2014-09-30,2019-09-30,0.8178500091379,0.12696806439180408,0.0932932750052764
自由现金流,5.0,2014-10-31,2019-10-31,0.7478481421671861,0.11815172839648769,0.03058187788713629
自由现金流,5.0,2014-11-28,2019-11-29,0.628567222992936,0.1024556764825637,0.11791774062457017
自由现金流,5.0,2014-12-31,2019-12-31,0.5198789935696915,0.08733108136873113,0.2350519429751703
自由现金流,5.0,2015-01-30,2020-01-23,0.4154881824791876,0.07196658920447074,0.1237061657170806
自由现金流,5.0,2015-02-27,2020-02-28,0.3176230833723226,0.05671589218164086,0.09569978211831276
自由现金流,5.0,2015-03-31,2020-03-31,0.11406700113555157,0.021838501080449157,0.10587107038087851
自由现金流,5.0,2015-04-30,2020-04-30,-0.0554193267192602,-0.011338070455590543,0.03236178765538367
自由现金流,5.0,2015-05-29,2020-05-29,-0.09421626186837273,-0.019596385145891237,0.019979374785452864
自由现金流,5.0,2015-06-30,2020-06-30,-0.09119192903008644,-0.018942561369286293,-0.12704171714483836
自由现金流,5.0,2015-07-31,2020-07-31,0.23072854098103335,0.04239532372827193,-0.13789648987554504
自由现金流,5.0,2015-08-31,2020-08-31,0.36912540304797337,0.06485051606658243,-0.22424676596095416
自由现金流,5.0,2015-09-30,2020-09-30,0.4454923066617411,0.07647303855133081,-0.14979056101281407
自由现金流,5.0,2015-10-30,2020-10-30,0.3587719848631743,0.0632351281660688,-0.12113265141134733
自由现金流,5.0,2015-11-30,2020-11-30,0.5398488905140932,0.09017349981203204,-0.010170656334786754
自由现金流,5.0,2015-12-31,2020-12-31,0.47219740659384035,0.08042147951060752,-0.0843603913357589
自由现金流,5.0,2016-01-29,2021-01-29,0.9125433419866231,0.13847174649895488,-0.11188499430288235
自由现金流,5.0,2016-02-29,2021-02-26,1.053667087227983,0.1547979615757844,-0.012600819101966199
自由现金流,5.0,2016-03-31,2021-03-31,0.9732118123034288,0.1456045802571162,0.2254396021552283
自由现金流,5.0,2016-04-29,2021-04-30,1.1136258240384835,0.16146364715312922,0.30476877862453944
自由现金流,5.0,2016-05-31,2021-05-31,1.1764936955055383,0.16829221486745527,0.3036404726496251
自由现金流,5.0,2016-06-30,2021-06-30,1.2356987453782193,0.1745801485882046,0.39329674048417185
自由现金流,5.0,2016-07-29,2021-07-30,1.1330724614284873,0.1635930585230876,0.4689535009973316
自由现金流,5.0,2016-08-31,2021-08-31,1.528225988431946,0.20382450138087504,0.9270398239987696
自由现金流,5.0,2016-09-30,2021-09-30,1.542233082819243,0.20515546142387597,0.8847521505014817
自由现金流,5.0,2016-10-31,2021-10-29,1.2108175246038346,0.1719540378710227,0.5792567831482456
自由现金流,5.0,2016-11-30,2021-11-30,1.076168438028966,0.15731749121833039,0.5616302288451478
自由现金流,5.0,2016-12-30,2021-12-31,1.2346482879947271,0.17446975103578066,0.5795919918443886
自由现金流,5.0,2017-01-26,2022-01-28,1.0440271668427425,0.15371179514680433,0.5502826121282669
自由现金流,5.0,2017-02-28,2022-02-28,1.2188755366718675,0.17280710526570986,0.7474426752597849
自由现金流,5.0,2017-03-31,2022-03-31,1.2240385266788607,0.17335238717195667,0.8695061560585395
自由现金流,5.0,2017-04-28,2022-04-29,1.1147338740155366,0.161585399070314,0.8195663836256408
自由现金流,5.0,2017-05-31,2022-05-31,1.1946468056838992,0.1702345806576282,0.8957401975861148
自由现金流,5.0,2017-06-30,2022-06-30,1.168388711358229,0.16742080172990814,0.8100119131325461
自由现金流,5.0,2017-07-31,2022-07-29,1.004150192734227,0.14917469173976938,0.766508443444623
自由现金流,5.0,2017-08-31,2022-08-31,1.0039549129868885,0.1491522962834615,0.8198343608784928
自由现金流,5.0,2017-09-29,2022-09-30,0.9390855073374893,0.14161427878011135,0.8390459854455656
自由现金流,5.0,2017-10-31,2022-10-31,0.74721379358069,0.11807055418641199,0.7752726439409879
自由现金流,5.0,2017-11-30,2022-11-30,0.9176759692817107,0.13908214716000722,0.8500614611705064
自由现金流,5.0,2017-12-29,2022-12-30,0.7928510087994953,0.1238512681724746,0.7250562250027435
自由现金流,5.0,2018-01-31,2023-01-31,0.7903785556487766,0.12354112487019875,0.7097173530127043
自由现金流,5.0,2018-02-28,2023-02-28,0.9655637843248985,0.14471514393183038,0.8410415840736019
自由现金流,5.0,2018-03-30,2023-03-31,1.1516471280038036,0.1656125361849592,0.9962967521018808
自由现金流,5.0,2018-04-27,2023-04-28,1.294822131088139,0.18072784667989072,1.101957854190157
自由现金流,5.0,2018-05-31,2023-05-31,1.1155248985393498,0.16167228518876486,1.0051569768092279
自由现金流,5.0,2018-06-29,2023-06-30,1.2854657286314857,0.17976346466408155,1.0662384524378403
自由现金流,5.0,2018-07-31,2023-07-31,1.328659284856955,0.1841894564419806,1.0571151236443372
自由现金流,5.0,2018-08-31,2023-08-31,1.3238728823363881,0.18370225135581086,1.0663436682635585
自由现金流,5.0,2018-09-28,2023-09-28,1.3965956747491592,0.19101972542299062,1.2023088410578493
自由现金流,5.0,2018-10-31,2023-10-31,1.489535704569096,0.20011723254810243,1.22800009805206
自由现金流,5.0,2018-11-30,2023-11-30,1.6433087759211804,0.21458965996205048,1.4158943197581328
自由现金流,5.0,2018-12-28,2023-12-29,1.710582349774738,0.22071005312940906,1.4400034487893576
自由现金流,5.0,2019-01-31,2024-01-31,1.7906851987887467,0.22784110904997834,1.6710308025061649
自由现金流,5.0,2019-02-28,2024-02-29,1.7017738249691297,0.21991563644819156,1.633750788818447
自由现金流,5.0,2019-03-29,2024-03-29,1.6893607880189578,0.21879261396215055,1.6711856670135838
自由现金流,5.0,2019-04-30,2024-04-30,1.7396368668307245,0.22331584328344634,1.7124025786838923
自由现金流,5.0,2019-05-31,2024-05-31,1.9813315064813874,0.2441766713410869,1.8831694217816697
自由现金流,5.0,2019-06-28,2024-06-28,1.8876035533383688,0.2362534412448638,1.8782487527340577
自由现金流,5.0,2019-07-31,2024-07-31,1.8111357208336254,0.22963541461169457,1.8063948099717722
自由现金流,5.0,2019-08-30,2024-08-30,1.8813744924584008,0.23571961787783646,1.902561991813133
自由现金流,5.0,2019-09-30,2024-09-30,2.3508295464590914,0.273592424764745,2.171035747279867
自由现金流,5.0,2019-10-31,2024-10-31,2.2424779091777998,0.2652472591493027,2.119688757179542
自由现金流,5.0,2019-11-29,2024-11-29,2.1938251155726967,0.2614273015348427,2.045545964309131
自由现金流,5.0,2019-12-31,2024-12-31,2.050370619902348,0.24988634051471403,1.9710111273501312
自由现金流,5.0,2020-01-23,2025-01-27,2.16754394551541,0.25934444194681006,2.0939000112367694
自由现金流,5.0,2020-02-28,2025-02-28,2.2462835147142304,0.2655441168730832,2.1343834834889046
自由现金流,5.0,2020-03-31,2025-03-31,2.4285187021784083,0.279444066486616,2.240834682084743
自由现金流,5.0,2020-04-30,2025-04-30,2.206590131517073,0.2624340228118387,2.1198933090856693
自由现金流,5.0,2020-05-29,2025-05-30,2.3352641359471398,0.27240699133568325,2.216919123918319
自由现金流,5.0,2020-06-30,2025-06-30,2.2911295839127934,0.2690215479968834,2.226011815160012
自由现金流,5.0,2020-07-31,2025-07-31,2.0140738983880406,0.24689757183385286,2.036106354325588
自由现金流,5.0,2020-08-31,2025-08-29,2.156077347952377,0.2584313464037409,2.1041785794350556
自由现金流,5.0,2020-09-30,2025-09-30,2.2646927187069337,0.26697621556336815,2.124191883199719
自由现金流,5.0,2020-10-30,2025-10-31,2.329205953324649,0.27194441443635364,2.2130634676762506
自由现金流,5.0,2020-11-30,2025-11-28,1.959696204422667,0.24236562703596864,1.928842513429964
自由现金流,5.0,2020-12-31,2025-12-31,2.180051964470846,0.2603374562644041,2.174716483003655
自由现金流,5.0,2021-01-29,2026-01-30,2.469813531298009,0.28251137962754136,2.4735676413889363
自由现金流,5.0,2021-02-26,2026-02-27,2.341232108621369,0.2728620234140684,2.340480010512112
自由现金流,5.0,2021-03-31,2026-03-31,1.9909454571272818,0.24497806185745907,1.9915778393536927
自由现金流,5.0,2021-04-30,2026-04-30,1.9158510635062274,0.23866272172014247,1.8519312700080417
自由现金流,5.0,2021-05-31,2026-05-29,1.619749242756554,0.212416797509424,1.5786777910998635
自由现金流,5.0,2021-06-30,2026-06-30,1.1975737267651656,0.1705465541832365,1.1164080859922318
自由现金流,5.0,2021-07-30,2026-07-31,1.4024537308730687,0.19160140457554564,1.3224949410686597
自由现金流,5.0,2021-08-31,2026-08-31,1.0055151461503078,0.14933118128662426,0.9161129099162792
自由现金流,5.0,2021-09-30,2026-09-30,0.9820075312973562,0.14662408533977356,0.966507550683964
沪深300,5.0,2012-12-31,2017-12-29,0.783513490972779,0.12267817440764883,0.0
沪深300,5.0,2013-01-31,2018-01-31,0.7767930104597951,0.12183082061072281,0.0
沪深300,5.0,2013-02-28,2018-02-28,0.680456788518004,0.10939312422414949,0.0
沪深300,5.0,2013-03-29,2018-03-30,0.74440790317909,0.11771121629410364,0.0
沪深300,5.0,2013-04-26,2018-04-27,0.7136696400877451,0.11374411061951761,0.0
沪深300,5.0,2013-05-31,2018-05-31,0.628635237121774,0.10246488473737658,0.0
沪深300,5.0,2013-06-28,2018-06-29,0.7747523838818824,0.12157302016174665,0.0
沪深300,5.0,2013-07-31,2018-07-31,0.7832791446206313,0.12264866979609423,0.0
沪深300,5.0,2013-08-30,2018-08-31,0.6038720090197578,0.09909173390254611,0.0
沪深300,5.0,2013-09-30,2018-09-28,0.5886622306529536,0.09699920824093167,0.0
沪深300,5.0,2013-10-31,2018-10-31,0.47900319210133513,0.08141856826912375,0.0
沪深300,5.0,2013-11-29,2018-11-30,0.4481976295287966,0.07687567361380054,0.0
沪深300,5.0,2013-12-31,2018-12-28,0.438632576845734,0.0754493912564429,0.0
沪深300,5.0,2014-01-30,2019-01-31,0.6184947909702048,0.10108858721521696,0.0
沪深300,5.0,2014-02-28,2019-02-28,0.8753261114410338,0.1340060201663913,0.0
沪深300,5.0,2014-03-31,2019-03-29,1.0090757909616266,0.14973900238268278,0.0
沪深300,5.0,2014-04-30,2019-04-30,1.0183072411086784,0.15079364694969133,0.0
沪深300,5.0,2014-05-30,2019-05-31,0.8758483066850278,0.13406916722121753,0.0
沪深300,5.0,2014-06-30,2019-06-28,0.9636635182374222,0.14449372094131951,0.0
沪深300,5.0,2014-07-31,2019-07-31,0.8052959097925836,0.12540717494448272,0.0
沪深300,5.0,2014-08-29,2019-08-30,0.7998513425624825,0.12472753454222563,0.0
沪深300,5.0,2014-09-30,2019-09-30,0.7245567341326236,0.11515567092744128,0.0
沪深300,5.0,2014-10-31,2019-10-31,0.7172662642800498,0.11421122053264865,0.0
沪深300,5.0,2014-11-28,2019-11-29,0.5106494823683658,0.08600729176871091,0.0
沪深300,5.0,2014-12-31,2019-12-31,0.2848270505945212,0.0514023280746847,0.0
沪深300,5.0,2015-01-30,2020-01-23,0.291782016762107,0.05253815183304611,0.0
沪深300,5.0,2015-02-27,2020-02-28,0.22192330125400983,0.040899474585439854,0.0
沪深300,5.0,2015-03-31,2020-03-31,0.008195930754673064,0.0016338385640692898,0.0
沪深300,5.0,2015-04-30,2020-04-30,-0.08778111437464386,-0.01820727015212842,0.0
沪深300,5.0,2015-05-29,2020-05-29,-0.1141956366538256,-0.02396011958672173,0.0
沪深300,5.0,2015-06-30,2020-06-30,0.035849788114751924,0.007069298580923311,0.0
沪深300,5.0,2015-07-31,2020-07-31,0.3686250308565784,0.06477267082407501,0.0
沪深300,5.0,2015-08-31,2020-08-31,0.5933721690089275,0.09764889729131365,0.0
沪深300,5.0,2015-09-30,2020-09-30,0.5952828676745552,0.09791202113198527,0.0
沪深300,5.0,2015-10-30,2020-10-30,0.4799046362745216,0.08155035985629344,0.0
沪深300,5.0,2015-11-30,2020-11-30,0.55001954684888,0.091609822798423,0.0
沪深300,5.0,2015-12-31,2020-12-31,0.5565577979295993,0.09252919276324079,0.0
沪深300,5.0,2016-01-29,2021-01-29,1.0244283362895055,0.15149082401945368,0.0
沪深300,5.0,2016-02-29,2021-02-26,1.0662679063299492,0.15621161012956208,0.0
沪深300,5.0,2016-03-31,2021-03-31,0.7477722101482005,0.11814201302229121,0.0
沪深300,5.0,2016-04-29,2021-04-30,0.8088570454139441,0.1258508217759864,0.0
沪深300,5.0,2016-05-31,2021-05-31,0.8728532228559132,0.1337067921194497,0.0
沪深300,5.0,2016-06-30,2021-06-30,0.8424020048940475,0.12999593067380144,0.0
沪深300,5.0,2016-07-29,2021-07-30,0.6641189604311557,0.10722752557353554,0.0
沪深300,5.0,2016-08-31,2021-08-31,0.6011861644331764,0.09872337920625651,0.0
沪深300,5.0,2016-09-30,2021-09-30,0.6574809323177613,0.1063427856162944,0.0
沪深300,5.0,2016-10-31,2021-10-29,0.631560741455589,0.10286067021612033,0.0
沪深300,5.0,2016-11-30,2021-11-30,0.5145382091838182,0.08656583878926094,0.0
沪深300,5.0,2016-12-30,2021-12-31,0.6550562961503386,0.10601891465312763,0.0
沪深300,5.0,2017-01-26,2022-01-28,0.49374455471447565,0.08356574473097922,0.0
沪深300,5.0,2017-02-28,2022-02-28,0.4714328614120826,0.08030923876397922,0.0
沪深300,5.0,2017-03-31,2022-03-31,0.35453237062032117,0.06257080135588367,0.0
沪深300,5.0,2017-04-28,2022-04-29,0.29516749038989576,0.05308926811786119,0.0
沪深300,5.0,2017-05-31,2022-05-31,0.29890660809778447,0.053696615891588806,0.0
沪深300,5.0,2017-06-30,2022-06-30,0.3583767982256829,0.063173274490812,0.0
沪深300,5.0,2017-07-31,2022-07-29,0.2376417492896039,0.04356376315933619,0.0
沪深300,5.0,2017-08-31,2022-08-31,0.18412055210839573,0.03437778268379765,0.0
沪深300,5.0,2017-09-29,2022-09-30,0.10003952189192367,0.019252200474536796,0.0
沪深300,5.0,2017-10-31,2022-10-31,-0.028058850360297982,-0.005675835633634718,0.0
沪深300,5.0,2017-11-30,2022-11-30,0.06761450811120429,0.01317133336902132,0.0
沪深300,5.0,2017-12-29,2022-12-30,0.06779478379675186,0.013205547557711528,0.0
沪深300,5.0,2018-01-31,2023-01-31,0.08066120263607224,0.015635592168069534,0.0
沪深300,5.0,2018-02-28,2023-02-28,0.12452220025129668,0.023749273880533828,0.0
沪深300,5.0,2018-03-30,2023-03-31,0.1553503759019228,0.029301823093257795,0.0
沪深300,5.0,2018-04-27,2023-04-28,0.19286427689798202,0.03590089087707837,0.0
沪深300,5.0,2018-05-31,2023-05-31,0.11036792173012189,0.02115902813247339,0.0
沪深300,5.0,2018-06-29,2023-06-30,0.21922727619364535,0.040439745067948785,0.0
沪深300,5.0,2018-07-31,2023-07-31,0.2715441612126177,0.04921934570792996,0.0
沪深300,5.0,2018-08-31,2023-08-31,0.2575292140728296,0.04689618361112635,0.0
沪深300,5.0,2018-09-28,2023-09-28,0.19428683369130995,0.036147846952041096,0.0
沪深300,5.0,2018-10-31,2023-10-31,0.261535606517036,0.04756240146891888,0.0
沪深300,5.0,2018-11-30,2023-11-30,0.22741445616304756,0.04183332920138216,0.0
沪深300,5.0,2018-12-28,2023-12-29,0.2705789009853805,0.04905999970919939,0.0
沪深300,5.0,2019-01-31,2024-01-31,0.11965439628258179,0.02286141909509576,0.0
沪深300,5.0,2019-02-28,2024-02-29,0.06802303615068261,0.01324886052065688,0.0
沪深300,5.0,2019-03-29,2024-03-29,0.018175121005373995,0.0036088819688298024,0.0
沪深300,5.0,2019-04-30,2024-04-30,0.027234288146832153,0.005388472596084437,0.0
沪深300,5.0,2019-05-31,2024-05-31,0.09816208469971777,0.018904051220875573,0.0
沪深300,5.0,2019-06-28,2024-06-28,0.009354800604311153,0.0018639981774912773,0.0
沪深300,5.0,2019-07-31,2024-07-31,0.0047409108618532425,0.000946389171369244,0.0
沪深300,5.0,2019-08-30,2024-08-30,-0.021187499354732076,-0.004273876104840868,0.0
沪深300,5.0,2019-09-30,2024-09-30,0.17979379917922444,0.03362075624387795,0.0
沪深300,5.0,2019-10-31,2024-10-31,0.1227891519982578,0.023433530603165664,0.0
沪深300,5.0,2019-11-29,2024-11-29,0.14827915126356594,0.028038776129493348,0.0
沪深300,5.0,2019-12-31,2024-12-31,0.07935949255221697,0.015390797491320773,0.0
沪深300,5.0,2020-01-23,2025-01-27,0.07364393427864058,0.014313147804852155,0.0
沪深300,5.0,2020-02-28,2025-02-28,0.11190003122532555,0.02144067615549239,0.0
沪深300,5.0,2020-03-31,2025-03-31,0.18768402009366558,0.03499960165417737,0.0
沪深300,5.0,2020-04-30,2025-04-30,0.08669682243140375,0.01676755495100357,0.0
沪深300,5.0,2020-05-29,2025-05-30,0.11834501202882075,0.022622069240543885,0.0
沪深300,5.0,2020-06-30,2025-06-30,0.06511776875278152,0.012697005907411185,0.0
沪深300,5.0,2020-07-31,2025-07-31,-0.022032455937547657,-0.0044458469385774135,0.0
沪深300,5.0,2020-08-31,2025-08-29,0.05189876851732156,0.010170750442317633,0.0
沪深300,5.0,2020-09-30,2025-09-30,0.14050083550721482,0.02664222279123507,0.0
沪深300,5.0,2020-10-30,2025-10-31,0.11614248564839813,0.02221895061088386,0.0
沪深300,5.0,2020-11-30,2025-11-28,0.030853690992702854,0.006095962243460651,0.0
沪深300,5.0,2020-12-31,2025-12-31,0.005335481467191094,0.001064826167900268,0.0
沪深300,5.0,2021-01-29,2026-01-30,-0.0037541100909274094,-0.0007519520318662876,0.0
沪深300,5.0,2021-02-26,2026-02-27,0.0007520981092570267,0.00015037439013587672,0.0
沪深300,5.0,2021-03-31,2026-03-31,-0.0006323822264110435,-0.00012650845000894417,0.0
沪深300,5.0,2021-04-30,2026-04-30,0.06391979349818566,0.012469100193545524,0.0
沪深300,5.0,2021-05-31,2026-05-29,0.04107145165669057,0.008082574014458777,0.0
沪深300,5.0,2021-06-30,2026-06-30,0.08116564077293376,0.01573039148033195,0.0
沪深300,5.0,2021-07-30,2026-07-31,0.07995878980440896,0.015503528386894283,0.0
沪深300,5.0,2021-08-31,2026-08-31,0.08940223623402854,0.01727331547195199,0.0
沪深300,5.0,2021-09-30,2026-09-30,0.015499980613392195,0.0030809529992683604,0.0
中证全指,5.0,2012-12-31,2017-12-29,0.9110834188535406,0.138297884926339,0.1275699278807616
中证全指,5.0,2013-01-31,2018-01-31,0.8232452872714069,0.12763622739175973,0.04645227681161179
中证全指,5.0,2013-02-28,2018-02-28,0.7146410649395596,0.11387035122547684,0.03418427642155564
中证全指,5.0,2013-03-29,2018-03-30,0.8075213876000862,0.12568450727420521,0.06311348442099618
中证全指,5.0,2013-04-26,2018-04-27,0.7753459714692252,0.12164803488261167,0.0616763313814801
中证全指,5.0,2013-05-31,2018-05-31,0.6116503090885972,0.1001557251923959,-0.01698492803317686
中证全指,5.0,2013-06-28,2018-06-29,0.7281898352203622,0.11562513226039961,-0.04656254866152021
中证全指,5.0,2013-07-31,2018-07-31,0.672509212454965,0.10834177753568608,-0.11076993216566633
中证全指,5.0,2013-08-30,2018-08-31,0.46973494952875283,0.08005980609637109,-0.13413705949100496
中证全指,5.0,2013-09-30,2018-09-28,0.41573088699982574,0.07200334730648672,-0.1729313436531279
中证全指,5.0,2013-10-31,2018-10-31,0.3182891893250239,0.05682271217629542,-0.1607140027763112
中证全指,5.0,2013-11-29,2018-11-30,0.2836705020732737,0.05121297404756686,-0.1645271274555229
中证全指,5.0,2013-12-31,2018-12-28,0.27071886803019085,0.04908311159280032,-0.16791370881554313
中证全指,5.0,2014-01-30,2019-01-31,0.3211188969828347,0.05727601711197372,-0.2973758939873701
中证全指,5.0,2014-02-28,2019-02-28,0.546406974889023,0.09110051301600897,-0.32891913655201077
中证全指,5.0,2014-03-31,2019-03-29,0.7160403393958086,0.114052092096399,-0.293035451565818
中证全指,5.0,2014-04-30,2019-04-30,0.7021671966700276,0.11224495200201634,-0.31614004443865085
中证全指,5.0,2014-05-30,2019-05-31,0.5719069945459763,0.09467542707200605,-0.3039413121390515
中证全指,5.0,2014-06-30,2019-06-28,0.5812651758773713,0.09597574101240158,-0.382398342360051
中证全指,5.0,2014-07-31,2019-07-31,0.4593886512950458,0.0785348753286581,-0.3459072584975378
中证全指,5.0,2014-08-29,2019-08-30,0.4161049610954797,0.07205999173095723,-0.3837463814670028
中证全指,5.0,2014-09-30,2019-09-30,0.30998002249395284,0.05548711148661112,-0.4145767116386707
中证全指,5.0,2014-10-31,2019-10-31,0.2975329668391642,0.05347365701259266,-0.4197332974408856
中证全指,5.0,2014-11-28,2019-11-29,0.1791936159322507,0.03351557038233399,-0.33145586643611513
中证全指,5.0,2014-12-31,2019-12-31,0.1422641857501028,0.026959488890445193,-0.14256286484441838
中证全指,5.0,2015-01-30,2020-01-23,0.1210298800508176,0.023112610611649487,-0.17075213671128942
中证全指,5.0,2015-02-27,2020-02-28,0.059697974877337634,0.011664291062889909,-0.1622253263766722
中证全指,5.0,2015-03-31,2020-03-31,-0.15662700523902096,-0.033495371614669756,-0.16482293599369402
中证全指,5.0,2015-04-30,2020-04-30,-0.24286567602564957,-0.05412317047659887,-0.1550845616510057
中证全指,5.0,2015-05-29,2020-05-29,-0.32471952192532527,-0.07552145010499944,-0.21052388527149968
中证全指,5.0,2015-06-30,2020-06-30,-0.1913140902547722,-0.04157976302985267,-0.22716387836952412
中证全指,5.0,2015-07-31,2020-07-31,0.08242834108031705,0.015967536332747834,-0.28619668977626134
中证全指,5.0,2015-08-31,2020-08-31,0.27051539754372955,0.049049513110954956,-0.322856771465198
中证全指,5.0,2015-09-30,2020-09-30,0.2535734711164481,0.04623672015192404,-0.34170939655810706
中证全指,5.0,2015-10-30,2020-10-30,0.10929510245824003,0.020961626406752476,-0.3706095338162816
中证全指,5.0,2015-11-30,2020-11-30,0.10186098507266372,0.01958951598169434,-0.44815856177621627
中证全指,5.0,2015-12-31,2020-12-31,0.08328697747810576,0.01612866848507455,-0.4732708204514935
中证全指,5.0,2016-01-29,2021-01-29,0.45655145067535075,0.0781151924443404,-0.5678768856141547
中证全指,5.0,2016-02-29,2021-02-26,0.4922261438303792,0.08334536335314113,-0.57404176249957
中证全指,5.0,2016-03-31,2021-03-31,0.25904070720430483,0.04714772705735393,-0.48873150294389567
中证全指,5.0,2016-04-29,2021-04-30,0.30925077846057625,0.055369570895796194,-0.49960626695336785
中证全指,5.0,2016-05-31,2021-05-31,0.3812590282559096,0.06673126955489495,-0.49159419460000353
中证全指,5.0,2016-06-30,2021-06-30,0.3532007714055685,0.06236180300501726,-0.489201233488479
中证全指,5.0,2016-07-29,2021-07-30,0.29975155418316435,0.053833667355204895,-0.36436740624799135
中证全指,5.0,2016-08-31,2021-08-31,0.2838241501928207,0.051238137695704955,-0.3173620142403557
中证全指,5.0,2016-09-30,2021-09-30,0.2976600613360787,0.05349429393855831,-0.3598208709816826
中证全指,5.0,2016-10-31,2021-10-29,0.2674489223180121,0.04854263306505402,-0.36411181913757695
中证全指,5.0,2016-11-30,2021-11-30,0.2543535151615508,0.04636689324283538,-0.2601846940222674
中证全指,5.0,2016-12-30,2021-12-31,0.3458754799106336,0.0612091262160539,-0.30918081623970495
中证全指,5.0,2017-01-26,2022-01-28,0.22297335289860465,0.04107831112834481,-0.270771201815871
中证全指,5.0,2017-02-28,2022-02-28,0.22183892842341035,0.040885099532486535,-0.24959393298867227
中证全指,5.0,2017-03-31,2022-03-31,0.13924852262579468,0.026416665334139555,-0.2152838479945265
中证全指,5.0,2017-04-28,2022-04-29,0.06310041627028418,0.012313101628153689,-0.23206707411961158
中证全指,5.0,2017-05-31,2022-05-31,0.15802917572075592,0.02977868966428021,-0.14087743237702854
中证全指,5.0,2017-06-30,2022-06-30,0.21338134343010418,0.03944008897545914,-0.14499545479557874
中证全指,5.0,2017-07-31,2022-07-29,0.1614522077410634,0.03038675811095315,-0.07618954154854052
中证全指,5.0,2017-08-31,2022-08-31,0.09798452076017883,0.01887109937845377,-0.0861360313482169
中证全指,5.0,2017-09-29,2022-09-30,0.002441773102930256,0.00048787833772978573,-0.09759774878899341
中证全指,5.0,2017-10-31,2022-10-31,-0.037174087647896426,-0.007547902411437879,-0.009115237287598443
中证全指,5.0,2017-11-30,2022-11-30,0.07082625708132206,0.013780194206912011,0.003211748970117778
中证全指,5.0,2017-12-29,2022-12-30,0.05248081288509354,0.01028251673046121,-0.015313970911658314
中证全指,5.0,2018-01-31,2023-01-31,0.11400085501928947,0.02182636675575922,0.03333965238321723
中证全指,5.0,2018-02-28,2023-02-28,0.17008140220112145,0.03191331267373121,0.04555920194982477
中证全指,5.0,2018-03-30,2023-03-31,0.16261236867756956,0.030592524152840417,0.007261992775646764
中证全指,5.0,2018-04-27,2023-04-28,0.19145757316395629,0.03565645510358184,-0.0014067037340257382
中证全指,5.0,2018-05-31,2023-05-31,0.15137967954618037,0.028593349677258573,0.04101175781605848
中证全指,5.0,2018-06-29,2023-06-30,0.27855518987549543,0.050373837479947614,0.059327913681850086
中证全指,5.0,2018-07-31,2023-07-31,0.30885852004439296,0.055306324461416256,0.03731435883177525
中证全指,5.0,2018-08-31,2023-08-31,0.31987669430389865,0.057077118232812696,0.06234748023106906
中证全指,5.0,2018-09-28,2023-09-28,0.2888219559308409,0.05205534025479053,0.09453512223953098
中证全指,5.0,2018-10-31,2023-10-31,0.38928707586732747,0.06796839147355849,0.12775146935029147
中证全指,5.0,2018-11-30,2023-11-30,0.36122841854047794,0.06361928091503022,0.13381396237743037
中证全指,5.0,2018-12-28,2023-12-29,0.39901135303608637,0.06945926631357358,0.12843245205070586
中证全指,5.0,2019-01-31,2024-01-31,0.1941059188842409,0.0361164531792757,0.0744515226016591
中证全指,5.0,2019-02-28,2024-02-29,0.11141028390171659,0.021350679576257692,0.043387247751033975
中证全指,5.0,2019-03-29,2024-03-29,0.042942488106894716,0.00844466342905359,0.02476736710152072
中证全指,5.0,2019-04-30,2024-04-30,0.06909560380098911,0.013452290898963826,0.04186131565415696
中证全指,5.0,2019-05-31,2024-05-31,0.12881056732408092,0.02452889941841052,0.03064848262436315
中证全指,5.0,2019-06-28,2024-06-28,0.035184709428545125,0.006939945383979573,0.02582990882423397
中证全指,5.0,2019-07-31,2024-07-31,0.03950040657272935,0.0077781376522796375,0.03475949571087611
中证全指,5.0,2019-08-30,2024-08-30,0.0037841905367586026,0.0007556950937588347,0.024971689891490678
中证全指,5.0,2019-09-30,2024-09-30,0.21758442515622667,0.04015920516089788,0.037790625977002223
中证全指,5.0,2019-10-31,2024-10-31,0.22977462529781034,0.042233685212359484,0.10698547329955255
中证全指,5.0,2019-11-29,2024-11-29,0.2638440852259387,0.04794550716195345,0.11556493396237277
中证全指,5.0,2019-12-31,2024-12-31,0.1533037739588763,0.028936900834874324,0.07394428140665932
中证全指,5.0,2020-01-23,2025-01-27,0.12884045066193717,0.024534323892619225,0.05519651638329659
中证全指,5.0,2020-02-28,2025-02-28,0.18010660784854338,0.033675560947650895,0.06820657662321783
中证全指,5.0,2020-03-31,2025-03-31,0.2564463354000648,0.04671582164025412,0.0687623153063992
中证全指,5.0,2020-04-30,2025-04-30,0.1538738429574038,0.029038599815218724,0.06717702052600005
中证全指,5.0,2020-05-29,2025-05-30,0.17414578862337549,0.03262920801815161,0.055800776594554735
中证全指,5.0,2020-06-30,2025-06-30,0.13125558400825432,0.024972343660725205,0.0661378152554728
中证全指,5.0,2020-07-31,2025-07-31,0.04515638297071156,0.008872433361567955,0.06718883890825922
中证全指,5.0,2020-08-31,2025-08-29,0.13313957256748243,0.02531351343777155,0.08124080405016088
中证全指,5.0,2020-09-30,2025-09-30,0.2391078041270409,0.043810877852777264,0.0986069686198261
中证全指,5.0,2020-10-30,2025-10-31,0.22623982815538657,0.04163384722108954,0.11009734250698844
中证全指,5.0,2020-11-30,2025-11-28,0.15246926474098843,0.028787953787422937,0.12161557374828558
中证全指,5.0,2020-12-31,2025-12-31,0.154740637986724,0.029193157031352612,0.1494051565195329
中证全指,5.0,2021-01-29,2026-01-30,0.22314092669124497,0.04110683961257178,0.22689503678217238
中证全指,5.0,2021-02-26,2026-02-27,0.2503922737984263,0.04570517267451035,0.2496401756891693
中证全指,5.0,2021-03-31,2026-03-31,0.18032460613896473,0.033713747812280204,0.18095698836537577
中证全指,5.0,2021-04-30,2026-04-30,0.2555549531146277,0.0465672615624797,0.19163515961644206
中证全指,5.0,2021-05-31,2026-05-29,0.20344792920393528,0.03773260152257052,0.1623764775472447
中证全指,5.0,2021-06-30,2026-06-30,0.23175289284671607,0.04256878590869784,0.15058725207378232
中证全指,5.0,2021-07-30,2026-07-31,0.10963825037327024,0.021024783182816753,0.029679460568861282
中证全指,5.0,2021-08-31,2026-08-31,0.13496018781043406,0.025642776119998434,0.04555795157640552
中证全指,5.0,2021-09-30,2026-09-30,0.08193731698530549,0.015875344532855218,0.06643733637191329
300价值,5.0,2012-12-31,2017-12-29,1.2424040941972234,0.17528386932829454,0.4588906032244444
300价值,5.0,2013-01-31,2018-01-31,1.2837535842029029,0.1795866489738258,0.5069605737431078
300价值,5.0,2013-02-28,2018-02-28,1.1541024623194156,0.16587844065885338,0.47364567380141165
300价值,5.0,2013-03-29,2018-03-30,1.2042436179963727,0.1712562420320678,0.4598357148172827
300价值,5.0,2013-04-26,2018-04-27,1.1688864365507055,0.16747439003703635,0.4552167964629603
300价值,5.0,2013-05-31,2018-05-31,1.0872230794230777,0.15854731130893907,0.45858784230130367
300价值,5.0,2013-06-28,2018-06-29,1.3335484947971734,0.18468629980537798,0.558796110915291
300价值,5.0,2013-07-31,2018-07-31,1.4396104555593592,0.1952647099315068,0.6563313109387279
300价值,5.0,2013-08-30,2018-08-31,1.2414887560489607,0.17518790465734058,0.6376167470292029
300价值,5.0,2013-09-30,2018-09-28,1.2685186778099293,0.17800862946867202,0.6798564471569757
300价值,5.0,2013-10-31,2018-10-31,1.1226377899230497,0.16245239971297254,0.6436345978217146
300价值,5.0,2013-11-29,2018-11-30,1.0560504316842536,0.15506587301894648,0.607852802155457
300价值,5.0,2013-12-31,2018-12-28,1.0518975069736838,0.1545988823405895,0.6132649301279498
300价值,5.0,2014-01-30,2019-01-31,1.3512582356735634,0.1864790275727648,0.7327634447033586
300价值,5.0,2014-02-28,2019-02-28,1.5798937813100302,0.20870512940365415,0.7045676698689964
300价值,5.0,2014-03-31,2019-03-29,1.6160826970550466,0.2120772327692937,0.60700690609342
300价值,5.0,2014-04-30,2019-04-30,1.6533302193872337,0.21550922901525005,0.6350229782785553
300价值,5.0,2014-05-30,2019-05-31,1.4826073684287033,0.19944850648304446,0.6067590617436756
300价值,5.0,2014-06-30,2019-06-28,1.5912945369877978,0.20977151888971468,0.6276310187503755
300价值,5.0,2014-07-31,2019-07-31,1.340788907236897,0.18542054565829558,0.5354929974443134
300价值,5.0,2014-08-29,2019-08-30,1.2919922806071624,0.1804365009972857,0.49214093804467995
300价值,5.0,2014-09-30,2019-09-30,1.2564634372383465,0.17675393749477375,0.531906703105723
300价值,5.0,2014-10-31,2019-10-31,1.1982470656737458,0.17061827673328245,0.48098080139369603
300价值,5.0,2014-11-28,2019-11-29,0.9232134053515222,0.13973922602017774,0.41256392298315636
300价值,5.0,2014-12-31,2019-12-31,0.5461746574005788,0.09106772773133431,0.2613476068060576
300价值,5.0,2015-01-30,2020-01-23,0.5569543349866994,0.0925848520097925,0.2651723182245924
300价值,5.0,2015-02-27,2020-02-28,0.46915209642732836,0.07997412859504638,0.24722879517331853
300价值,5.0,2015-03-31,2020-03-31,0.22045864761651446,0.04064982083251922,0.2122627168618414
300价值,5.0,2015-04-30,2020-04-30,0.05177351492174842,0.010146692320129658,0.13955462929639229
300价值,5.0,2015-05-29,2020-05-29,0.06006115768827858,0.011733625671588088,0.17425679434210417
300价值,5.0,2015-06-30,2020-06-30,0.0886397559335379,0.017130876236544745,0.05278996781878598
300价值,5.0,2015-07-31,2020-07-31,0.3645136818670469,0.06413218542707844,-0.004111348989531471
300价值,5.0,2015-08-31,2020-08-31,0.562102061351085,0.09330637661758523,-0.03127010765784255
300价值,5.0,2015-09-30,2020-09-30,0.5821807211229835,0.09610262460989594,-0.013102146551571714
300价值,5.0,2015-10-30,2020-10-30,0.5087113016192046,0.08572847666082595,0.028806665344683013
300价值,5.0,2015-11-30,2020-11-30,0.6464931516332442,0.10487204589581456,0.09647360478436418
300价值,5.0,2015-12-31,2020-12-31,0.49856996466971526,0.08426491457304097,-0.05798783325988399
300价值,5.0,2016-01-29,2021-01-29,0.8563959309867979,0.13170731115640355,-0.16803240530270758
300价值,5.0,2016-02-29,2021-02-26,0.9903590794384469,0.14758876247172492,-0.07590882689150225
300价值,5.0,2016-03-31,2021-03-31,0.7831351751569051,0.12263054225311931,0.03536296500870462
300价值,5.0,2016-04-29,2021-04-30,0.7426390002745311,0.11748444306568695,-0.06621804513941298
300价值,5.0,2016-05-31,2021-05-31,0.7715783142881689,0.12117155567378313,-0.10127490856774424
300价值,5.0,2016-06-30,2021-06-30,0.7103211241173446,0.11330851811415821,-0.13208088077670288
300价值,5.0,2016-07-29,2021-07-30,0.505253119981385,0.08523029075956368,-0.1588658404497707
300价值,5.0,2016-08-31,2021-08-31,0.5162021372652135,0.0868044822785683,-0.08498402716796294
300价值,5.0,2016-09-30,2021-09-30,0.5611065917072071,0.09316699637229897,-0.09637434061055417
300价值,5.0,2016-10-31,2021-10-29,0.5017358929244693,0.0847226586708072,-0.12982484853111975
300价值,5.0,2016-11-30,2021-11-30,0.3481820801132074,0.06157262327228752,-0.16635612907061081
300价值,5.0,2016-12-30,2021-12-31,0.5098251261510862,0.08588873980111389,-0.14523116999925234
300价值,5.0,2017-01-26,2022-01-28,0.4294731090439916,0.07407645878985591,-0.06427144567048404
300价值,5.0,2017-02-28,2022-02-28,0.4110951201983608,0.07130037763103392,-0.06033774121372182
300价值,5.0,2017-03-31,2022-03-31,0.34590741761791155,0.061214162679714024,-0.008624953002409619
300价值,5.0,2017-04-28,2022-04-29,0.2920050969327388,0.0525745022652242,-0.0031623934571569645
300价值,5.0,2017-05-31,2022-05-31,0.21842171161136004,0.04030222140477768,-0.08048489648642443
300价值,5.0,2017-06-30,2022-06-30,0.19947675032703094,0.03704682659916103,-0.15890004789865197
300价值,5.0,2017-07-31,2022-07-29,0.09558970171402548,0.018426258230561654,-0.14205204757557843
300价值,5.0,2017-08-31,2022-08-31,0.09069417846233874,0.01751448173951453,-0.09342637364605699
300价值,5.0,2017-09-29,2022-09-30,0.04414235409356371,0.008676592231629643,-0.05589716779835996
300价值,5.0,2017-10-31,2022-10-31,-0.09254993109406184,-0.01923592915408856,-0.06449108073376386
300价值,5.0,2017-11-30,2022-11-30,0.013757476811671054,0.0027364777026070985,-0.05385703129953323
300价值,5.0,2017-12-29,2022-12-30,-0.006389184288479788,-0.0012811151672564858,-0.07418396808523164
300价值,5.0,2018-01-31,2023-01-31,-0.05054422182556684,-0.010319647966640977,-0.13120542446163908
300价值,5.0,2018-02-28,2023-02-28,0.01713089899875464,0.0034029408406794914,-0.10739130125254204
300价值,5.0,2018-03-30,2023-03-31,0.06865911094989108,0.013369522446842197,-0.08669126495203172
300价值,5.0,2018-04-27,2023-04-28,0.16172709172147037,0.030435526368757237,-0.03113718517651165
300价值,5.0,2018-05-31,2023-05-31,0.1025519698740267,0.019717362272865246,-0.007815951856095182
300价值,5.0,2018-06-29,2023-06-30,0.16754021585169854,0.03146470029073445,-0.05168706034194681
300价值,5.0,2018-07-31,2023-07-31,0.2302148733825904,0.04230829655724655,-0.04132928783002732
300价值,5.0,2018-08-31,2023-08-31,0.19308895337392928,0.03593991040900968,-0.0644402606989003
300价值,5.0,2018-09-28,2023-09-28,0.14812534126069288,0.02801123385116866,-0.04616149243061707
300价值,5.0,2018-10-31,2023-10-31,0.15749206583038955,0.029683146827496065,-0.10404354068664645
300价值,5.0,2018-11-30,2023-11-30,0.1444751700066491,0.027356741178071964,-0.08293928615639845
300价值,5.0,2018-12-28,2023-12-29,0.19250266945495365,0.035838078215245206,-0.07807623153042687
300价值,5.0,2019-01-31,2024-01-31,0.1523618319956992,0.028768772428046763,0.032707435713117405
300价值,5.0,2019-02-28,2024-02-29,0.12338087062148873,0.02354137935817624,0.05535783447080611
300价值,5.0,2019-03-29,2024-03-29,0.0822376146295778,0.015931730629296315,0.0640624936242038
300价值,5.0,2019-04-30,2024-04-30,0.08095771192175016,0.01569131959450476,0.05372342377491801
300价值,5.0,2019-05-31,2024-05-31,0.16970968266073716,0.03184773927097306,0.0715475979610194
300价值,5.0,2019-06-28,2024-06-28,0.10526388769485484,0.020218503804263932,0.09590908709054369
300价值,5.0,2019-07-31,2024-07-31,0.09701375774078791,0.0186908723636936,0.09227284687893467
300价值,5.0,2019-08-30,2024-08-30,0.12808666103423505,0.024397459607246486,0.14927416038896713
300价值,5.0,2019-09-30,2024-09-30,0.2997044240092115,0.05382602465082664,0.11991062482998704
300价值,5.0,2019-10-31,2024-10-31,0.2375095844195676,0.043541474260152535,0.1147204324213098
300价值,5.0,2019-11-29,2024-11-29,0.24028394966090816,0.044008957091159706,0.09200479839734221
300价值,5.0,2019-12-31,2024-12-31,0.21533427133114635,0.03977446793163697,0.13597477877892938
300价值,5.0,2020-01-23,2025-01-27,0.24553420869996634,0.04489134531519001,0.17189027442132576
300价值,5.0,2020-02-28,2025-02-28,0.2880210021673748,0.05192454527138857,0.17612097094204926
300价值,5.0,2020-03-31,2025-03-31,0.3995195870254249,0.06953695783236924,0.2118355669317593
300价值,5.0,2020-04-30,2025-04-30,0.3249747352827399,0.05789245434195034,0.23827791285133615
300价值,5.0,2020-05-29,2025-05-30,0.41508812437466336,0.07190598856966623,0.2967431123458426
300价值,5.0,2020-06-30,2025-06-30,0.4379707432903779,0.07535042234393119,0.37285297453759636
300价值,5.0,2020-07-31,2025-07-31,0.36408552913715164,0.06406539704656478,0.3861179850746993
300价值,5.0,2020-08-31,2025-08-29,0.33485289806544616,0.05946516494053178,0.2829541295481246
300价值,5.0,2020-09-30,2025-09-30,0.3140594059405939,0.056143668565618476,0.17355857043337908
300价值,5.0,2020-10-30,2025-10-31,0.3400795242141035,0.06029353725416553,0.22393703856570535
300价值,5.0,2020-11-30,2025-11-28,0.2280014888883668,0.04193296519434431,0.19714779789566395
300价值,5.0,2020-12-31,2025-12-31,0.2965804594768373,0.05331894245554136,0.2912449780096462
300价值,5.0,2021-01-29,2026-01-30,0.2589582674163966,0.047134013617092796,0.262712377507324
300价值,5.0,2021-02-26,2026-02-27,0.19683610512158167,0.036589812752669815,0.19608400701232465
300价值,5.0,2021-03-31,2026-03-31,0.18348731269599483,0.034267126900255906,0.18411969492240587
300价值,5.0,2021-04-30,2026-04-30,0.2329955579372256,0.04277906206748505,0.16907576443903993
300价值,5.0,2021-05-31,2026-05-29,0.16513453349758,0.03103928897761743,0.12406308184088943
300价值,5.0,2021-06-30,2026-06-30,0.16443332632858487,0.030915158034085843,0.08326768555565112
300价值,5.0,2021-07-30,2026-07-31,0.39112360046816685,0.0682505957755335,0.3111648106637579
300价值,5.0,2021-08-31,2026-08-31,0.3255653849224578,0.05798675537163378,0.23616314868842925
300价值,5.0,2021-09-30,2026-09-30,0.28643991935847923,0.051666164848338525,0.27093993874508704
中证红利,5.0,2012-12-31,2017-12-29,1.2166749663942404,0.17257438658947688,0.43316147542146144
中证红利,5.0,2013-01-31,2018-01-31,1.1795744987004735,0.1686227687513353,0.4027814882406784
中证红利,5.0,2013-02-28,2018-02-28,1.0851569095469755,0.15831784815420358,0.40470012102897157
中证红利,5.0,2013-03-29,2018-03-30,1.1570264666024457,0.16619478439222846,0.4126185634233557
中证红利,5.0,2013-04-26,2018-04-27,1.1242666364946308,0.16263075097858426,0.41059699640688563
中证红利,5.0,2013-05-31,2018-05-31,1.064984036803338,0.15606789266457777,0.43634879968156404
中证红利,5.0,2013-06-28,2018-06-29,1.2485479472248837,0.17592718520761208,0.4737955633430013
中证红利,5.0,2013-07-31,2018-07-31,1.301741549342665,0.1814390228343321,0.5184624047220336
中证红利,5.0,2013-08-30,2018-08-31,1.0637762874503145,0.15593263089137332,0.4599042784305567
中证红利,5.0,2013-09-30,2018-09-28,1.0454865252408836,0.15387648947152854,0.45682429458792995
中证红利,5.0,2013-10-31,2018-10-31,0.9173171417251107,0.1390395159057325,0.43831394962377557
中证红利,5.0,2013-11-29,2018-11-30,0.9076919485180086,0.13789358579603195,0.459494318989212
中证红利,5.0,2013-12-31,2018-12-28,0.9929466865829994,0.14788699668348482,0.5543141097372655
中证红利,5.0,2014-01-30,2019-01-31,1.1456681878615833,0.1649640202937368,0.5271733968913785
中证红利,5.0,2014-02-28,2019-02-28,1.3029770864693089,0.1815658310293844,0.4276509750282751
中证红利,5.0,2014-03-31,2019-03-29,1.4953549864962317,0.20067776275369176,0.4862791955346051
中证红利,5.0,2014-04-30,2019-04-30,1.5237399013369557,0.20339698432306763,0.5054326602282773
中证红利,5.0,2014-05-30,2019-05-31,1.394357118947061,0.1907971463002225,0.5185088122620332
中证红利,5.0,2014-06-30,2019-06-28,1.3404159100554502,0.1853827646600772,0.376752391818028
中证红利,5.0,2014-07-31,2019-07-31,1.1084781348416715,0.16089735137139005,0.3031822250490879
中证红利,5.0,2014-08-29,2019-08-30,1.0211953349148586,0.15112280389940946,0.22134399235237612
中证红利,5.0,2014-09-30,2019-09-30,0.892535162571509,0.13607967833996204,0.16797842843888544
中证红利,5.0,2014-10-31,2019-10-31,0.8605333583070116,0.13221131872689607,0.1432670940269618
中证红利,5.0,2014-11-28,2019-11-29,0.6985160026126713,0.11176738304655687,0.1878665202443055
中证红利,5.0,2014-12-31,2019-12-31,0.5286065767998283,0.08857697662050046,0.24377952620530707
中证红利,5.0,2015-01-30,2020-01-23,0.4846230070957125,0.08223914206738914,0.19284099033360547
中证红利,5.0,2015-02-27,2020-02-28,0.4119322924684372,0.0714274633527825,0.19000899121442738
中证红利,5.0,2015-03-31,2020-03-31,0.13213029991553493,0.025130801653347135,0.12393436916086187
中证红利,5.0,2015-04-30,2020-04-30,-0.01911897687637254,-0.0038533782088697732,0.06866213749827133
中证红利,5.0,2015-05-29,2020-05-29,-0.1114860471033956,-0.023363726616900005,0.0027095895504299916
中证红利,5.0,2015-06-30,2020-06-30,-0.03962380489183148,-0.008053436190206376,-0.0754735930065834
中证红利,5.0,2015-07-31,2020-07-31,0.24311926605504586,0.044485846706892485,-0.12550576480153253
中证红利,5.0,2015-08-31,2020-08-31,0.4757118861850558,0.08093683140060515,-0.11766028282387175
中证红利,5.0,2015-09-30,2020-09-30,0.48179002278973826,0.08182579680922641,-0.11349284488481692
中证红利,5.0,2015-10-30,2020-10-30,0.33780638882336667,0.05993358432306617,-0.14209824745115496
中证红利,5.0,2015-11-30,2020-11-30,0.37975705362304524,0.06649917685967233,-0.17026249322583475
中证红利,5.0,2015-12-31,2020-12-31,0.2732011055168426,0.04949265002681669,-0.28335669241275663
中证红利,5.0,2016-01-29,2021-01-29,0.5656987552318313,0.09380937470660111,-0.45872958105767414
中证红利,5.0,2016-02-29,2021-02-26,0.6799915629984752,0.10933169150425948,-0.386276343331474
中证红利,5.0,2016-03-31,2021-03-31,0.5424426733368337,0.09054051894229476,-0.2053295368113668
中证红利,5.0,2016-04-29,2021-04-30,0.6013237298033871,0.09874225784732538,-0.207533315610557
中证红利,5.0,2016-05-31,2021-05-31,0.7002095558253929,0.11198899847261612,-0.17264366703052025
中证红利,5.0,2016-06-30,2021-06-30,0.6883191345075947,0.11042928944689523,-0.15408287038645274
中证红利,5.0,2016-07-29,2021-07-30,0.5405942864446378,0.0902790236197959,-0.1235246739865179
中证红利,5.0,2016-08-31,2021-08-31,0.6459609247154339,0.10480060694796878,0.044774760282257464
中证红利,5.0,2016-09-30,2021-09-30,0.6286354247306105,0.10246491013682024,-0.028845507587150765
中证红利,5.0,2016-10-31,2021-10-29,0.5015777151969598,0.08469980695695378,-0.12998302625862923
中证红利,5.0,2016-11-30,2021-11-30,0.44740283278057635,0.07675744593261147,-0.06713537640324185
中证红利,5.0,2016-12-30,2021-12-31,0.5724917196862123,0.09475685542947199,-0.0825645764641263
中证红利,5.0,2017-01-26,2022-01-28,0.4694767316026687,0.0800218522592282,-0.024267823111806974
中证红利,5.0,2017-02-28,2022-02-28,0.4888056685615756,0.08284825930986761,0.017372807149492964
中证红利,5.0,2017-03-31,2022-03-31,0.49582842862209087,0.08386790555178769,0.1412960580017697
中证红利,5.0,2017-04-28,2022-04-29,0.4231414824003825,0.07312327790549777,0.12797399201048676
中证红利,5.0,2017-05-31,2022-05-31,0.4374792725040795,0.07527690546776156,0.138572664406295
中证红利,5.0,2017-06-30,2022-06-30,0.3902436739250943,0.06811542159397788,0.03186687569941138
中证红利,5.0,2017-07-31,2022-07-29,0.3312529917257414,0.05889310245532964,0.0936112424361375
中证红利,5.0,2017-08-31,2022-08-31,0.33889821368840556,0.06010653673926658,0.15477766158000983
中证红利,5.0,2017-09-29,2022-09-30,0.2978560078376087,0.053526107517520405,0.19781648594568502
中证红利,5.0,2017-10-31,2022-10-31,0.19186242224661543,0.0357268273264546,0.2199212726069134
中证红利,5.0,2017-11-30,2022-11-30,0.34957616169789296,0.061792075395984636,0.2819616535866887
中证红利,5.0,2017-12-29,2022-12-30,0.2911714135106285,0.052438629660095604,0.22337662971387662
中证红利,5.0,2018-01-31,2023-01-31,0.25213287872265244,0.0459961448689985,0.1714716760865802
中证红利,5.0,2018-02-28,2023-02-28,0.36435938587727423,0.06410811842679376,0.23983718562597756
中证红利,5.0,2018-03-30,2023-03-31,0.3992872681691362,0.06950144706063055,0.24393689226721338
中证红利,5.0,2018-04-27,2023-04-28,0.5163204561832255,0.08682144380547796,0.3234561792852435
中证红利,5.0,2018-05-31,2023-05-31,0.42921642744969146,0.07403788297332414,0.3188485057195696
中证红利,5.0,2018-06-29,2023-06-30,0.5262464330845851,0.08824061979193343,0.3070191568909397
中证红利,5.0,2018-07-31,2023-07-31,0.5902506914545695,0.09721849257943682,0.31870653024195184
中证红利,5.0,2018-08-31,2023-08-31,0.6138951062360323,0.10046202633411183,0.3563658921632027
中证红利,5.0,2018-09-28,2023-09-28,0.5900318567836933,0.09718829323204004,0.39574502309238335
中证红利,5.0,2018-10-31,2023-10-31,0.6611189413929894,0.10682802269749758,0.39958333487595343
中证红利,5.0,2018-11-30,2023-11-30,0.6476523149920714,0.10502757240742011,0.42023785882902387
中证红利,5.0,2018-12-28,2023-12-29,0.637549186313465,0.10366906737262527,0.3669702853280845
中证红利,5.0,2019-01-31,2024-01-31,0.6005998814304709,0.0986429067137462,0.48094548514788915
中证红利,5.0,2019-02-28,2024-02-29,0.5423868574264379,0.09053262621551439,0.47436382127575527
中证红利,5.0,2019-03-29,2024-03-29,0.43526808481702695,0.07494589501046423,0.41709296381165295
中证红利,5.0,2019-04-30,2024-04-30,0.468854418824036,0.07993036046924962,0.44162013067720385
中证红利,5.0,2019-05-31,2024-05-31,0.6014048833304333,0.09875339425908036,0.5032427986307155
中证红利,5.0,2019-06-28,2024-06-28,0.5431888107730496,0.09064600561237635,0.5338340101687384
中证红利,5.0,2019-07-31,2024-07-31,0.5021958929741828,0.08478910329052392,0.4974549821123295
中证红利,5.0,2019-08-30,2024-08-30,0.5034873181448081,0.0849755559978822,0.5246748174995401
中证红利,5.0,2019-09-30,2024-09-30,0.7356129852345616,0.11658188602329522,0.5558191860553372
中证红利,5.0,2019-10-31,2024-10-31,0.6109292584785189,0.10005726587360075,0.48814010648026107
中证红利,5.0,2019-11-29,2024-11-29,0.6491900564060993,0.10523375822024716,0.5009109051425333
中证红利,5.0,2019-12-31,2024-12-31,0.6088477703103068,0.09977284115031915,0.5294882777580898
中证红利,5.0,2020-01-23,2025-01-27,0.6068542499746725,0.09950016066162615,0.533210315696032
中证红利,5.0,2020-02-28,2025-02-28,0.629743093625712,0.10261483122900117,0.5178430624003865
中证红利,5.0,2020-03-31,2025-03-31,0.7490216895235813,0.11830183888915724,0.5613376694299157
中证红利,5.0,2020-04-30,2025-04-30,0.6761820097458184,0.10882812985804446,0.5894851873144147
中证红利,5.0,2020-05-29,2025-05-30,0.7431604873058326,0.11755131680158404,0.6248154752770119
中证红利,5.0,2020-06-30,2025-06-30,0.699395508837523,0.11188249575303155,0.6342777400847415
中证红利,5.0,2020-07-31,2025-07-31,0.5737620119829385,0.09493367188430257,0.5957944679204862
中证红利,5.0,2020-08-31,2025-08-29,0.5385995064634563,0.08999653600021928,0.4867007379461348
中证红利,5.0,2020-09-30,2025-09-30,0.595035540538646,0.09787797572444057,0.45453470503143123
中证红利,5.0,2020-10-30,2025-10-31,0.6312955807893244,0.1028248205814577,0.5151530951409262
中证红利,5.0,2020-11-30,2025-11-28,0.48102780935835376,0.08171447849095492,0.4501741183656509
中证红利,5.0,2020-12-31,2025-12-31,0.5430834189265736,0.09063110810459585,0.5377479374593825
中证红利,5.0,2021-01-29,2026-01-30,0.6602921244709097,0.1067178166942171,0.6640462345618371
中证红利,5.0,2021-02-26,2026-02-27,0.6001388910685983,0.09857961517487368,0.5993867929593413
中证红利,5.0,2021-03-31,2026-03-31,0.5335722472312634,0.08928330672952,0.5342046294576744
中证红利,5.0,2021-04-30,2026-04-30,0.5293283615415532,0.08867975910282055,0.4654085680433675
中证红利,5.0,2021-05-31,2026-05-29,0.3834819952199906,0.06707440335727721,0.34241054356330003
中证红利,5.0,2021-06-30,2026-06-30,0.25735883083120603,0.04686781317943134,0.17619319005827228
中证红利,5.0,2021-07-30,2026-07-31,0.4691300035259083,0.07997088047587098,0.3891712137214993
中证红利,5.0,2021-08-31,2026-08-31,0.36062218628676646,0.06352452603008274,0.2712199500527379
中证红利,5.0,2021-09-30,2026-09-30,0.34434813951261845,0.06096815833447233,0.32884815889922625
红利低波,5.0,2012-12-31,2017-12-29,1.5944682187269779,0.21006770677352127,0.8109547277541989
红利低波,5.0,2013-01-31,2018-01-31,1.5930818857623241,0.20993836115966746,0.816288875302529
红利低波,5.0,2013-02-28,2018-02-28,1.4164054824405752,0.19298219640866443,0.7359486939225712
红利低波,5.0,2013-03-29,2018-03-30,1.3302029161126727,0.1843464109070776,0.5857950129335827
红利低波,5.0,2013-04-26,2018-04-27,1.283197824257929,0.17952923202316606,0.5695281841701838
红利低波,5.0,2013-05-31,2018-05-31,1.191689814855434,0.16991906388501943,0.56305457773366
红利低波,5.0,2013-06-28,2018-06-29,1.42365993517826,0.19369764411673907,0.6489075512963776
红利低波,5.0,2013-07-31,2018-07-31,1.3932329051271783,0.190685303159299,0.609953760506547
红利低波,5.0,2013-08-30,2018-08-31,1.1042323673658174,0.16042944278845472,0.5003603583460596
红利低波,5.0,2013-09-30,2018-09-28,1.1048171259360955,0.16049393145006752,0.5161548952831418
红利低波,5.0,2013-10-31,2018-10-31,0.894384476308111,0.1363016184215231,0.4153812842067759
红利低波,5.0,2013-11-29,2018-11-30,0.8507714073974264,0.13102070732499982,0.4025737778686298
红利低波,5.0,2013-12-31,2018-12-28,0.8933895812505379,0.13618224049796113,0.45475700440480393
红利低波,5.0,2014-01-30,2019-01-31,1.0252209496772888,0.1515809772863772,0.40672615870708406
红利低波,5.0,2014-02-28,2019-02-28,1.149740104673111,0.16540584441436446,0.27441399323207727
红利低波,5.0,2014-03-31,2019-03-29,1.2827885371739254,0.17948694040087987,0.2737127462122988
红利低波,5.0,2014-04-30,2019-04-30,1.2543672584457357,0.17653522322659332,0.23606001733705728
红利低波,5.0,2014-05-30,2019-05-31,1.1543185359989314,0.165901829104101,0.27847022931390364
红利低波,5.0,2014-06-30,2019-06-28,1.163711962385635,0.16691679151248628,0.20004844414821266
红利低波,5.0,2014-07-31,2019-07-31,1.0135417976825112,0.15024970313123465,0.2082458878899276
红利低波,5.0,2014-08-29,2019-08-30,0.9263575332368585,0.14011163865122245,0.12650619067437607
红利低波,5.0,2014-09-30,2019-09-30,0.813304033123019,0.1264038481847396,0.08874729899039546
红利低波,5.0,2014-10-31,2019-10-31,0.7842532054312332,0.12277128539809956,0.06698694115118342
红利低波,5.0,2014-11-28,2019-11-29,0.6536627917135409,0.10583260538964434,0.1430133093451751
红利低波,5.0,2014-12-31,2019-12-31,0.45125803847331647,0.07733043166070463,0.1664309878787953
红利低波,5.0,2015-01-30,2020-01-23,0.4115128574188671,0.0713637991611269,0.1197308406567601
红利低波,5.0,2015-02-27,2020-02-28,0.33171789355659054,0.058967049720564546,0.1097945923025807
红利低波,5.0,2015-03-31,2020-03-31,0.12063477542318535,0.02304048166393513,0.11243884466851228
红利低波,5.0,2015-04-30,2020-04-30,-0.010292612951566027,-0.0020670503390095574,0.07748850142307784
红利低波,5.0,2015-05-29,2020-05-29,-0.10391792370264585,-0.021705621217053217,0.01027771295117974
红利低波,5.0,2015-06-30,2020-06-30,-0.048407836930848935,-0.009874669323800656,-0.08425762504560086
红利低波,5.0,2015-07-31,2020-07-31,0.24374419017774662,0.044590839559518036,-0.12488084067883176
红利低波,5.0,2015-08-31,2020-08-31,0.4462080980226004,0.07657962888320258,-0.1471640709863271
红利低波,5.0,2015-09-30,2020-09-30,0.42985788317535834,0.07413427482626855,-0.16542498449919685
红利低波,5.0,2015-10-30,2020-10-30,0.318435471446777,0.056846164907096375,-0.16146916482774465
红利低波,5.0,2015-11-30,2020-11-30,0.39922645954661906,0.06949215146539856,-0.15079308730226093
红利低波,5.0,2015-12-31,2020-12-31,0.2753505964168932,0.049846773665832345,-0.28120720151270606
红利低波,5.0,2016-01-29,2021-01-29,0.5078610917111688,0.08560608011533999,-0.5165672445783367
红利低波,5.0,2016-02-29,2021-02-26,0.6267359352751578,0.10220762749646406,-0.43953197105479136
红利低波,5.0,2016-03-31,2021-03-31,0.5376653417288217,0.08986414499130557,-0.21010686841937876
红利低波,5.0,2016-04-29,2021-04-30,0.563370573788013,0.09348388390128082,-0.24548647162593107
红利低波,5.0,2016-05-31,2021-05-31,0.6493392089460943,0.1052537489373222,-0.22351401390981884
红利低波,5.0,2016-06-30,2021-06-30,0.5888255232151505,0.09702175859097162,-0.253576481678897
红利低波,5.0,2016-07-29,2021-07-30,0.40254965695248046,0.06999968358940212,-0.26156930347867524
红利低波,5.0,2016-08-31,2021-08-31,0.4924133133987909,0.08337253873971129,-0.1087728510343855
红利低波,5.0,2016-09-30,2021-09-30,0.5705358660526463,0.09448438973466722,-0.086945066265115
红利低波,5.0,2016-10-31,2021-10-29,0.3969556944300583,0.06914479618343439,-0.23460504702553076
红利低波,5.0,2016-11-30,2021-11-30,0.3074069806162547,0.05507215114325725,-0.2071312285675635
红利低波,5.0,2016-12-30,2021-12-31,0.4824604712295357,0.08192367534441725,-0.17259582492080283
红利低波,5.0,2017-01-26,2022-01-28,0.42543899579537614,0.0734695434805881,-0.06830555891909951
红利低波,5.0,2017-02-28,2022-02-28,0.44255061562797504,0.07603453991981435,-0.028882245784107585
红利低波,5.0,2017-03-31,2022-03-31,0.46029636770269877,0.07866900825105239,0.1057639970823776
红利低波,5.0,2017-04-28,2022-04-29,0.41651630751182966,0.07212226632471097,0.1213488171219339
红利低波,5.0,2017-05-31,2022-05-31,0.40877362602731626,0.07094765076059995,0.1098670179295318
红利低波,5.0,2017-06-30,2022-06-30,0.34725924091024263,0.06142725282242778,-0.011117557315440285
红利低波,5.0,2017-07-31,2022-07-29,0.2815114963888259,0.05085912885055732,0.04386974709922198
红利低波,5.0,2017-08-31,2022-08-31,0.3281567983932001,0.058400094424223115,0.14403624628480438
红利低波,5.0,2017-09-29,2022-09-30,0.3029372596333302,0.05434975322740465,0.20289773774140651
红利低波,5.0,2017-10-31,2022-10-31,0.1586003969520744,0.029880261444155343,0.18665924731237238
红利低波,5.0,2017-11-30,2022-11-30,0.3144065627209083,0.05619946645339868,0.246792054609704
红利低波,5.0,2017-12-29,2022-12-30,0.24118323859118007,0.044160308484631816,0.17338845479442822
红利低波,5.0,2018-01-31,2023-01-31,0.20552538996902991,0.03809063308042471,0.12486418733295768
红利低波,5.0,2018-02-28,2023-02-28,0.3248960346293577,0.05787988673543998,0.200373834378061
红利低波,5.0,2018-03-30,2023-03-31,0.39633635961649416,0.06904997913904753,0.24098598371457136
红利低波,5.0,2018-04-27,2023-04-28,0.5548208711015579,0.09228525824954925,0.36195659420357584
红利低波,5.0,2018-05-31,2023-05-31,0.4454722905881354,0.07647005729950118,0.33510436885801353
红利低波,5.0,2018-06-29,2023-06-30,0.5276497656349117,0.08844066640178783,0.3084224894412664
红利低波,5.0,2018-07-31,2023-07-31,0.6302139962121376,0.10267854239646645,0.3586698349995199
红利低波,5.0,2018-08-31,2023-08-31,0.6536990427332106,0.1058374536825637,0.396169828660381
红利低波,5.0,2018-09-28,2023-09-28,0.6150910469225153,0.10062507254160424,0.4208042132312053
红利低波,5.0,2018-10-31,2023-10-31,0.7059560032506189,0.11273965475536207,0.4444203967335829
红利低波,5.0,2018-11-30,2023-11-30,0.6854221094692865,0.11004794546114294,0.45800765330623894
红利低波,5.0,2018-12-28,2023-12-29,0.6661615397678395,0.10749919972169097,0.39558263878245903
红利低波,5.0,2019-01-31,2024-01-31,0.6749392308940685,0.10866365642844777,0.5552848346114867
红利低波,5.0,2019-02-28,2024-02-29,0.6429863181132216,0.10440099534542613,0.574963281962539
红利低波,5.0,2019-03-29,2024-03-29,0.5504708256132869,0.09167337850953672,0.5322957046079129
红利低波,5.0,2019-04-30,2024-04-30,0.618621975397204,0.10110589180218787,0.5913876872503718
红利低波,5.0,2019-05-31,2024-05-31,0.7679274733051367,0.12070907571382339,0.6697653886054189
红利低波,5.0,2019-06-28,2024-06-28,0.6913391253582852,0.11082626290654063,0.6819843247539741
红利低波,5.0,2019-07-31,2024-07-31,0.6204462859952624,0.10135398606761292,0.6157053751334092
红利低波,5.0,2019-08-30,2024-08-30,0.6388538116473337,0.10384486862501596,0.6600413110020658
红利低波,5.0,2019-09-30,2024-09-30,0.8415388212085637,0.1298900279562012,0.6617450220293393
红利低波,5.0,2019-10-31,2024-10-31,0.7214463720455895,0.11475312772714008,0.5986572200473317
红利低波,5.0,2019-11-29,2024-11-29,0.7504535331696929,0.11848487942055597,0.6021743819061269
红利低波,5.0,2019-12-31,2024-12-31,0.719643572378931,0.11451954287784183,0.640284079826714
红利低波,5.0,2020-01-23,2025-01-27,0.77557357756732,0.12167679331571768,0.7019296432886795
红利低波,5.0,2020-02-28,2025-02-28,0.8299355266283392,0.12846256793835087,0.7180354954030137
红利低波,5.0,2020-03-31,2025-03-31,0.9752565079776356,0.14584190322564283,0.78757248788397
红利低波,5.0,2020-04-30,2025-04-30,0.8895271104601157,0.1357183046972501,0.8028302880287119
红利低波,5.0,2020-05-29,2025-05-30,1.0192811519551679,0.15090468595591355,0.9009361399263471
红利低波,5.0,2020-06-30,2025-06-30,1.0087551614042738,0.14970230253851313,0.9436373926514923
红利低波,5.0,2020-07-31,2025-07-31,0.7885401032905148,0.12331028812752098,0.8105725592280625
红利低波,5.0,2020-08-31,2025-08-29,0.7449544209229944,0.1177812426307967,0.6930556524056728
红利低波,5.0,2020-09-30,2025-09-30,0.7691068353117652,0.1208585579956376,0.6286059998045503
红利低波,5.0,2020-10-30,2025-10-31,0.8356107170879787,0.12916164285699594,0.7194682314395806
红利低波,5.0,2020-11-30,2025-11-28,0.7073238202166314,0.11291803406565548,0.6764701292239286
红利低波,5.0,2020-12-31,2025-12-31,0.7800881883176434,0.12224661387966074,0.7747527068504523
红利低波,5.0,2021-01-29,2026-01-30,0.8392569610195384,0.12960987856335682,0.8430110711104658
红利低波,5.0,2021-02-26,2026-02-27,0.7358708788995263,0.11661506649425402,0.7351187807902693
红利低波,5.0,2021-03-31,2026-03-31,0.7071600120401496,0.11289667759321143,0.7077923942665606
红利低波,5.0,2021-04-30,2026-04-30,0.6714366037620021,0.1081995813555563,0.6075168102638164
红利低波,5.0,2021-05-31,2026-05-29,0.5355097776762103,0.08955841001219844,0.49443832601951976
红利低波,5.0,2021-06-30,2026-06-30,0.45448216311396306,0.07780868776031102,0.3733165223410293
红利低波,5.0,2021-07-30,2026-07-31,0.751898679258244,0.11866949906356172,0.6719398894538351
红利低波,5.0,2021-08-31,2026-08-31,0.5673955439370308,0.094046349969787,0.4779933077030023
红利低波,5.0,2021-09-30,2026-09-30,0.5082877214099417,0.08566750479023555,0.4927877407965495
红利质量,5.0,2012-12-31,2017-12-29,2.293076700688174,0.26917166962181005,1.5095632097153948
红利质量,5.0,2013-01-31,2018-01-31,2.333165491145072,0.27224682395084443,1.5563724806852768
红利质量,5.0,2013-02-28,2018-02-28,2.0590079878972705,0.2505933707588923,1.3785511993792665
红利质量,5.0,2013-03-29,2018-03-30,2.081002501719089,0.25238659419340226,1.3365945985399992
红利质量,5.0,2013-04-26,2018-04-27,2.216195002667388,0.26318940554554926,1.5025253625796429
红利质量,5.0,2013-05-31,2018-05-31,2.292258887893245,0.2691086253597623,1.663623650771471
红利质量,5.0,2013-06-28,2018-06-29,2.5364317872364848,0.28739867292649013,1.7616794033546024
红利质量,5.0,2013-07-31,2018-07-31,2.380840450030433,0.27586562075409704,1.5975613054098017
红利质量,5.0,2013-08-30,2018-08-31,1.8646972189710413,0.23428583599765052,1.2608252099512836
红利质量,5.0,2013-09-30,2018-09-28,1.786489822341791,0.22747171187649662,1.1978275916888375
红利质量,5.0,2013-10-31,2018-10-31,1.4431882445489483,0.19561508541910144,0.9641850524476132
红利质量,5.0,2013-11-29,2018-11-30,1.396756343494455,0.19103569428378742,0.9485587139656584
红利质量,5.0,2013-12-31,2018-12-28,1.3425369225244697,0.18559753851310257,0.9039043456787357
红利质量,5.0,2014-01-30,2019-01-31,1.3968737016588784,0.1910473579662968,0.7783789106886736
红利质量,5.0,2014-02-28,2019-02-28,1.7588647108241227,0.22502818474829178,0.8835385993830889
红利质量,5.0,2014-03-31,2019-03-29,2.2454482652050207,0.26547898676949977,1.2363724742433941
红利质量,5.0,2014-04-30,2019-04-30,2.303881298536138,0.2700034102257689,1.2855740574274597
红利质量,5.0,2014-05-30,2019-05-31,2.067734339568686,0.25130606495520613,1.191886032883658
红利质量,5.0,2014-06-30,2019-06-28,2.2543845107517257,0.26617511225863555,1.2907209925143035
红利质量,5.0,2014-07-31,2019-07-31,2.048682219459188,0.24974794578847082,1.2433863096666045
红利质量,5.0,2014-08-29,2019-08-30,2.081859736702461,0.252456277365525,1.2820083941399785
红利质量,5.0,2014-09-30,2019-09-30,1.8551001621199763,0.23345772636301,1.1305434279873527
红利质量,5.0,2014-10-31,2019-10-31,1.905276443366044,0.2377629891916504,1.1880101790859943
红利质量,5.0,2014-11-28,2019-11-29,1.744481996547206,0.22374823164425095,1.2338325141788402
红利质量,5.0,2014-12-31,2019-12-31,1.733378314660511,0.22275641208434727,1.4485512640659899
红利质量,5.0,2015-01-30,2020-01-23,1.6167441891038044,0.2121385227561341,1.3249621723416973
红利质量,5.0,2015-02-27,2020-02-28,1.4473670514191879,0.19602379971572015,1.225443750165178
红利质量,5.0,2015-03-31,2020-03-31,0.9807780745527401,0.14648179782480675,0.9725821437980671
红利质量,5.0,2015-04-30,2020-04-30,0.8835601161219857,0.13500009311858663,0.9713412304966296
红利质量,5.0,2015-05-29,2020-05-29,0.748899469080903,0.11828620921833033,0.8630951057347286
红利质量,5.0,2015-06-30,2020-06-30,1.1095863925559506,0.1610193638323978,1.0737366044411987
红利质量,5.0,2015-07-31,2020-07-31,1.6697039568843755,0.21700572445687483,1.301078926027797
红利质量,5.0,2015-08-31,2020-08-31,2.113801139306059,0.2550417541037924,1.5204289702971316
红利质量,5.0,2015-09-30,2020-09-30,2.0014961981497374,0.24585517218957742,1.4062133304751823
红利质量,5.0,2015-10-30,2020-10-30,1.6773497376292363,0.21770200523960925,1.1974451013547147
红利质量,5.0,2015-11-30,2020-11-30,1.549524734593053,0.20584599680387217,0.999505187744173
红利质量,5.0,2015-12-31,2020-12-31,1.5641827836844713,0.20722937941614727,1.007624985754872
红利质量,5.0,2016-01-29,2021-01-29,2.2786497384361732,0.2680576680373008,1.2542214021466678
红利质量,5.0,2016-02-29,2021-02-26,2.242307660818844,0.26523397234829815,1.1760397544888948
红利质量,5.0,2016-03-31,2021-03-31,1.770478537207683,0.22605783787084932,1.0227063270594825
红利质量,5.0,2016-04-29,2021-04-30,1.959844931680966,0.24237811277145305,1.150987886267022
红利质量,5.0,2016-05-31,2021-05-31,2.0043221057870295,0.24608967833436357,1.1314688829311164
红利质量,5.0,2016-06-30,2021-06-30,1.9199460572026417,0.23901043968793778,1.0775440523085942
红利质量,5.0,2016-07-29,2021-07-30,1.548794624723432,0.20577692503396117,0.8846756642922764
红利质量,5.0,2016-08-31,2021-08-31,1.5053693472105878,0.20163993164004435,0.9041831827774114
红利质量,5.0,2016-09-30,2021-09-30,1.5409918271070477,0.20503775401543933,0.8835108947892865
红利质量,5.0,2016-10-31,2021-10-29,1.480877930466943,0.19928134754609106,0.849317189011354
红利质量,5.0,2016-11-30,2021-11-30,1.455688662350783,0.1968360469417465,0.9411504531669648
红利质量,5.0,2016-12-30,2021-12-31,1.7856774500322738,0.22740013219033095,1.1306211538819353
红利质量,5.0,2017-01-26,2022-01-28,1.398112782642238,0.1911704765982165,0.9043682279277623
红利质量,5.0,2017-02-28,2022-02-28,1.4330343020386156,0.19461962882050088,0.961601440626533
红利质量,5.0,2017-03-31,2022-03-31,1.2385515929541655,0.17487975863977856,0.8840192223338443
红利质量,5.0,2017-04-28,2022-04-29,1.0889546962978534,0.1587394800023132,0.7937872059079576
红利质量,5.0,2017-05-31,2022-05-31,1.105551398909912,0.16057488864474045,0.8066447908121275
红利质量,5.0,2017-06-30,2022-06-30,1.0910813271503086,0.1589753116632726,0.7327045289246257
红利质量,5.0,2017-07-31,2022-07-29,0.88664610062604,0.13537176158770325,0.6490043513364361
红利质量,5.0,2017-08-31,2022-08-31,0.897570623293334,0.13668358848236717,0.7134500711849383
红利质量,5.0,2017-09-29,2022-09-30,0.7735086923684125,0.12141578335253445,0.6734691704764888
红利质量,5.0,2017-10-31,2022-10-31,0.5972245707051651,0.09817915644691033,0.6252834210654631
红利质量,5.0,2017-11-30,2022-11-30,0.765765967677525,0.12043490105894783,0.6981514595663207
红利质量,5.0,2017-12-29,2022-12-30,0.6731089179690761,0.10842124895007377,0.6053141341723243
红利质量,5.0,2018-01-31,2023-01-31,0.7151797605197259,0.11394033224426336,0.6345185578836536
红利质量,5.0,2018-02-28,2023-02-28,0.8472418504415764,0.130588989967116,0.7227196501902797
红利质量,5.0,2018-03-30,2023-03-31,0.8877364037743445,0.13550295877930996,0.7323860278724217
红利质量,5.0,2018-04-27,2023-04-28,0.8276658316174015,0.12818249932615955,0.6348015547194195
红利质量,5.0,2018-05-31,2023-05-31,0.6040735575566258,0.09911935570723096,0.49370563582650395
红利质量,5.0,2018-06-29,2023-06-30,0.640564886824962,0.10407527029191876,0.4213376106313167
红利质量,5.0,2018-07-31,2023-07-31,0.6890873401802244,0.1105303228175516,0.41754317896760673
红利质量,5.0,2018-08-31,2023-08-31,0.7983291981750886,0.12453723247715787,0.540799984102259
红利质量,5.0,2018-09-28,2023-09-28,0.7402696427968507,0.1171804028975636,0.5459828091055408
红利质量,5.0,2018-10-31,2023-10-31,0.9509579765062168,0.14300882350985344,0.6894223699891808
红利质量,5.0,2018-11-30,2023-11-30,0.9551183700934993,0.1434958986303867,0.7277039139304518
红利质量,5.0,2018-12-28,2023-12-29,0.950713211523893,0.14298014195149222,0.6801343105385125
红利质量,5.0,2019-01-31,2024-01-31,0.6935206455319465,0.11111266799122799,0.5738662492493647
红利质量,5.0,2019-02-28,2024-02-29,0.7056259841830146,0.11269659928124609,0.637602948032332
红利质量,5.0,2019-03-29,2024-03-29,0.5355697446935441,0.08956692009117928,0.5173946236881701
红利质量,5.0,2019-04-30,2024-04-30,0.5549799706316267,0.09230761130152376,0.5277456824847946
红利质量,5.0,2019-05-31,2024-05-31,0.6072750484198506,0.09955774142862239,0.5091129637201328
红利质量,5.0,2019-06-28,2024-06-28,0.368956167030547,0.06482418977521043,0.35960136642623586
红利质量,5.0,2019-07-31,2024-07-31,0.3318608533665959,0.058989784750064445,0.32711994250474263
红利质量,5.0,2019-08-30,2024-08-30,0.2577840699695302,0.04693861380461173,0.27897156932426226
红利质量,5.0,2019-09-30,2024-09-30,0.607710707369262,0.09961734295629565,0.4279169081900376
红利质量,5.0,2019-10-31,2024-10-31,0.4723487886998754,0.08044369796465833,0.3495596367016176
红利质量,5.0,2019-11-29,2024-11-29,0.5360787881395694,0.0896391490955688,0.3877996368760035
红利质量,5.0,2019-12-31,2024-12-31,0.440204530291898,0.07568431127682906,0.360845037739681
红利质量,5.0,2020-01-23,2025-01-27,0.39236261022440355,0.06844081634593713,0.318718675945763
红利质量,5.0,2020-02-28,2025-02-28,0.3769748554774772,0.06606872307700384,0.2650748242521517
红利质量,5.0,2020-03-31,2025-03-31,0.47723522420845277,0.08115990376352178,0.2895512041147872
红利质量,5.0,2020-04-30,2025-04-30,0.3181913764704123,0.05680702913570235,0.23149455403900854
红利质量,5.0,2020-05-29,2025-05-30,0.30384013475605554,0.05449583584245499,0.18549512272723478
红利质量,5.0,2020-06-30,2025-06-30,0.19244851294127896,0.035828669699933924,0.12733074418849744
红利质量,5.0,2020-07-31,2025-07-31,0.11076124782514785,0.021231363002154557,0.1327937037626955
红利质量,5.0,2020-08-31,2025-08-29,0.21506104341109356,0.03972771191180802,0.163162274893772
红利质量,5.0,2020-09-30,2025-09-30,0.3149181111349397,0.05628166523215117,0.1744172756277249
红利质量,5.0,2020-10-30,2025-10-31,0.2622069514320162,0.047673872921973004,0.1460644657836181
红利质量,5.0,2020-11-30,2025-11-28,0.20955950462132233,0.038784468711508646,0.17870581362861948
红利质量,5.0,2020-12-31,2025-12-31,0.11760055057312435,0.02248588487862979,0.11226506910593326
红利质量,5.0,2021-01-29,2026-01-30,0.21052515384704606,0.03895027803926587,0.21427926393797347
红利质量,5.0,2021-02-26,2026-02-27,0.25247354974071956,0.0460530560489143,0.25172145163146253
红利质量,5.0,2021-03-31,2026-03-31,0.17698631298229195,0.033128357974257616,0.177618695208703
红利质量,5.0,2021-04-30,2026-04-30,0.18703648195656042,0.03488671844434532,0.12311668845837476
红利质量,5.0,2021-05-31,2026-05-29,0.07485643656997731,0.014542143989743073,0.03378498491328674
红利质量,5.0,2021-06-30,2026-06-30,0.07525998955912261,0.014618314169889901,-0.005905651213811147
红利质量,5.0,2021-07-30,2026-07-31,0.2255299484247386,0.04151321730462176,0.14557115862032965
红利质量,5.0,2021-08-31,2026-08-31,0.24164924385725461,0.04423870321766121,0.15224700762322607
红利质量,5.0,2021-09-30,2026-09-30,0.16709327478597658,0.031385718079700364,0.15159329417258438
价值100,10.0,2012-12-31,2022-12-30,3.1369925,0.15257308414963866,2.2325660975081316
价值100,10.0,2013-01-31,2023-01-31,3.2165956951813586,0.15477187023625882,2.296484423662509
价值100,10.0,2013-02-28,2023-02-28,3.3679084267236714,0.15885033988850839,2.4781974614721776
价值100,10.0,2013-03-29,2023-03-31,3.7303865915204053,0.16812592734087994,2.7149842648561586
价值100,10.0,2013-04-26,2023-04-28,4.236270629944857,0.18005488877920928,3.192095333879564
价值100,10.0,2013-05-31,2023-05-31,3.686020079145531,0.16702568501373727,2.8776357556461827
价值100,10.0,2013-06-28,2023-06-30,4.577508233965885,0.18752844741853902,3.413681719047398
价值100,10.0,2013-07-31,2023-07-31,4.80728270515489,0.19233226650897994,3.539764521000295
价值100,10.0,2013-08-30,2023-08-31,4.148820945357856,0.17806913808563185,3.13190503838183
价值100,10.0,2013-09-30,2023-09-28,4.157340744657554,0.1782639292207593,3.260022359406064
价值100,10.0,2013-10-31,2023-10-31,3.8471629260907516,0.1709780701790664,2.9813477371025616
价值100,10.0,2013-11-29,2023-11-30,3.6713754441275404,0.16666045508082505,2.893836738262838
价值100,10.0,2013-12-31,2023-12-29,3.7474706346275815,0.16854711817427703,2.9195744362171627
价值100,10.0,2014-01-30,2024-01-31,4.2398978008968555,0.18013660585378344,3.4277429928266074
价值100,10.0,2014-02-28,2024-02-29,4.751178287132624,0.19117531018686607,3.7482867998187173
价值100,10.0,2014-03-31,2024-03-29,4.572829499797527,0.1874287930896703,3.5272385132262056
价值100,10.0,2014-04-30,2024-04-30,4.767567146445283,0.19151431925199747,3.694292744363413
价值100,10.0,2014-05-30,2024-05-31,4.873184811735532,0.19367848648325947,3.8131993246858666
价值100,10.0,2014-06-30,2024-06-28,4.539228360760837,0.18671088791651624,3.5571951618563435
价值100,10.0,2014-07-31,2024-07-31,3.9613900647520373,0.17370873649471608,3.1475354079718585
价值100,10.0,2014-08-29,2024-08-30,3.8181827391564482,0.17027607579152804,3.0564657457531217
价值100,10.0,2014-09-30,2024-09-30,4.756787880092162,0.19129144425943645,3.7221665388297183
价值100,10.0,2014-10-31,2024-10-31,4.203402720680758,0.17931207135357474,3.2752747880545448
价值100,10.0,2014-11-28,2024-11-29,3.730340489308599,0.16812478888371452,2.995693183837907
价值100,10.0,2014-12-31,2024-12-31,2.9714686694556827,0.14787636582287855,2.584678396108619
价值100,10.0,2015-01-30,2025-01-27,2.879223484196147,0.14518191265346125,2.4923095574892815
价值100,10.0,2015-02-27,2025-02-28,2.718801219380527,0.1403555917422319,2.3601446625612406
价值100,10.0,2015-03-31,2025-03-31,2.4924101602644924,0.13321554743591224,2.2949919641837075
价值100,10.0,2015-04-30,2025-04-30,1.887987431615341,0.11188412571901618,1.8966820672443507
价值100,10.0,2015-05-29,2025-05-30,2.0438104362564546,0.11774248898961948,2.0531755448748954
价值100,10.0,2015-06-30,2025-06-30,2.00689615502856,0.11637947430385176,1.9035941399487342
价值100,10.0,2015-07-31,2025-07-31,2.684409975780634,0.1392965832992905,2.345939115611428
价值100,10.0,2015-08-31,2025-08-29,3.2895208023466065,0.15675364811375392,2.613454579976342
价值100,10.0,2015-09-30,2025-09-30,3.490567788215934,0.1620642099007652,2.671146344762758
价值100,10.0,2015-10-30,2025-10-31,3.303513658583647,0.1571304402222553,2.6517292193296136
价值100,10.0,2015-11-30,2025-11-28,3.343028350683211,0.1581885481617351,2.745184979703206
价值100,10.0,2015-12-31,2025-12-31,3.0402447414789044,0.1498488822152877,2.47538195826584
价值100,10.0,2016-01-29,2026-01-30,4.295831634345392,0.18139034423532818,3.27900322490151
价值100,10.0,2016-02-29,2026-02-27,4.518302112350782,0.1862618050507332,3.4504801698352643
价值100,10.0,2016-03-31,2026-03-31,3.8188846960206257,0.1702931243244976,3.072217745953938
价值100,10.0,2016-04-29,2026-04-30,3.937184022374498,0.17313483659167206,3.0127052081499563
价值100,10.0,2016-05-31,2026-05-29,3.727287062721431,0.16804936471968412,2.7775130392629137
价值100,10.0,2016-06-30,2026-06-30,3.213580472615277,0.15468926769635982,2.221638728432666
价值100,10.0,2016-07-29,2026-07-31,3.511559894327301,0.16260630194110592,2.7143799957294994
价值100,10.0,2016-08-31,2026-08-31,3.341677805995558,0.1581525271139006,2.597342017835069
价值100,10.0,2016-09-30,2026-09-30,3.26265182037577,0.1560270226431788,2.579479965740016
自由现金流,10.0,2012-12-31,2022-12-30,3.1280113,0.15232262162257815,2.2235848975081316
自由现金流,10.0,2013-01-31,2023-01-31,3.3086264624145505,0.15726784005091154,2.388515190895701
自由现金流,10.0,2013-02-28,2023-02-28,3.4610728119056384,0.16129867672227505,2.5713618466541446
自由现金流,10.0,2013-03-29,2023-03-31,3.9394772181393343,0.1731893143202332,2.9240748914750876
自由现金流,10.0,2013-04-26,2023-04-28,4.495993574082871,0.1857813668183097,3.451818278017578
自由现金流,10.0,2013-05-31,2023-05-31,3.8839485238688045,0.17186371661816424,3.075564200369456
自由现金流,10.0,2013-06-28,2023-06-30,5.120531993440478,0.1986128166215626,3.9567054785219913
自由现金流,10.0,2013-07-31,2023-07-31,5.21209224116997,0.2003939269761419,3.9445740570153753
自由现金流,10.0,2013-08-30,2023-08-31,4.4415696361046075,0.18460188430807833,3.4246537291285817
自由现金流,10.0,2013-09-30,2023-09-28,4.582420178981959,0.18763298808125306,3.6851017937304693
自由现金流,10.0,2013-10-31,2023-10-31,4.251701936531181,0.180402191012057,3.3858867475429912
自由现金流,10.0,2013-11-29,2023-11-30,4.3339493982665775,0.18223793090372187,3.556410692401875
自由现金流,10.0,2013-12-31,2023-12-29,4.4881716526996565,0.1856124977317819,3.6602754542892377
自由现金流,10.0,2014-01-30,2024-01-31,5.2387707660131175,0.20090845598754203,4.42661595794287
自由现金流,10.0,2014-02-28,2024-02-29,5.628527080744143,0.2082079901580305,4.6256355934302364
自由现金流,10.0,2014-03-31,2024-03-29,5.850067863073888,0.21218662391866938,4.804476876502566
自由现金流,10.0,2014-04-30,2024-04-30,5.953134741705261,0.2139982607625388,4.8798603396233915
自由现金流,10.0,2014-05-30,2024-05-31,5.968707250053022,0.21426987885381155,4.908721763003356
自由现金流,10.0,2014-06-30,2024-06-28,5.813518233573434,0.2115382841932476,4.83148503466894
自由现金流,10.0,2014-07-31,2024-07-31,4.93588338784456,0.19494670501690026,4.122028731064381
自由现金流,10.0,2014-08-29,2024-08-30,4.64355174231568,0.18892716786759634,3.881834748912353
自由现金流,10.0,2014-09-30,2024-09-30,5.091305521650204,0.19803922713790523,4.0566841803877605
自由现金流,10.0,2014-10-31,2024-10-31,4.66735898957456,0.18942776563636343,3.7392310569483467
自由现金流,10.0,2014-11-28,2024-11-29,4.201358899193319,0.17926574148796925,3.4667115937226267
自由现金流,10.0,2014-12-31,2024-12-31,3.636194227791737,0.16577882388550447,3.2494039544446736
自由现金流,10.0,2015-01-30,2025-01-27,3.4836210223605635,0.1618843169900046,3.096707095653698
自由现金流,10.0,2015-02-27,2025-02-28,3.2773780941585047,0.15642577823082404,2.918721537339218
自由现金流,10.0,2015-03-31,2025-03-31,2.819599548873053,0.1434094660772045,2.622181352792268
自由现金流,10.0,2015-04-30,2025-04-30,2.028883065363773,0.11719311531877219,2.0375777009927827
自由现金流,10.0,2015-05-29,2025-05-30,2.0210280167145522,0.11690304586886358,2.030393125332993
自由现金流,10.0,2015-06-30,2025-06-30,1.9910051284677999,0.11578807550762327,1.887703113387974
自由现金流,10.0,2015-07-31,2025-07-31,2.7095067713721286,0.1400702601365169,2.3710359112029225
自由现金流,10.0,2015-08-31,2025-08-29,3.3210656710658775,0.1576015154846626,2.644999448695613
自由现金流,10.0,2015-09-30,2025-09-30,3.719088208505476,0.16784662372238124,2.8996667650523005
自由现金流,10.0,2015-10-30,2025-10-31,3.5236317812172295,0.16291701445260132,2.8718473419631962
自由现金流,10.0,2015-11-30,2025-11-28,3.557484916639017,0.16378438023199626,2.959641545659012
自由现金流,10.0,2015-12-31,2025-12-31,3.681664254927627,0.16691716037592963,3.1168014717145627
自由现金流,10.0,2016-01-29,2026-01-30,5.636168767219101,0.20834720600883228,4.6193403577752195
自由现金流,10.0,2016-02-29,2026-02-27,5.861778412265059,0.21239369431129695,4.79395646974954
自由现金流,10.0,2016-03-31,2026-03-31,4.90176890595883,0.19425816722496503,4.1551019558921425
自由现金流,10.0,2016-04-29,2026-04-30,5.163018106876838,0.19944225470078303,4.2385392926522965
自由现金流,10.0,2016-05-31,2026-05-29,4.701867710665049,0.19015003495559002,3.752093687206531
自由现金流,10.0,2016-06-30,2026-06-30,3.913112823805019,0.17256161694895877,2.921171079622408
自由现金流,10.0,2016-07-29,2026-07-31,4.1246078931814685,0.17751395868179243,3.3274279945836667
自由现金流,10.0,2016-08-31,2026-08-31,4.070395512691101,0.17626231608169052,3.3260597245306114
自由现金流,10.0,2016-09-30,2026-09-30,4.038725116461035,0.1755255329627614,3.355553261825281
沪深300,10.0,2012-12-31,2022-12-30,0.9044264024918685,0.06653821048839781,0.0
沪深300,10.0,2013-01-31,2023-01-31,0.9201112715188493,0.06741337344224929,0.0
沪深300,10.0,2013-02-28,2023-02-28,0.8897109652514938,0.06571122044038269,0.0
沪深300,10.0,2013-03-29,2023-03-31,1.0154023266642467,0.07259600624993157,0.0
沪深300,10.0,2013-04-26,2023-04-28,1.0441752960652932,0.07411755241214513,0.0
沪深300,10.0,2013-05-31,2023-05-31,0.8083843234993486,0.06103344445337755,0.0
沪深300,10.0,2013-06-28,2023-06-30,1.1638265149184868,0.08024494776517099,0.0
沪深300,10.0,2013-07-31,2023-07-31,1.267518184154595,0.0853131818896038,0.0
沪深300,10.0,2013-08-30,2023-08-31,1.0169159069760259,0.07267653170054533,0.0
沪深300,10.0,2013-09-30,2023-09-28,0.8973183852514894,0.06613946917227254,0.0
沪深300,10.0,2013-10-31,2023-10-31,0.8658151889881902,0.06435587674850707,0.0
沪深300,10.0,2013-11-29,2023-11-30,0.7775387058647025,0.05920959596155795,0.0
沪深300,10.0,2013-12-31,2023-12-29,0.8278961984104185,0.06217274399164596,0.0
沪深300,10.0,2014-01-30,2024-01-31,0.8121548080702481,0.0612544628261269,0.0
沪深300,10.0,2014-02-28,2024-02-29,1.0028914873139065,0.07192831278829503,0.0
沪深300,10.0,2014-03-31,2024-03-29,1.0455909865713218,0.07419191708802297,0.0
沪深300,10.0,2014-04-30,2024-04-30,1.07327440208187,0.0756368657590849,0.0
沪深300,10.0,2014-05-30,2024-05-31,1.0599854870496657,0.07494542598514409,0.0
沪深300,10.0,2014-06-30,2024-06-28,0.9820331989044933,0.07080673099831802,0.0
沪深300,10.0,2014-07-31,2024-07-31,0.8138546567801785,0.06135396928085757,0.0
沪深300,10.0,2014-08-29,2024-08-30,0.7617169934033263,0.05826300531006434,0.0
沪深300,10.0,2014-09-30,2024-09-30,1.0346213412624437,0.07361447825263201,0.0
沪深300,10.0,2014-10-31,2024-10-31,0.9281279326262133,0.06785819436261797,0.0
沪深300,10.0,2014-11-28,2024-11-29,0.7346473054706921,0.05662557564049675,0.0
沪深300,10.0,2014-12-31,2024-12-31,0.38679027334706384,0.033239685836730315,0.0
沪深300,10.0,2015-01-30,2025-01-27,0.3869139267068653,0.033248898364028445,0.0
沪深300,10.0,2015-02-27,2025-02-28,0.35865655681928654,0.031124174447698882,0.0
沪深300,10.0,2015-03-31,2025-03-31,0.1974181960807848,0.018180054762985565,0.0
沪深300,10.0,2015-04-30,2025-04-30,-0.008694635629009517,-0.0008728842654246449,0.0
沪深300,10.0,2015-05-29,2025-05-30,-0.009365108618440754,-0.0009404811676534397,0.0
沪深300,10.0,2015-06-30,2025-06-30,0.10330201507982584,0.009879232093708223,0.0
沪深300,10.0,2015-07-31,2025-07-31,0.33847086016920613,0.029581883341587734,0.0
沪深300,10.0,2015-08-31,2025-08-29,0.6760662223702645,0.05300180925720577,0.0
沪深300,10.0,2015-09-30,2025-09-30,0.8194214434531759,0.06167925373163374,0.0
沪深300,10.0,2015-10-30,2025-10-31,0.6517844392540331,0.051466249522600815,0.0
沪深300,10.0,2015-11-30,2025-11-28,0.5978433709800046,0.047981028007088034,0.0
沪深300,10.0,2015-12-31,2025-12-31,0.5648627832130644,0.045797564749932906,0.0
沪深300,10.0,2016-01-29,2026-01-30,1.0168284094438818,0.07267187814105425,0.0
沪深300,10.0,2016-02-29,2026-02-27,1.067821942515518,0.07535365101221614,0.0
沪深300,10.0,2016-03-31,2026-03-31,0.7466669500666876,0.05735545518493157,0.0
沪深300,10.0,2016-04-29,2026-04-30,0.9244788142245415,0.06765592232502349,0.0
沪深300,10.0,2016-05-31,2026-05-29,0.9497740234585172,0.06905100962369892,0.0
沪深300,10.0,2016-06-30,2026-06-30,0.9919417441826108,0.0713408463390548,0.0
沪深300,10.0,2016-07-29,2026-07-31,0.7971798985978018,0.060374207035900795,0.0
沪深300,10.0,2016-08-31,2026-08-31,0.7443357881604893,0.057214252056646986,0.0
沪深300,10.0,2016-09-30,2026-09-30,0.6831718546357537,0.05344737682518241,0.0
中证全指,10.0,2012-12-31,2022-12-30,1.011378630166198,0.07238167271375096,0.10695222767432955
中证全指,10.0,2013-01-31,2023-01-31,1.0310968089302373,0.07342835310881046,0.11098553741138795
中证全指,10.0,2013-02-28,2023-02-28,1.006269621536104,0.07210897021810903,0.11655865628461015
中证全指,10.0,2013-03-29,2023-03-31,1.1014467218731037,0.07708961454071672,0.08604439520885698
中证全指,10.0,2013-04-26,2023-04-28,1.1152494026931294,0.07779498406720387,0.0710741066278362
中证全指,10.0,2013-05-31,2023-05-31,0.8556214164189315,0.0637729374928937,0.04723709291958289
中证全指,10.0,2013-06-28,2023-06-30,1.2095860829110712,0.08250794517242688,0.045759567992584405
中证全指,10.0,2013-07-31,2023-07-31,1.1890779325744187,0.08149900022987433,-0.07844025158017631
中证全指,10.0,2013-08-30,2023-08-31,0.9398689066869175,0.06850667164386115,-0.07704700028910838
中证全指,10.0,2013-09-30,2023-09-28,0.8246250508548196,0.06198250753239809,-0.0726933343966698
中证全指,10.0,2013-10-31,2023-10-31,0.8314821329848723,0.06238093544436385,-0.03433305600331793
中证全指,10.0,2013-11-29,2023-11-30,0.7473687674642635,0.05739793244786684,-0.030169938400439023
中证全指,10.0,2013-12-31,2023-12-29,0.7777501228914014,0.05922219332206069,-0.050146075519017064
中证全指,10.0,2014-01-30,2024-01-31,0.5775558944370225,0.046642764691740224,-0.2345989136332256
中证全指,10.0,2014-02-28,2024-02-29,0.7186926149890038,0.05564968169128148,-0.2841988723249027
中证全指,10.0,2014-03-31,2024-03-29,0.7897313812612645,0.05993390692843947,-0.25585960531005725
中证全指,10.0,2014-04-30,2024-04-30,0.81977946689418,0.06170014347142838,-0.25349493518769006
中证全指,10.0,2014-05-30,2024-05-31,0.7743852262941342,0.05902153449231662,-0.28560026075553147
中证全指,10.0,2014-06-30,2024-06-28,0.6369015316200937,0.05051499408489857,-0.3451316672843996
中证全指,10.0,2014-07-31,2024-07-31,0.5170350963688273,0.04255641000942911,-0.29681956041135127
中证全指,10.0,2014-08-29,2024-08-30,0.4214637720883141,0.0357944497857301,-0.34025322131501223
中证全指,10.0,2014-09-30,2024-09-30,0.5950112726544405,0.047795130233713845,-0.4396100686080031
中证全指,10.0,2014-10-31,2024-10-31,0.5956731181061892,0.04783860008227214,-0.3324548145200241
中证全指,10.0,2014-11-28,2024-11-29,0.4903168768321624,0.0407055292272116,-0.24433042863852972
中证全指,10.0,2014-12-31,2024-12-31,0.31737759628365647,0.027947719381633318,-0.06941267706340737
中证全指,10.0,2015-01-30,2025-01-27,0.26546387500206237,0.02382322047266472,-0.12145005170480294
中证全指,10.0,2015-02-27,2025-02-28,0.25055658247646573,0.022610704791975245,-0.10809997434282081
中证全指,10.0,2015-03-31,2025-03-31,0.05965290864281014,0.0058109594846635915,-0.13776528743797467
中证全指,10.0,2015-04-30,2025-04-30,-0.12636250796076032,-0.01341813910328804,-0.1176678723317508
中证全指,10.0,2015-05-29,2025-05-30,-0.20712227052904097,-0.0229413769850636,-0.19775716191060022
中证全指,10.0,2015-06-30,2025-06-30,-0.08516954889191586,-0.008862150607111818,-0.1884715639717417
中证全指,10.0,2015-07-31,2025-07-31,0.13130688978849192,0.012413769462059632,-0.2071639703807142
中证全指,10.0,2015-08-31,2025-08-29,0.4396712745131066,0.037113610969394584,-0.23639494785715787
中证全指,10.0,2015-09-30,2025-09-30,0.5533126711070147,0.04502309510536184,-0.26610877234616126
中证全指,10.0,2015-10-30,2025-10-31,0.3602618358120042,0.031245939036448345,-0.29152260344202885
中证全指,10.0,2015-11-30,2025-11-28,0.269860919313474,0.024178408213098468,-0.3279824516665306
中证全指,10.0,2015-12-31,2025-12-31,0.25091549549577774,0.0226400501976336,-0.31394728771728664
中证全指,10.0,2016-01-29,2026-01-30,0.7815676911525256,0.05944943283954185,-0.2352607182913562
中证全指,10.0,2016-02-29,2026-02-27,0.8658680410055253,0.06435889165794384,-0.2019539015099927
中证全指,10.0,2016-03-31,2026-03-31,0.4860767268438446,0.040409054867155625,-0.260590223222843
中证全指,10.0,2016-04-29,2026-04-30,0.6438362997653586,0.05095920080124072,-0.28064251445918287
中证全指,10.0,2016-05-31,2026-05-29,0.6622733172488144,0.05213203329272109,-0.2875007062097028
中证全指,10.0,2016-06-30,2026-06-30,0.6668089647812168,0.05241876415936075,-0.32513277940139407
中证全指,10.0,2016-07-29,2026-07-31,0.4422540405037454,0.03729951880934612,-0.3549258580940564
中证全指,10.0,2016-08-31,2026-08-31,0.45708929861841474,0.03836159497038416,-0.28724648954207455
中证全指,10.0,2016-09-30,2026-09-30,0.40398684512094407,0.03451383693898946,-0.2791850095148096
300价值,10.0,2012-12-31,2022-12-30,1.2280769611901556,0.0834104463856098,0.3236505586982872
300价值,10.0,2013-01-31,2023-01-31,1.168323036448018,0.08046921752091851,0.24821176492916863
300价值,10.0,2013-02-28,2023-02-28,1.1910041740343784,0.0815941272121623,0.30129320878288457
300价值,10.0,2013-03-29,2023-03-31,1.355585025124975,0.08945646019054831,0.34018269846072835
300价值,10.0,2013-04-26,2023-04-28,1.5196541322081947,0.09681679765576967,0.47547883614290143
300价值,10.0,2013-05-31,2023-05-31,1.301271917784446,0.08691803203197956,0.49288759428509743
300价值,10.0,2013-06-28,2023-06-30,1.7245117133158976,0.10542394544685596,0.5606851983974108
300价值,10.0,2013-07-31,2023-07-31,2.0012450676888007,0.1161694870151666,0.7337268835342057
300价值,10.0,2013-08-30,2023-08-31,1.6742954739538853,0.10336940897619473,0.6573795669778595
300价值,10.0,2013-09-30,2023-09-28,1.6045437811167806,0.10045722527839018,0.7072253958652912
300价值,10.0,2013-10-31,2023-10-31,1.4569364004676837,0.09405559501043093,0.5911212114794935
300价值,10.0,2013-11-29,2023-11-30,1.3530986673440806,0.08934141165694687,0.575559961479378
300价值,10.0,2013-12-31,2023-12-29,1.446893254514082,0.09360755638992657,0.6189970561036635
300价值,10.0,2014-01-30,2024-01-31,1.7095002479557633,0.10481336555440701,0.8973454398855152
300价值,10.0,2014-02-28,2024-02-29,1.8982033221590267,0.1122768159892209,0.8953118348451201
300价值,10.0,2014-03-31,2024-03-29,1.8312230977345658,0.109679107104246,0.785632111163244
300价值,10.0,2014-04-30,2024-04-30,1.8681377629216596,0.11111753329600482,0.7948633608397895
300价值,10.0,2014-05-30,2024-05-31,1.9039298770959467,0.11249639540381184,0.8439443900462811
300价值,10.0,2014-06-30,2024-06-28,1.8640642741135722,0.11095962525497582,0.882031075209079
300价值,10.0,2014-07-31,2024-07-31,1.5678776352059014,0.09889812529392139,0.7540229784257229
300价值,10.0,2014-08-29,2024-08-30,1.5855659189463749,0.09965274193687446,0.8238489255430486
300价值,10.0,2014-09-30,2024-09-30,1.932735511993711,0.11359504486250516,0.8981141707312674
300价值,10.0,2014-10-31,2024-10-31,1.7203518126934512,0.10525504852867718,0.7922238800672379
300价值,10.0,2014-11-28,2024-11-29,1.3853307184301915,0.09082444083051744,0.6506834129594994
300价值,10.0,2014-12-31,2024-12-31,0.8791190506026174,0.06511237251251023,0.4923287772555536
300价值,10.0,2015-01-30,2025-01-27,0.9392398856096409,0.06847201923471546,0.5523259589027756
300价值,10.0,2015-02-27,2025-02-28,0.8922987555766271,0.06585707021495546,0.5336421987573405
300价值,10.0,2015-03-31,2025-03-31,0.7080557824938727,0.054994522991476336,0.5106375864130879
300价值,10.0,2015-04-30,2025-04-30,0.39357333451084053,0.03374395455738699,0.40226797013985005
300价值,10.0,2015-05-29,2025-05-30,0.5000799553555404,0.04138529478511277,0.5094450639739811
300价值,10.0,2015-06-30,2025-06-30,0.565432119015205,0.04583560722516111,0.4621301039353791
300价值,10.0,2015-07-31,2025-07-31,0.8613133677444935,0.0640987907128232,0.5228425075752874
300价值,10.0,2015-08-31,2025-08-29,1.0851764636685033,0.07625276800279823,0.4091102412982388
300价值,10.0,2015-09-30,2025-09-30,1.0790794584895282,0.07593765947656017,0.25965801503635233
300价值,10.0,2015-10-30,2025-10-31,1.0217931232503048,0.07293563973627237,0.37000868399627174
300价值,10.0,2015-11-30,2025-11-28,1.0218960416501233,0.07294110133807807,0.42405267067011865
300价值,10.0,2015-12-31,2025-12-31,0.9430165333496472,0.06867992081807328,0.3781537501365828
300价值,10.0,2016-01-29,2026-01-30,1.3371250049139873,0.08859965964123506,0.3202965954701056
300价值,10.0,2016-02-29,2026-02-27,1.3821336084284876,0.09067814702946775,0.31431166591296966
300价值,10.0,2016-03-31,2026-03-31,1.110317856620148,0.07754344019469128,0.36365090655346033
300价值,10.0,2016-04-29,2026-04-30,1.1486661464266645,0.07948570134812027,0.22418733220212306
300价值,10.0,2016-05-31,2026-05-29,1.0641270727725747,0.07516134769802174,0.11435304931405743
300价值,10.0,2016-06-30,2026-06-30,0.9915549156460037,0.0713200394337592,-0.0003868285366070978
300价值,10.0,2016-07-29,2026-07-31,1.093993139884446,0.07670697251274428,0.2968132412866442
300价值,10.0,2016-08-31,2026-08-31,1.009825069704216,0.07229881466373489,0.26548928154372664
300价值,10.0,2016-09-30,2026-09-30,1.00826983794581,0.07221580972005515,0.32509798331005624
中证红利,10.0,2012-12-31,2022-12-30,1.8621073496528764,0.11088369355065986,0.9576809471610079
中证红利,10.0,2013-01-31,2023-01-31,1.7291168914483057,0.105610650690392,0.8090056199294564
中证红利,10.0,2013-02-28,2023-02-28,1.8449034005672669,0.11021413517372491,0.955192435315773
中证红利,10.0,2013-03-29,2023-03-31,2.0182996718206607,0.11680213532301598,1.002897345156414
中证红利,10.0,2013-04-26,2023-04-28,2.2210689553043443,0.12408719919372446,1.176893659239051
中证红利,10.0,2013-05-31,2023-05-31,1.9513091078207094,0.11429830476892278,1.1429247843213608
中证红利,10.0,2013-06-28,2023-06-30,2.4318382840716444,0.13123460381147978,1.2680117691531576
中证红利,10.0,2013-07-31,2023-07-31,2.660346090391885,0.13855028159006166,1.3928279062372901
中证红利,10.0,2013-08-30,2023-08-31,2.3307184506820295,0.12785635845015375,1.3138025437060037
中证红利,10.0,2013-09-30,2023-09-28,2.2523887377547878,0.12517544235725508,1.3550703525032983
中证红利,10.0,2013-10-31,2023-10-31,2.184891820777048,0.12281826453093325,1.3190766317888578
中证红利,10.0,2013-11-29,2023-11-30,2.143213055267432,0.12134017442084155,1.3656743494027297
中证红利,10.0,2013-12-31,2023-12-29,2.263548224980107,0.12556091397970337,1.4356520265696886
中证红利,10.0,2014-01-30,2024-01-31,2.4343562470803835,0.13131757587003068,1.6222014390101354
中证红利,10.0,2014-02-28,2024-02-29,2.5520815911244914,0.13513703523362808,1.5491901038105849
中证红利,10.0,2014-03-31,2024-03-29,2.5815033724070644,0.13607377942738785,1.5359123858357426
中证红利,10.0,2014-04-30,2024-04-30,2.7070065060413238,0.13999339430876456,1.6337321039594537
中证红利,10.0,2014-05-30,2024-05-31,2.8343351827188106,0.14384981810174535,1.774349695669145
中证红利,10.0,2014-06-30,2024-06-28,2.6117036449527946,0.1370281339519568,1.6296704460483014
中证红利,10.0,2014-07-31,2024-07-31,2.167347194585024,0.12219819854004155,1.3534925378048455
中证红利,10.0,2014-08-29,2024-08-30,2.038841553537938,0.117559888409835,1.2771245601346115
中证红利,10.0,2014-09-30,2024-09-30,2.2847086031721133,0.12628859086540212,1.2500872619096697
中证红利,10.0,2014-10-31,2024-10-31,1.9971876232720627,0.11601849790666696,1.0690596906458494
中证红利,10.0,2014-11-28,2024-11-29,1.801175702155454,0.10849575688463298,1.0665283966847618
中证红利,10.0,2014-12-31,2024-12-31,1.4592952827660741,0.09416058893964574,1.0725050094190103
中证红利,10.0,2015-01-30,2025-01-27,1.385572788561924,0.0908355103210543,0.9986588618550587
中证红利,10.0,2015-02-27,2025-02-28,1.3010869023175542,0.08690929321578844,0.9424303454982677
中证红利,10.0,2015-03-31,2025-03-31,0.9801204499191076,0.07070334854751148,0.7827022538383228
中证红利,10.0,2015-04-30,2025-04-30,0.6441351246608966,0.05097830410768611,0.6528297602899061
中证红利,10.0,2015-05-29,2025-05-30,0.5488224151092764,0.044720610189860954,0.5581875237277172
中证红利,10.0,2015-06-30,2025-06-30,0.6320589927612905,0.05020379975625544,0.5287569776814647
中证红利,10.0,2015-07-31,2025-07-31,0.9563738772815427,0.0694123261707631,0.6179030171123365
中证红利,10.0,2015-08-31,2025-08-29,1.270529579766583,0.0854572317054747,0.5944633573963185
中证红利,10.0,2015-09-30,2025-09-30,1.3635077499652026,0.0898223322575995,0.5440863065120267
中证红利,10.0,2015-10-30,2025-10-31,1.1823576500392825,0.08116652970730964,0.5305732107852494
中证红利,10.0,2015-11-30,2025-11-28,1.0434585665740754,0.07407988571976953,0.4456151955940708
中证红利,10.0,2015-12-31,2025-12-31,0.9646555148820228,0.06986416513797478,0.39979273166895846
中证红利,10.0,2016-01-29,2026-01-30,1.599517312605316,0.10024466508815943,0.5826889031614342
中证红利,10.0,2016-02-29,2026-02-27,1.688219836620981,0.10394256315899009,0.6203978941054631
中证红利,10.0,2016-03-31,2026-03-31,1.3654472767745651,0.08991173156177634,0.6187803267078775
中证红利,10.0,2016-04-29,2026-04-30,1.4489497959978226,0.0936994361291934,0.5244709817732811
中证红利,10.0,2016-05-31,2026-05-29,1.3522093085854086,0.08930023275726118,0.4024352851268913
中证红利,10.0,2016-06-30,2026-06-30,1.122822973034423,0.07818026411804668,0.1308812288518122
中证红利,10.0,2016-07-29,2026-07-31,1.2633332894764049,0.0851127117046615,0.4661533908786031
中证红利,10.0,2016-08-31,2026-08-31,1.2395309519289013,0.08396611656549768,0.495195163768412
中证红利,10.0,2016-09-30,2026-09-30,1.1894530031809394,0.08151752890845088,0.5062811485451857
红利低波,10.0,2012-12-31,2022-12-30,2.2202104661414404,0.12405723608361297,1.315784063649572
红利低波,10.0,2013-01-31,2023-01-31,2.1260260515552534,0.12072551471113147,1.205914780036404
红利低波,10.0,2013-02-28,2023-02-28,2.2014860417421582,0.12340191864452255,1.3117750764906644
红利低波,10.0,2013-03-29,2023-03-31,2.253747057052508,0.1252224250669809,1.2383447303882615
红利低波,10.0,2013-04-26,2023-04-28,2.549963630009895,0.13506933348290073,1.5057883339446017
红利低波,10.0,2013-05-31,2023-05-31,2.1680268969377705,0.12222227822124698,1.3596425734384219
红利低波,10.0,2013-06-28,2023-06-30,2.7025035319537936,0.13985484130421955,1.5386770170353068
红利低波,10.0,2013-07-31,2023-07-31,2.901481778133761,0.14583730718657906,1.633963593979166
红利低波,10.0,2013-08-30,2023-08-31,2.4797670516010895,0.13280463460892533,1.4628511446250636
红利低波,10.0,2013-09-30,2023-09-28,2.399471295508568,0.13016313755418607,1.5021529102570785
红利低波,10.0,2013-10-31,2023-10-31,2.2317365698226017,0.12445892347400789,1.3659213808344115
红利低波,10.0,2013-11-29,2023-11-30,2.1193310496012105,0.12048525757375539,1.341792343736508
红利低波,10.0,2013-12-31,2023-12-29,2.1546929000767814,0.12174904594989067,1.3267967016663629
红利低波,10.0,2014-01-30,2024-01-31,2.392122019843033,0.12991857093852577,1.579967211772785
红利低波,10.0,2014-02-28,2024-02-29,2.531993579477206,0.1344934440324459,1.5291020921632996
红利低波,10.0,2014-03-31,2024-03-29,2.5393970279326035,0.13473102237283752,1.4938060413612817
红利低波,10.0,2014-04-30,2024-04-30,2.648968385136216,0.13819588217828493,1.5756939830543457
红利低波,10.0,2014-05-30,2024-05-31,2.8086789260430116,0.14308213233709188,1.748693438993346
红利低波,10.0,2014-06-30,2024-06-28,2.659570697988579,0.1385261607177526,1.6775374990840857
红利低波,10.0,2014-07-31,2024-07-31,2.262836327750849,0.12553635903806937,1.4489816709706707
红利低波,10.0,2014-08-29,2024-08-30,2.157018385940781,0.12183170840586,1.3953013925374547
红利低波,10.0,2014-09-30,2024-09-30,2.3392697716500988,0.128145591453261,1.304648430387655
红利低波,10.0,2014-10-31,2024-10-31,2.0714962073003105,0.11875502328246679,1.1433682746740972
红利低波,10.0,2014-11-28,2024-11-29,1.8946598764262257,0.11214075021939363,1.1600125709555336
红利低波,10.0,2014-12-31,2024-12-31,1.495646557723894,0.09576722903309931,1.1088562843768301
红利低波,10.0,2015-01-30,2025-01-27,1.5062449340294886,0.09623168660534409,1.1193310073226233
红利低波,10.0,2015-02-27,2025-02-28,1.436957884865862,0.09316269433683444,1.0783013280465754
红利低波,10.0,2015-03-31,2025-03-31,1.2135411332207027,0.08270155286980252,1.0161229371399179
红利低波,10.0,2015-04-30,2025-04-30,0.8700789392506589,0.06459885299135393,0.8787735748796685
红利低波,10.0,2015-05-29,2025-05-30,0.8094416472721,0.0610954645014854,0.8188067558905407
红利低波,10.0,2015-06-30,2025-06-30,0.9115156691170143,0.066934568040671,0.8082136540371885
红利低波,10.0,2015-07-31,2025-07-31,1.2244863623674846,0.0832357254822107,0.8860155021982785
红利低波,10.0,2015-08-31,2025-08-29,1.5235672142191716,0.0969870169532856,0.8475009918489071
红利低波,10.0,2015-09-30,2025-09-30,1.5295713546499377,0.09724773609949233,0.7101499111967617
红利低波,10.0,2015-10-30,2025-10-31,1.4201342811766455,0.09240567181501436,0.7683498419226125
红利低波,10.0,2015-11-30,2025-11-28,1.3889326642613251,0.09098904790906115,0.7910892932813205
红利低波,10.0,2015-12-31,2025-12-31,1.2702365326455736,0.0854432213796199,0.7053737494325092
红利低波,10.0,2016-01-29,2026-01-30,1.773344009180288,0.10738943119696187,0.7565155997364061
红利低波,10.0,2016-02-29,2026-02-27,1.8238035377035309,0.10938795886174923,0.7559815951880129
红利低波,10.0,2016-03-31,2026-03-31,1.6250407832994962,0.10132020138958242,0.8783738332328086
红利低波,10.0,2016-04-29,2026-04-30,1.613074802273689,0.10081714301624456,0.6885959880491475
红利低波,10.0,2016-05-31,2026-05-29,1.5325764820414736,0.09737801934983659,0.5828024585829563
红利低波,10.0,2016-06-30,2026-06-30,1.310918383816646,0.08737278891438338,0.3189766396340352
红利低波,10.0,2016-07-29,2026-07-31,1.457124891609154,0.09406398809170491,0.6599449930113521
红利低波,10.0,2016-08-31,2026-08-31,1.3392019771335644,0.08869636339324782,0.5948661889730751
红利低波,10.0,2016-09-30,2026-09-30,1.3688199628011355,0.09006703300076913,0.6856481081653818
红利质量,10.0,2012-12-31,2022-12-30,4.509675995477567,0.18607624003444956,3.6052495929856985
红利质量,10.0,2013-01-31,2023-01-31,4.716977988874819,0.19046505608880104,3.79686671735597
红利质量,10.0,2013-02-28,2023-02-28,4.650727576078918,0.18907825474434903,3.761016610827424
红利质量,10.0,2013-03-29,2023-03-31,4.8161205826149525,0.19251359876613194,3.800718255950706
红利质量,10.0,2013-04-26,2023-04-28,4.878129714193823,0.19377894966811327,3.8339544181285294
红利质量,10.0,2013-05-31,2023-05-31,4.281025426700338,0.18105963212189735,3.4726411032009894
红利质量,10.0,2013-06-28,2023-06-30,4.801745814791822,0.1922185360850468,3.637919299873335
红利质量,10.0,2013-07-31,2023-07-31,4.710534803315618,0.19033081943124674,3.4430166191610225
红利质量,10.0,2013-08-30,2023-08-31,4.151668652806599,0.17813427846682783,3.134752745830573
红利质量,10.0,2013-09-30,2023-09-28,3.8492436477838092,0.1710283265658208,2.9519252625323196
红利质量,10.0,2013-10-31,2023-10-31,3.766557593808992,0.16901607865568735,2.900742404820802
红利质量,10.0,2013-11-29,2023-11-30,3.6859423558041335,0.1670237493452762,2.908403649939431
红利质量,10.0,2013-12-31,2023-12-29,3.569617723251005,0.1640938290649281,2.741721524840586
红利质量,10.0,2014-01-30,2024-01-31,3.05915509849189,0.15038593855011761,2.2470002904216417
红利质量,10.0,2014-02-28,2024-02-29,3.7055913376271823,0.16751218203199159,2.7026998503132758
红利质量,10.0,2014-03-31,2024-03-29,3.9836121640169795,0.1742333848322275,2.9380211774456577
红利质量,10.0,2014-04-30,2024-04-30,4.137469244568106,0.17780914895771582,3.0641948424862355
红利质量,10.0,2014-05-30,2024-05-31,3.930692859169498,0.17298050734787718,2.870707372119832
红利质量,10.0,2014-06-30,2024-06-28,3.4551097458822646,0.16114335377865285,2.4730765469777714
红利质量,10.0,2014-07-31,2024-07-31,3.060420502452482,0.15042179573509817,2.246565845672303
红利质量,10.0,2014-08-29,2024-08-30,2.876314082704846,0.14509599548507146,2.11459708930152
红利质量,10.0,2014-09-30,2024-09-30,3.590175101252002,0.16461646378204997,2.555553759989558
红利质量,10.0,2014-10-31,2024-10-31,3.2775802522282778,0.15643124363103245,2.3494523196020642
红利质量,10.0,2014-11-28,2024-11-29,3.2157405793270986,0.15474844959239875,2.4810932738564064
红利质量,10.0,2014-12-31,2024-12-31,2.9366238317757007,0.14686524447830296,2.549833558428637
红利质量,10.0,2015-01-30,2025-01-27,2.6434567694301134,0.13802384543467383,2.256542842723248
红利质量,10.0,2015-02-27,2025-02-28,2.369962891928276,0.12917826977525726,2.0113063351089893
红利质量,10.0,2015-03-31,2025-03-31,1.9260751430691045,0.11334188379082266,1.7286569469883197
红利质量,10.0,2015-04-30,2025-04-30,1.4828927021356102,0.09520595162617651,1.4915873377646198
红利质量,10.0,2015-05-29,2025-05-30,1.2802853194412385,0.08592271865946977,1.2896504280596792
红利质量,10.0,2015-06-30,2025-06-30,1.5155731567245003,0.09663902134402291,1.4122711416446745
红利质量,10.0,2015-07-31,2025-07-31,1.9654036984726235,0.11482932091352827,1.6269328383034174
红利质量,10.0,2015-08-31,2025-08-29,2.7834584612998725,0.14232293654120332,2.107392238929608
红利质量,10.0,2015-09-30,2025-09-30,2.9467217114497553,0.14715908919316645,2.1273002679965796
红利质量,10.0,2015-10-30,2025-10-31,2.3793694502503064,0.12949306146351947,1.7275850109962734
红利质量,10.0,2015-11-30,2025-11-28,2.083801874994182,0.11920243617399695,1.4859585040141772
红利质量,10.0,2015-12-31,2025-12-31,1.8657320908158916,0.11102430228316718,1.3008693076028273
红利质量,10.0,2016-01-29,2026-01-30,2.9688879790310256,0.14780175412706908,1.9520595695871439
红利质量,10.0,2016-02-29,2026-02-27,3.0609045852973065,0.1504355103141788,1.9930826427817885
红利质量,10.0,2016-03-31,2026-03-31,2.2608153187046445,0.12546662359262317,1.5141483686379569
红利质量,10.0,2016-04-29,2026-04-30,2.5134439148395296,0.13389620697536841,1.588965100614988
红利质量,10.0,2016-05-31,2026-05-29,2.229214952934657,0.12437115485093897,1.27944092947614
红利质量,10.0,2016-06-30,2026-06-30,2.139701166980913,0.12121482489087243,1.1477594227983023
红利质量,10.0,2016-07-29,2026-07-31,2.123624144982559,0.12063937310081818,1.326444246384757
红利质量,10.0,2016-08-31,2026-08-31,2.11078995554717,0.12017807689240145,1.3664541673866806
红利质量,10.0,2016-09-30,2026-09-30,1.9655744727027664,0.11483574092256443,1.2824026180670127
